txn_id	timestamp	user_id	amount	merchant_category	channel	is_fraud
1	1/1/2023 9:05	183	18.91	Restaurants	UPI	0
2	1/1/2023 9:15	220	33.49	Utility Bills	Credit Card	0
3	1/1/2023 9:15	460	18.82	Medical	UPI	0
4	1/1/2023 9:27	256	38.09	Electronics	UPI	0
5	1/1/2023 9:28	102	45.11	Fashion	NetBanking	0
6	1/1/2023 9:29	177	17.93	Travel	Credit Card	0
7	1/1/2023 9:39	453	44.52	Fashion	UPI	0
8	1/1/2023 9:42	405	226.97	Utility Bills	NetBanking	0
9	1/1/2023 9:43	139	52.26	Fashion	UPI	0
10	1/1/2023 9:44	81	141.76	Grocery	Credit Card	0
11	1/1/2023 9:45	323	57.15	Fashion	Debit Card	0
12	1/1/2023 9:46	282	347.53	Fashion	Debit Card	0
13	1/1/2023 9:54	131	139.21	Medical	Debit Card	0
14	1/1/2023 9:55	494	36.26	Travel	Debit Card	0
15	1/1/2023 9:58	479	101.24	Restaurants	Credit Card	0
16	1/1/2023 9:59	459	36.63	Grocery	UPI	0
17	1/1/2023 10:17	349	17.54	Fuel	Credit Card	0
18	1/1/2023 10:19	9	11.63	Fuel	UPI	0
19	1/1/2023 10:21	452	38.77	Travel	UPI	0
20	1/1/2023 10:22	153	21.13	Travel	UPI	0
21	1/1/2023 10:23	145	12.67	Medical	UPI	0
22	1/1/2023 10:23	349	39.68	Fuel	UPI	0
23	1/1/2023 10:25	122	19.07	Restaurants	Debit Card	0
24	1/1/2023 10:25	224	22.67	Restaurants	UPI	0
25	1/1/2023 10:26	72	20.07	Utility Bills	Credit Card	0
26	1/1/2023 10:29	298	13.92	Medical	UPI	0
27	1/1/2023 10:29	285	87.61	Restaurants	UPI	0
28	1/1/2023 10:32	320	81.37	Travel	Debit Card	0
29	1/1/2023 10:36	147	34.16	Utility Bills	UPI	0
30	1/1/2023 10:44	1	11.76	Fuel	NetBanking	0
31	1/1/2023 10:46	340	12.28	Fuel	UPI	0
32	1/1/2023 10:48	313	299.54	Grocery	UPI	0
33	1/1/2023 10:51	489	60.64	Utility Bills	NetBanking	0
34	1/1/2023 10:54	223	79.47	Grocery	UPI	0
35	1/1/2023 10:59	150	11.82	Electronics	UPI	1
36	1/1/2023 10:59	95	38.84	Fashion	Debit Card	0
37	1/1/2023 11:01	153	26.14	Medical	NetBanking	0
38	1/1/2023 11:02	78	61.82	Restaurants	UPI	0
39	1/1/2023 11:05	22	37.37	Restaurants	NetBanking	0
40	1/1/2023 11:06	339	37.53	Restaurants	Credit Card	0
41	1/1/2023 11:09	119	20.62	Fuel	Credit Card	0
42	1/1/2023 11:10	454	57.08	Utility Bills	UPI	0
43	1/1/2023 11:12	249	50.93	Restaurants	NetBanking	0
44	1/1/2023 11:14	457	72.87	Grocery	UPI	0
45	1/1/2023 11:15	292	68.32	Grocery	UPI	0
46	1/1/2023 11:17	483	39.03	Utility Bills	Debit Card	0
47	1/1/2023 11:17	243	20.23	Medical	Debit Card	0
48	1/1/2023 11:19	369	41.85	Fashion	Credit Card	0
49	1/1/2023 11:19	471	24.62	Fashion	Credit Card	0
50	1/1/2023 11:20	84	19.19	Fuel	Debit Card	0
51	1/1/2023 11:29	7	11.27	Travel	UPI	0
52	1/1/2023 11:30	482	35.6	Utility Bills	Credit Card	0
53	1/1/2023 11:36	339	66.24	Electronics	NetBanking	0
54	1/1/2023 11:40	424	109.36	Electronics	UPI	0
55	1/1/2023 11:44	59	50.38	Grocery	Debit Card	0
56	1/1/2023 11:44	445	26.68	Electronics	Debit Card	0
57	1/1/2023 11:47	486	24.01	Electronics	UPI	0
58	1/1/2023 11:58	486	21.19	Fuel	UPI	0
59	1/1/2023 11:59	477	44.43	Grocery	Debit Card	0
60	1/1/2023 12:01	81	96.05	Electronics	UPI	0
61	1/1/2023 12:03	424	31.18	Grocery	NetBanking	0
62	1/1/2023 12:06	101	25.93	Utility Bills	UPI	0
63	1/1/2023 12:08	54	105.78	Fuel	Debit Card	0
64	1/1/2023 12:19	231	29.27	Grocery	NetBanking	0
65	1/1/2023 12:23	443	48.52	Fashion	Credit Card	0
66	1/1/2023 12:25	68	35.94	Fashion	Debit Card	0
67	1/1/2023 12:32	365	73.99	Fashion	Credit Card	0
68	1/1/2023 12:34	256	33.16	Utility Bills	UPI	0
69	1/1/2023 12:38	10	34.69	Fuel	UPI	0
70	1/1/2023 12:42	150	62.25	Medical	UPI	0
71	1/1/2023 12:47	51	14.5	Fuel	UPI	0
72	1/1/2023 12:53	337	53.82	Grocery	Credit Card	0
73	1/1/2023 12:57	341	35.16	Travel	Debit Card	0
74	1/1/2023 12:58	182	20.67	Electronics	Credit Card	0
75	1/1/2023 13:08	146	55.18	Restaurants	Debit Card	0
76	1/1/2023 13:20	477	66.9	Fashion	Debit Card	0
77	1/1/2023 13:20	499	59.7	Fuel	NetBanking	0
78	1/1/2023 13:34	179	31.31	Fuel	NetBanking	0
79	1/1/2023 13:35	145	47.82	Utility Bills	UPI	0
80	1/1/2023 13:42	213	10.58	Utility Bills	Credit Card	0
81	1/1/2023 13:44	314	36.39	Fashion	Debit Card	0
82	1/1/2023 13:50	358	17.63	Grocery	Debit Card	0
83	1/1/2023 13:52	108	62.06	Fashion	Debit Card	0
84	1/1/2023 13:53	282	50.2	Fashion	UPI	0
85	1/1/2023 13:54	109	12.62	Restaurants	UPI	0
86	1/1/2023 13:55	205	161.75	Utility Bills	UPI	0
87	1/1/2023 14:00	6	128.14	Grocery	UPI	0
88	1/1/2023 14:01	89	53.47	Fuel	UPI	0
89	1/1/2023 14:09	49	34.26	Grocery	UPI	0
90	1/1/2023 14:09	215	12.2	Grocery	UPI	0
91	1/1/2023 14:17	404	35.62	Travel	Credit Card	0
92	1/1/2023 14:23	439	21.69	Restaurants	Credit Card	0
93	1/1/2023 14:25	95	184.98	Medical	Credit Card	0
94	1/1/2023 14:27	315	10.33	Fuel	Credit Card	0
95	1/1/2023 14:34	482	12.07	Fashion	Credit Card	0
96	2/21/2023 8:46	285	23.85	Utility Bills	UPI	0
97	1/1/2023 14:36	96	34.43	Fashion	Debit Card	0
98	1/1/2023 14:47	9	55.5	Fuel	NetBanking	0
99	1/1/2023 14:52	332	109.53	Travel	UPI	0
100	1/1/2023 14:59	197	22.44	Grocery	UPI	0
101	1/1/2023 15:03	46	21.63	Fashion	UPI	0
102	1/1/2023 15:03	9	60.93	Electronics	Credit Card	0
103	1/1/2023 15:05	177	50.14	Grocery	NetBanking	0
104	1/1/2023 15:06	117	46.75	Utility Bills	Debit Card	0
105	1/1/2023 15:16	492	58.74	Fuel	UPI	0
106	2/10/2023 9:39	261	29.64	Fuel	UPI	0
107	1/1/2023 15:20	438	19.4	Travel	UPI	0
108	1/1/2023 15:25	165	10.83	Utility Bills	UPI	0
109	1/1/2023 15:28	314	109.75	Utility Bills	Credit Card	0
110	1/1/2023 15:29	429	10	Grocery	Credit Card	0
111	1/1/2023 15:31	220	18.03	Electronics	UPI	0
112	1/1/2023 15:33	233	35.74	Utility Bills	UPI	0
113	1/1/2023 15:34	208	81.02	Grocery	Credit Card	0
114	1/1/2023 15:39	460	13.29	Medical	NetBanking	0
115	1/1/2023 15:42	484	26.72	Grocery	NetBanking	0
116	1/1/2023 15:44	41	61.71	Medical	UPI	0
117	1/1/2023 15:45	215	17.79	Utility Bills	UPI	0
118	1/1/2023 15:47	233	44.63	Utility Bills	Credit Card	0
119	1/1/2023 15:52	37	82.95	Fuel	Credit Card	0
120	1/1/2023 15:53	109	48.71	Travel	Credit Card	0
121	1/1/2023 15:58	464	42.07	Grocery	UPI	0
122	1/1/2023 16:00	147	18.62	Grocery	Debit Card	0
123	1/1/2023 16:01	50	18	Restaurants	Credit Card	0
124	1/1/2023 16:06	456	37.19	Electronics	Debit Card	0
125	1/1/2023 16:06	258	21.78	Fashion	UPI	0
126	1/1/2023 16:11	306	11.48	Utility Bills	Credit Card	0
127	1/1/2023 16:19	388	45.19	Fuel	Debit Card	0
128	1/1/2023 16:24	108	53.3	Medical	UPI	0
129	1/1/2023 16:25	306	54.03	Medical	UPI	0
130	1/1/2023 16:27	147	24.99	Fashion	UPI	0
131	1/1/2023 16:30	391	72.24	Restaurants	NetBanking	0
132	1/1/2023 16:31	304	13.27	Travel	NetBanking	0
133	1/1/2023 16:42	208	77.53	Travel	NetBanking	0
134	1/1/2023 16:48	150	10.46	Fuel	NetBanking	0
135	1/1/2023 16:49	437	19.54	Grocery	UPI	0
136	1/1/2023 16:50	358	10.87	Fuel	Debit Card	0
137	1/1/2023 16:52	100	101.09	Grocery	UPI	0
138	1/1/2023 16:55	262	10	Utility Bills	UPI	0
139	1/1/2023 16:56	67	24.73	Fashion	Debit Card	0
140	1/1/2023 17:01	71	121.37	Fuel	NetBanking	0
141	1/1/2023 17:04	207	38.52	Electronics	UPI	0
142	1/1/2023 17:05	193	10	Restaurants	Debit Card	0
143	1/1/2023 17:09	387	24	Travel	UPI	0
144	1/1/2023 17:09	412	116.47	Medical	UPI	0
145	1/1/2023 17:12	146	46.55	Fuel	UPI	0
146	1/1/2023 17:15	150	128.74	Fashion	Credit Card	0
147	1/1/2023 17:15	427	78.18	Fuel	UPI	0
148	1/1/2023 17:23	46	64.58	Fashion	UPI	0
149	1/1/2023 17:24	407	60.68	Utility Bills	UPI	0
150	1/1/2023 17:28	7	45.72	Grocery	UPI	0
151	1/1/2023 17:31	432	135.78	Medical	UPI	0
152	1/1/2023 17:32	147	24.11	Grocery	UPI	0
153	1/1/2023 17:32	231	53.54	Travel	Debit Card	0
154	1/1/2023 17:35	208	41.8	Utility Bills	UPI	0
155	1/1/2023 17:37	260	57.29	Grocery	UPI	0
156	1/1/2023 17:44	67	58	Travel	Credit Card	0
157	1/1/2023 17:47	30	37.18	Grocery	UPI	0
158	1/14/2023 12:17	212	44.94	Grocery	UPI	0
159	1/1/2023 17:50	440	87.56	Fashion	UPI	0
160	1/1/2023 17:50	116	70.17	Medical	UPI	0
161	1/1/2023 17:51	147	48.78	Utility Bills	Debit Card	0
162	1/1/2023 17:52	109	38.23	Medical	UPI	0
163	1/1/2023 17:52	223	62.47	Fashion	UPI	0
164	1/1/2023 17:52	165	11.02	Electronics	Debit Card	0
165	1/1/2023 17:58	108	27.94	Travel	UPI	0
166	1/1/2023 17:59	174	16.42	Travel	UPI	0
167	1/1/2023 18:01	362	12.62	Restaurants	UPI	0
168	1/1/2023 18:05	151	10	Grocery	UPI	0
169	1/1/2023 18:12	459	28.97	Grocery	Debit Card	0
170	1/1/2023 18:14	296	106.27	Grocery	UPI	0
171	1/1/2023 18:15	341	34.63	Medical	UPI	0
172	1/1/2023 18:16	147	37.49	Medical	Credit Card	0
173	1/1/2023 18:20	187	11.31	Electronics	Credit Card	0
174	1/1/2023 18:21	437	24.69	Grocery	NetBanking	0
175	1/1/2023 18:23	439	102.56	Medical	Credit Card	0
176	1/1/2023 18:24	7	38.6	Grocery	Credit Card	0
177	1/1/2023 18:26	330	103.78	Restaurants	UPI	0
178	1/1/2023 18:28	484	118.5	Utility Bills	UPI	0
179	1/1/2023 18:32	217	10.57	Fuel	Debit Card	0
180	1/1/2023 18:38	307	22.14	Utility Bills	Credit Card	0
181	1/1/2023 18:39	231	122.7	Fashion	UPI	0
182	1/1/2023 18:41	158	48	Electronics	Debit Card	0
183	1/1/2023 18:45	453	16.64	Fashion	Debit Card	0
184	1/1/2023 18:46	477	40.63	Grocery	Credit Card	0
185	1/1/2023 18:47	108	186.86	Fashion	UPI	0
186	1/1/2023 18:50	250	49.43	Fashion	Credit Card	0
187	1/1/2023 18:53	473	26.96	Electronics	Debit Card	0
188	1/1/2023 18:55	445	28.27	Electronics	Credit Card	0
189	1/1/2023 18:55	277	65.38	Utility Bills	UPI	0
190	1/1/2023 18:55	150	46.73	Grocery	Debit Card	0
191	1/1/2023 18:57	282	15.28	Grocery	Credit Card	0
192	1/1/2023 18:57	340	10.19	Utility Bills	Credit Card	0
193	1/1/2023 18:59	9	23.12	Grocery	Credit Card	0
194	1/1/2023 18:59	121	111.55	Grocery	Credit Card	0
195	1/1/2023 19:06	307	65.13	Fashion	UPI	0
196	1/1/2023 19:09	85	37.91	Electronics	UPI	0
197	1/1/2023 19:10	296	32.15	Fuel	Debit Card	0
198	1/1/2023 19:12	433	67.7	Medical	UPI	0
199	1/1/2023 19:15	492	44.46	Restaurants	UPI	0
200	1/1/2023 19:21	408	11.4	Grocery	NetBanking	0
201	1/1/2023 19:22	15	17.38	Electronics	Credit Card	1
202	1/1/2023 19:24	109	11.98	Medical	NetBanking	0
203	1/1/2023 19:25	456	50.33	Grocery	Credit Card	0
204	1/1/2023 19:30	22	21.55	Fuel	UPI	0
205	1/1/2023 19:31	148	20.5	Utility Bills	Debit Card	0
206	1/1/2023 19:33	485	57.68	Grocery	NetBanking	0
207	1/1/2023 19:35	231	82.7	Grocery	UPI	0
208	1/1/2023 19:36	42	35.7	Travel	Debit Card	0
209	1/1/2023 19:41	111	41.65	Grocery	UPI	0
210	1/1/2023 19:45	302	13.14	Medical	UPI	0
211	1/1/2023 19:50	298	51.38	Grocery	UPI	0
212	1/1/2023 19:50	64	23.27	Utility Bills	Credit Card	0
213	1/1/2023 19:52	461	29.6	Restaurants	UPI	0
214	1/1/2023 19:53	396	25.72	Travel	UPI	0
215	1/1/2023 19:54	147	12.82	Grocery	UPI	0
216	1/1/2023 19:55	111	31.29	Medical	UPI	0
217	1/1/2023 19:56	396	50.47	Utility Bills	UPI	0
218	1/1/2023 19:58	101	48.12	Medical	UPI	0
219	1/1/2023 20:08	126	116.15	Medical	NetBanking	0
220	1/1/2023 20:08	198	68.3	Utility Bills	UPI	0
221	1/1/2023 20:09	11	17.73	Utility Bills	UPI	0
222	1/1/2023 20:12	333	31.3	Restaurants	UPI	0
223	1/1/2023 20:13	165	26.4	Fashion	UPI	0
224	1/1/2023 20:19	32	36.25	Fashion	UPI	0
225	1/1/2023 20:20	213	24.67	Medical	Debit Card	0
226	1/1/2023 20:20	274	53.7	Fashion	UPI	0
227	1/1/2023 20:21	41	10	Fuel	Credit Card	0
228	1/1/2023 20:23	470	27.71	Grocery	Debit Card	0
229	1/1/2023 20:25	124	52.49	Grocery	UPI	0
230	1/1/2023 20:27	96	54.65	Restaurants	Credit Card	0
231	1/1/2023 20:27	266	37.58	Travel	Credit Card	0
232	1/1/2023 20:32	231	61.32	Electronics	Credit Card	0
233	1/1/2023 20:34	7	21.31	Grocery	NetBanking	0
234	1/1/2023 20:34	150	48.57	Electronics	Debit Card	0
235	1/1/2023 20:35	282	16.07	Electronics	UPI	0
236	1/1/2023 20:35	22	51.72	Restaurants	UPI	0
237	1/1/2023 20:36	234	51.77	Fuel	Debit Card	0
238	1/1/2023 20:41	492	50.28	Grocery	UPI	0
239	1/1/2023 20:41	108	20.98	Medical	Debit Card	0
240	1/1/2023 20:42	491	42.23	Travel	Credit Card	0
241	1/1/2023 20:45	157	54.24	Restaurants	NetBanking	0
242	1/1/2023 20:51	262	36.87	Fuel	UPI	0
243	1/1/2023 20:52	166	74.82	Electronics	UPI	0
244	1/1/2023 21:07	256	57.7	Electronics	UPI	0
245	1/1/2023 21:08	85	55.7	Fashion	UPI	0
246	1/1/2023 21:08	40	18.78	Fashion	Debit Card	0
247	1/1/2023 21:11	298	37.4	Electronics	UPI	0
248	1/1/2023 21:14	325	68.44	Utility Bills	Credit Card	0
249	1/1/2023 21:15	248	47.66	Medical	Credit Card	0
250	1/1/2023 21:16	166	91.01	Travel	Credit Card	0
251	1/1/2023 21:18	401	101.54	Restaurants	UPI	0
252	1/1/2023 21:20	382	17.98	Restaurants	NetBanking	0
253	2/8/2023 9:44	95	64.31	Electronics	UPI	0
254	1/1/2023 21:26	219	16.54	Fuel	Debit Card	0
255	1/1/2023 21:33	494	57.85	Fashion	Credit Card	0
256	1/1/2023 21:33	366	43.23	Utility Bills	UPI	0
257	1/1/2023 21:35	231	82.52	Grocery	Credit Card	0
258	1/1/2023 21:41	147	14.28	Fuel	Credit Card	0
259	1/1/2023 21:43	7	109.99	Travel	UPI	1
260	1/1/2023 21:48	322	10	Fuel	UPI	0
261	1/1/2023 21:56	298	48.73	Grocery	Debit Card	0
262	1/1/2023 21:59	446	18.13	Grocery	Credit Card	0
263	1/2/2023 9:01	453	18.15	Medical	Debit Card	0
264	1/2/2023 9:05	413	161.45	Fashion	UPI	0
265	1/2/2023 9:05	147	37.09	Grocery	Credit Card	0
266	1/2/2023 9:21	444	85.26	Utility Bills	Credit Card	0
267	1/2/2023 9:36	253	95.32	Medical	UPI	0
268	1/2/2023 9:40	328	104.34	Utility Bills	UPI	0
269	1/2/2023 9:44	277	103.49	Travel	UPI	0
270	1/2/2023 9:48	150	36.04	Fuel	UPI	0
271	2/27/2023 19:43	267	45.06	Utility Bills	Credit Card	0
272	1/2/2023 9:53	231	28.58	Grocery	Debit Card	0
273	1/2/2023 10:02	202	101.25	Electronics	UPI	0
274	1/2/2023 10:02	81	41.45	Medical	UPI	0
275	1/2/2023 10:09	51	45.01	Restaurants	Debit Card	0
276	1/2/2023 10:21	351	10.29	Restaurants	NetBanking	0
277	1/2/2023 10:40	150	43.93	Grocery	Credit Card	0
278	1/2/2023 10:40	461	49.12	Restaurants	NetBanking	0
279	1/2/2023 10:52	417	542.85	Grocery	UPI	0
280	1/2/2023 10:55	204	93.67	Fuel	UPI	0
281	1/2/2023 11:16	81	47.1	Medical	Credit Card	0
282	1/2/2023 11:26	166	45.26	Medical	UPI	0
283	1/2/2023 11:31	340	47.79	Grocery	Debit Card	0
284	1/2/2023 11:35	147	17.74	Fashion	Credit Card	0
285	1/2/2023 11:45	147	15.06	Electronics	Credit Card	0
286	1/2/2023 11:46	218	45.6	Fashion	UPI	0
287	1/2/2023 11:50	260	38.39	Utility Bills	UPI	0
288	1/2/2023 11:54	3	41.73	Grocery	Debit Card	0
289	1/2/2023 11:55	325	212.57	Utility Bills	UPI	0
290	1/2/2023 12:05	233	103.11	Restaurants	NetBanking	0
291	1/2/2023 12:19	483	68.96	Restaurants	NetBanking	0
292	1/2/2023 12:24	208	54.3	Fashion	Credit Card	0
293	1/2/2023 12:26	477	27.11	Medical	Credit Card	0
294	1/2/2023 12:45	55	14.8	Medical	UPI	0
295	1/2/2023 12:50	7	111.44	Electronics	NetBanking	0
296	1/2/2023 12:51	197	26.29	Fuel	UPI	0
297	1/2/2023 12:52	435	19.16	Grocery	NetBanking	0
298	1/2/2023 12:56	444	34.47	Fuel	Debit Card	0
299	1/2/2023 13:03	238	31.62	Travel	UPI	0
300	1/2/2023 13:04	282	23.35	Restaurants	NetBanking	0
301	1/2/2023 13:06	460	22.83	Grocery	UPI	0
302	1/2/2023 13:11	108	51.98	Medical	UPI	0
303	1/2/2023 13:17	361	99.46	Restaurants	UPI	0
304	1/2/2023 13:19	492	117.28	Fashion	UPI	0
305	1/2/2023 13:27	418	94.77	Electronics	UPI	0
306	1/2/2023 13:29	382	10	Utility Bills	Debit Card	0
307	1/2/2023 13:32	349	10.34	Grocery	Debit Card	0
308	1/2/2023 13:35	72	31.05	Grocery	Debit Card	0
309	1/2/2023 13:43	119	10.41	Utility Bills	Debit Card	0
310	1/2/2023 13:45	240	13	Fashion	UPI	0
311	1/2/2023 13:49	398	32.3	Fashion	Debit Card	0
312	1/2/2023 13:55	403	71.32	Utility Bills	UPI	0
313	1/2/2023 14:01	294	45.72	Utility Bills	Debit Card	0
314	1/2/2023 14:01	294	58.52	Grocery	Debit Card	0
315	1/2/2023 14:07	72	29.7	Fashion	UPI	0
316	1/2/2023 14:14	477	22.64	Fuel	UPI	0
317	1/2/2023 14:14	420	232.38	Fashion	Debit Card	0
318	1/2/2023 14:23	77	31.74	Fashion	Credit Card	0
319	1/2/2023 14:25	362	24.51	Medical	UPI	0
320	1/2/2023 14:26	473	43.47	Restaurants	UPI	0
321	1/2/2023 14:26	441	120.33	Travel	Credit Card	0
322	1/2/2023 14:32	165	16.64	Medical	UPI	0
323	1/2/2023 14:55	288	47.92	Fashion	NetBanking	0
324	1/2/2023 14:56	258	36.4	Fashion	Credit Card	0
325	1/2/2023 15:25	65	39.58	Electronics	UPI	0
326	1/2/2023 15:25	471	16.75	Restaurants	UPI	0
327	1/2/2023 15:28	85	32.86	Grocery	Debit Card	0
328	1/2/2023 15:41	313	48.38	Restaurants	UPI	0
329	1/2/2023 15:44	204	18.17	Medical	Credit Card	0
330	1/2/2023 15:46	412	25.81	Electronics	UPI	1
331	1/2/2023 15:52	98	50.52	Electronics	Debit Card	0
332	1/2/2023 15:56	22	17.47	Restaurants	NetBanking	0
333	1/2/2023 15:59	25	19.43	Electronics	Debit Card	0
334	1/2/2023 16:03	60	150.57	Electronics	UPI	0
335	1/2/2023 16:03	81	56.9	Electronics	UPI	0
336	1/2/2023 16:11	11	12.53	Grocery	Debit Card	0
337	1/2/2023 16:21	292	14.7	Electronics	Credit Card	0
338	1/2/2023 16:26	3	52.11	Medical	UPI	0
339	1/2/2023 16:32	285	10.02	Restaurants	UPI	0
340	1/2/2023 16:35	51	13.06	Travel	UPI	0
341	1/2/2023 16:39	189	41.87	Fuel	UPI	0
342	1/2/2023 16:43	370	50.89	Utility Bills	UPI	0
343	1/2/2023 16:44	314	45.17	Restaurants	UPI	0
344	1/2/2023 16:46	215	112.78	Grocery	Credit Card	0
345	1/2/2023 16:47	258	40.82	Utility Bills	UPI	0
346	1/2/2023 16:52	96	33.59	Grocery	Credit Card	0
347	1/2/2023 16:57	92	128.86	Fashion	Credit Card	0
348	1/2/2023 16:57	341	19.19	Grocery	UPI	0
349	1/2/2023 17:01	479	23.75	Travel	UPI	0
350	1/2/2023 17:02	165	103.21	Fashion	NetBanking	0
351	1/2/2023 17:06	124	27.54	Restaurants	NetBanking	0
352	1/2/2023 17:10	145	43.9	Grocery	Debit Card	0
353	1/2/2023 17:12	262	23.1	Electronics	NetBanking	0
354	1/2/2023 17:12	43	44.4	Fuel	Credit Card	0
355	1/2/2023 17:13	322	52.26	Fashion	UPI	0
356	1/2/2023 17:15	391	12.04	Restaurants	NetBanking	0
357	1/2/2023 17:23	89	37.75	Fashion	NetBanking	0
358	1/2/2023 17:24	178	12.95	Fashion	Debit Card	0
359	1/2/2023 17:28	324	57.98	Fashion	NetBanking	0
360	1/2/2023 17:30	240	35.66	Restaurants	Credit Card	0
361	1/2/2023 17:32	187	15.92	Medical	Credit Card	0
362	1/2/2023 17:36	148	26.38	Utility Bills	UPI	0
363	1/2/2023 17:37	138	36.67	Grocery	UPI	0
364	1/2/2023 17:39	9	40.85	Utility Bills	Credit Card	0
365	1/2/2023 17:44	285	78.56	Medical	UPI	0
366	1/2/2023 17:52	203	197.61	Grocery	UPI	0
367	1/2/2023 17:57	147	36.32	Restaurants	NetBanking	0
368	1/2/2023 18:08	68	51.12	Grocery	UPI	0
369	1/2/2023 18:09	142	23.42	Grocery	Credit Card	0
370	1/2/2023 18:10	91	16.19	Grocery	UPI	0
371	1/2/2023 18:10	78	55.06	Electronics	Credit Card	0
372	2/10/2023 9:20	438	60.2	Fuel	UPI	0
373	1/2/2023 18:15	42	30.26	Utility Bills	NetBanking	0
374	1/2/2023 18:20	231	52.3	Restaurants	Credit Card	0
375	1/2/2023 18:38	13	26.24	Fuel	Credit Card	0
376	1/2/2023 18:41	164	61.79	Fuel	UPI	0
377	1/2/2023 18:44	269	33.17	Fashion	UPI	0
378	1/2/2023 18:46	136	48.09	Fashion	UPI	0
379	1/2/2023 18:57	296	19.38	Fashion	NetBanking	0
380	1/2/2023 19:03	409	90.81	Fashion	UPI	0
381	1/2/2023 19:09	55	19.67	Fuel	Credit Card	0
382	1/2/2023 19:10	187	29.24	Utility Bills	Credit Card	0
383	1/2/2023 19:16	72	39.49	Fuel	UPI	0
384	1/2/2023 19:16	124	23.15	Travel	Credit Card	0
385	1/2/2023 19:21	69	138.77	Utility Bills	Credit Card	0
386	1/2/2023 19:34	484	12.97	Fashion	UPI	0
387	1/2/2023 19:35	315	17.91	Grocery	Credit Card	0
388	1/2/2023 19:35	282	37.72	Electronics	Credit Card	0
389	1/2/2023 19:42	349	20.7	Grocery	Credit Card	0
390	1/2/2023 19:44	228	21.57	Grocery	UPI	0
391	1/2/2023 19:45	231	21.95	Medical	Debit Card	0
392	1/2/2023 20:02	402	40.19	Electronics	UPI	0
393	1/2/2023 20:03	445	73.08	Travel	Credit Card	0
394	1/2/2023 20:04	276	141.6	Electronics	UPI	0
395	1/2/2023 20:05	345	57.37	Electronics	Credit Card	0
396	1/2/2023 20:14	93	21.4	Electronics	UPI	0
397	1/2/2023 20:21	429	56.3	Restaurants	NetBanking	0
398	1/2/2023 20:23	63	10.11	Fuel	UPI	0
399	1/2/2023 20:40	416	37.54	Fashion	NetBanking	0
400	1/2/2023 20:58	366	127.43	Restaurants	UPI	0
401	1/2/2023 21:04	96	17.86	Electronics	Credit Card	0
402	1/2/2023 21:06	292	54.32	Fashion	UPI	0
403	1/2/2023 21:08	247	60.79	Fuel	Credit Card	0
404	1/2/2023 21:08	85	96.26	Fuel	UPI	0
405	1/2/2023 21:17	85	83.67	Utility Bills	Credit Card	0
406	1/2/2023 21:26	418	19.61	Grocery	Credit Card	0
407	1/2/2023 21:29	127	20.38	Medical	Debit Card	0
408	1/2/2023 21:38	459	10.06	Utility Bills	Debit Card	0
409	1/2/2023 21:45	375	94.78	Utility Bills	Debit Card	0
410	1/2/2023 21:50	138	46.49	Fuel	Debit Card	0
411	1/2/2023 21:51	189	62.59	Medical	UPI	0
412	1/2/2023 21:53	354	138.31	Electronics	Debit Card	0
413	1/2/2023 21:54	38	48.19	Utility Bills	UPI	0
414	1/3/2023 9:01	153	21.03	Grocery	UPI	0
415	1/3/2023 9:02	146	34.59	Fashion	Credit Card	0
416	1/3/2023 9:06	403	37.72	Electronics	UPI	0
417	1/3/2023 9:08	344	45.42	Fashion	UPI	0
418	1/3/2023 9:16	189	12.61	Medical	Debit Card	0
419	1/3/2023 9:18	96	36.21	Electronics	Debit Card	0
420	1/3/2023 9:26	302	66.91	Electronics	Credit Card	0
421	1/3/2023 9:33	42	50.96	Restaurants	Credit Card	0
422	1/8/2023 19:14	392	18.48	Grocery	NetBanking	0
423	1/3/2023 9:46	142	45.21	Travel	Credit Card	0
424	1/3/2023 9:46	108	23.46	Utility Bills	Debit Card	0
425	1/3/2023 9:48	295	11.25	Fashion	UPI	0
426	1/3/2023 9:49	302	19.18	Grocery	Credit Card	0
427	1/3/2023 9:51	94	76.13	Travel	UPI	0
428	1/3/2023 9:59	126	39.04	Electronics	Credit Card	0
429	1/3/2023 10:06	352	12.4	Fuel	NetBanking	0
430	1/3/2023 10:07	445	57.48	Grocery	Credit Card	0
431	1/3/2023 10:07	462	55.66	Medical	Debit Card	0
432	1/3/2023 10:07	456	57.21	Travel	UPI	0
433	1/3/2023 10:18	101	97.91	Utility Bills	Credit Card	0
434	1/3/2023 10:33	233	71.51	Medical	Credit Card	0
435	1/3/2023 10:36	233	53.57	Utility Bills	UPI	0
436	1/3/2023 10:53	220	21.52	Fuel	UPI	0
437	1/3/2023 10:58	477	10	Grocery	Credit Card	0
438	1/3/2023 11:04	73	14.95	Utility Bills	UPI	0
439	1/3/2023 11:05	130	27.54	Fuel	Credit Card	0
440	1/3/2023 11:12	183	34.44	Medical	UPI	0
441	1/3/2023 11:12	423	37.71	Electronics	UPI	0
442	1/3/2023 11:14	364	33.29	Fuel	Debit Card	0
443	1/3/2023 11:15	364	15.67	Utility Bills	NetBanking	0
444	1/3/2023 11:16	15	57.89	Electronics	UPI	0
445	1/3/2023 11:29	333	25.29	Fuel	UPI	0
446	1/3/2023 11:35	231	26.27	Utility Bills	Credit Card	0
447	1/3/2023 11:38	52	39.72	Restaurants	Credit Card	1
448	1/3/2023 11:43	262	44.88	Fuel	UPI	0
449	1/3/2023 11:45	178	145.65	Grocery	Debit Card	0
450	1/3/2023 11:54	435	33.57	Utility Bills	Credit Card	0
451	1/3/2023 11:58	70	62.74	Grocery	UPI	0
452	1/3/2023 12:01	440	97.38	Fashion	UPI	0
453	1/3/2023 12:05	42	11.54	Grocery	Credit Card	0
454	1/3/2023 12:05	106	46.42	Utility Bills	Credit Card	0
455	1/3/2023 12:09	276	17.86	Fashion	UPI	0
456	1/3/2023 12:14	7	20.25	Electronics	Credit Card	0
457	1/3/2023 12:21	250	44.62	Utility Bills	Credit Card	0
458	1/3/2023 12:25	276	160.18	Fuel	Debit Card	0
459	1/3/2023 12:26	108	122.66	Grocery	Debit Card	0
460	1/3/2023 12:27	105	55.1	Fashion	UPI	0
461	1/3/2023 12:37	102	10	Restaurants	Credit Card	0
462	1/3/2023 12:41	147	10.66	Fuel	UPI	0
463	1/3/2023 12:46	204	32.96	Utility Bills	UPI	0
464	1/3/2023 12:46	101	15.55	Restaurants	Credit Card	0
465	1/3/2023 12:46	409	29.73	Medical	NetBanking	0
466	1/3/2023 12:47	78	11.11	Fuel	UPI	0
467	1/3/2023 12:48	148	35.52	Grocery	NetBanking	0
468	1/3/2023 12:54	152	17.69	Utility Bills	Credit Card	0
469	1/3/2023 12:56	37	44.73	Utility Bills	UPI	0
470	1/3/2023 13:13	445	27.32	Restaurants	UPI	0
471	1/3/2023 13:19	138	97.87	Utility Bills	NetBanking	0
472	1/3/2023 13:23	86	23.28	Grocery	Credit Card	0
473	1/3/2023 13:27	255	28.97	Electronics	Debit Card	0
474	1/3/2023 13:28	154	17.11	Restaurants	UPI	0
475	1/3/2023 13:32	147	22.59	Travel	UPI	0
476	1/3/2023 13:37	256	32.19	Utility Bills	UPI	0
477	1/3/2023 13:51	41	15.17	Restaurants	Debit Card	0
478	1/3/2023 13:58	157	28.89	Restaurants	Credit Card	0
479	1/3/2023 14:24	150	66.11	Medical	UPI	0
480	1/3/2023 14:25	478	32.42	Grocery	UPI	0
481	1/3/2023 14:25	302	10.32	Restaurants	NetBanking	0
482	1/3/2023 14:45	489	107.93	Restaurants	UPI	0
483	1/3/2023 14:46	108	48.14	Fuel	UPI	0
484	1/3/2023 14:49	360	17.36	Utility Bills	NetBanking	0
485	1/3/2023 14:49	30	85	Travel	Debit Card	0
486	1/3/2023 14:49	9	73.36	Travel	UPI	0
487	1/3/2023 14:51	340	32	Grocery	Debit Card	0
488	1/3/2023 14:56	105	20.99	Fashion	UPI	0
489	1/3/2023 14:59	333	19.15	Electronics	UPI	0
490	1/3/2023 15:03	162	37.72	Medical	NetBanking	0
491	1/3/2023 15:06	395	74.75	Fashion	UPI	0
492	1/3/2023 15:17	282	29.8	Restaurants	Credit Card	0
493	1/3/2023 15:17	208	16.29	Fuel	UPI	0
494	1/3/2023 15:22	150	22.15	Travel	NetBanking	0
495	1/3/2023 15:28	180	93.49	Travel	Credit Card	0
496	1/3/2023 15:28	181	133.21	Electronics	UPI	0
497	1/3/2023 15:30	7	45.88	Grocery	Debit Card	0
498	1/3/2023 15:30	445	80.71	Restaurants	Credit Card	0
499	1/3/2023 15:36	147	68.5	Utility Bills	Debit Card	0
500	1/3/2023 15:47	482	12.52	Fashion	UPI	0
501	1/3/2023 15:51	200	19.44	Utility Bills	Debit Card	0
502	1/3/2023 15:56	412	12.84	Medical	Credit Card	0
503	1/3/2023 15:59	262	57.59	Grocery	UPI	0
504	1/3/2023 16:00	330	23.79	Restaurants	NetBanking	0
505	1/3/2023 16:03	77	15.12	Restaurants	UPI	0
506	1/3/2023 16:06	353	47.73	Restaurants	Debit Card	0
507	1/3/2023 16:08	282	10	Utility Bills	NetBanking	0
508	1/3/2023 16:13	49	26.26	Grocery	Credit Card	0
509	1/3/2023 16:18	153	313.79	Travel	UPI	0
510	1/3/2023 16:19	489	51.2	Fashion	NetBanking	0
511	1/3/2023 16:20	42	48.44	Medical	UPI	0
512	1/3/2023 16:23	243	39.41	Utility Bills	UPI	0
513	1/3/2023 16:26	147	54.11	Grocery	Credit Card	0
514	1/3/2023 16:28	182	198.28	Utility Bills	UPI	0
515	1/3/2023 16:36	282	32.72	Grocery	Debit Card	0
516	1/3/2023 16:38	190	71.64	Restaurants	Debit Card	0
517	1/3/2023 16:39	404	19.65	Electronics	Debit Card	0
518	1/3/2023 16:41	231	25.7	Fuel	UPI	0
519	1/3/2023 16:45	339	61.24	Fashion	Credit Card	0
520	1/3/2023 16:47	334	42.53	Grocery	UPI	0
521	1/3/2023 16:50	319	36.5	Grocery	Debit Card	0
522	1/3/2023 16:53	307	102.01	Fuel	UPI	0
523	2/28/2023 18:14	83	20.63	Fuel	UPI	0
524	1/3/2023 16:56	147	12.43	Fashion	Credit Card	0
525	2/10/2023 10:28	314	44.1	Utility Bills	UPI	0
526	1/3/2023 17:06	308	15.23	Utility Bills	Credit Card	0
527	1/3/2023 17:07	100	23.82	Utility Bills	Credit Card	0
528	1/3/2023 17:08	418	14.18	Travel	Credit Card	0
529	1/3/2023 17:09	181	13.23	Medical	UPI	0
530	1/3/2023 17:11	366	10.94	Grocery	Credit Card	0
531	1/3/2023 17:13	366	29.16	Grocery	Debit Card	0
532	1/3/2023 17:14	229	23.06	Travel	UPI	0
533	1/3/2023 17:17	147	21.23	Fuel	Credit Card	0
534	1/3/2023 17:18	366	13.23	Electronics	UPI	0
535	1/3/2023 17:25	85	32.59	Grocery	Credit Card	0
536	1/3/2023 17:28	498	195.8	Grocery	Credit Card	0
537	1/3/2023 17:32	162	52.91	Grocery	Debit Card	0
538	1/3/2023 17:34	124	38.51	Utility Bills	NetBanking	0
539	1/3/2023 17:40	403	69.57	Grocery	UPI	0
540	1/3/2023 17:44	397	80.25	Travel	Credit Card	0
541	1/3/2023 17:49	9	124.14	Fashion	UPI	0
542	1/3/2023 17:51	474	53.92	Travel	Credit Card	0
543	1/3/2023 17:55	233	61.99	Utility Bills	UPI	0
544	1/3/2023 17:56	243	30.21	Electronics	Credit Card	0
545	1/3/2023 18:04	250	77.04	Electronics	UPI	0
546	1/3/2023 18:12	176	37.99	Travel	UPI	0
547	1/3/2023 18:15	427	10.79	Utility Bills	UPI	0
548	1/3/2023 18:16	429	54.19	Restaurants	Debit Card	0
549	1/3/2023 18:22	15	25.48	Grocery	Credit Card	0
550	1/3/2023 18:27	109	78.93	Utility Bills	UPI	0
551	1/3/2023 18:30	158	21.38	Fashion	UPI	0
552	1/19/2023 14:04	419	80.17	Fashion	UPI	0
553	1/3/2023 18:34	440	35.14	Fuel	Credit Card	0
554	1/3/2023 18:37	15	38.56	Medical	Credit Card	0
555	1/3/2023 18:43	276	100.63	Travel	Credit Card	0
556	1/3/2023 18:46	54	76.31	Fuel	UPI	0
557	1/3/2023 18:55	84	60.37	Travel	UPI	0
558	1/3/2023 18:59	369	17.65	Utility Bills	Credit Card	0
559	1/3/2023 19:00	186	20.23	Restaurants	UPI	0
560	1/3/2023 19:02	215	20.23	Fashion	NetBanking	0
561	1/3/2023 19:04	130	21.2	Restaurants	UPI	0
562	1/3/2023 19:09	302	71.49	Medical	Credit Card	0
563	1/3/2023 19:16	165	10.63	Grocery	NetBanking	0
564	1/3/2023 19:17	145	76.37	Electronics	Credit Card	0
565	1/3/2023 19:22	308	21.6	Electronics	UPI	0
566	1/3/2023 19:24	347	149.48	Fashion	NetBanking	0
567	1/3/2023 19:25	385	72.32	Grocery	Credit Card	0
568	1/3/2023 19:41	347	24.15	Grocery	NetBanking	0
569	1/3/2023 19:42	287	44.43	Electronics	Credit Card	0
570	1/3/2023 19:48	147	161	Utility Bills	NetBanking	0
571	1/3/2023 19:50	212	25.57	Utility Bills	Credit Card	0
572	1/3/2023 19:53	302	106.69	Fashion	Debit Card	0
573	1/3/2023 19:54	403	68.25	Utility Bills	Debit Card	0
574	1/3/2023 19:58	233	26.59	Medical	Debit Card	0
575	1/3/2023 19:59	305	11.38	Restaurants	Credit Card	0
576	1/3/2023 20:15	166	19.79	Utility Bills	Debit Card	0
577	1/3/2023 20:15	25	90.3	Utility Bills	Credit Card	0
578	1/3/2023 20:16	147	98.39	Travel	UPI	0
579	1/3/2023 20:17	433	78.1	Medical	NetBanking	0
580	1/3/2023 20:23	48	115.78	Electronics	UPI	0
581	1/3/2023 20:23	339	96.97	Grocery	Debit Card	0
582	1/3/2023 20:24	84	77.95	Grocery	UPI	0
583	1/3/2023 20:28	119	10	Grocery	NetBanking	0
584	1/3/2023 20:36	379	32.92	Fashion	Debit Card	0
585	1/3/2023 20:42	337	12.33	Restaurants	Credit Card	0
586	1/3/2023 20:52	461	44.56	Travel	Credit Card	0
587	1/3/2023 20:52	285	296.76	Fuel	UPI	0
588	1/3/2023 20:52	493	63.72	Restaurants	UPI	0
589	1/3/2023 20:53	208	73.47	Fashion	Credit Card	0
590	1/3/2023 20:54	262	118.46	Travel	Credit Card	0
591	1/3/2023 20:57	10	13.81	Fuel	UPI	0
592	1/3/2023 20:57	313	37.14	Grocery	Credit Card	0
593	1/3/2023 21:08	467	25.27	Restaurants	Debit Card	0
594	1/3/2023 21:16	332	34.29	Fashion	UPI	0
595	1/3/2023 21:16	327	117	Electronics	Credit Card	0
596	1/3/2023 21:20	119	44.96	Travel	Debit Card	0
597	1/3/2023 21:26	48	40.23	Travel	Debit Card	0
598	1/3/2023 21:33	60	36.06	Restaurants	UPI	0
599	1/3/2023 21:37	231	14.04	Utility Bills	Debit Card	0
600	1/3/2023 21:38	77	21.04	Restaurants	Debit Card	0
601	1/3/2023 21:38	241	20.69	Restaurants	UPI	0
602	1/3/2023 21:47	322	151.99	Travel	UPI	0
603	1/3/2023 21:52	192	27.27	Restaurants	NetBanking	0
604	1/3/2023 21:57	137	46.9	Grocery	NetBanking	0
605	1/3/2023 21:58	7	13.33	Travel	Credit Card	0
606	1/4/2023 9:14	217	315.77	Grocery	UPI	0
607	1/4/2023 9:14	135	39.1	Grocery	UPI	0
608	1/4/2023 9:36	93	59.06	Restaurants	Credit Card	0
609	1/4/2023 9:37	305	31.08	Fashion	NetBanking	0
610	1/4/2023 9:38	359	97.78	Grocery	UPI	0
611	1/4/2023 9:55	45	76.94	Grocery	Credit Card	0
612	1/4/2023 9:56	231	41.96	Medical	UPI	0
613	1/4/2023 9:57	428	82.08	Utility Bills	UPI	0
614	1/4/2023 10:12	127	47.42	Travel	Credit Card	0
615	1/4/2023 10:13	247	28.16	Fashion	Credit Card	0
616	1/4/2023 10:32	407	30.99	Fashion	Debit Card	0
617	1/4/2023 10:49	396	171.89	Medical	Credit Card	0
618	1/4/2023 10:53	200	52.4	Fuel	Credit Card	0
619	1/4/2023 10:57	130	39.39	Utility Bills	UPI	0
620	1/4/2023 11:04	96	79.07	Utility Bills	UPI	0
621	2/5/2023 20:57	381	42.83	Restaurants	Credit Card	0
622	1/4/2023 11:08	326	21.66	Travel	Debit Card	0
623	1/4/2023 11:22	23	93.13	Grocery	Debit Card	0
624	1/4/2023 11:29	313	84.32	Medical	UPI	0
625	1/4/2023 11:37	437	109.39	Utility Bills	UPI	0
626	1/4/2023 11:41	178	31.13	Utility Bills	Debit Card	0
627	1/4/2023 11:45	124	36.04	Fashion	UPI	0
628	1/4/2023 11:54	320	13.39	Medical	UPI	0
629	1/4/2023 11:59	322	35.94	Restaurants	Debit Card	0
630	1/4/2023 12:00	341	25.33	Travel	Debit Card	0
631	1/4/2023 12:02	194	45.44	Electronics	Credit Card	0
632	1/4/2023 12:09	432	34.66	Fuel	Credit Card	0
633	1/4/2023 12:14	387	168.74	Fuel	Credit Card	0
634	1/4/2023 12:15	37	27.97	Restaurants	UPI	0
635	1/4/2023 12:32	261	32.73	Grocery	UPI	0
636	1/4/2023 12:34	17	192.46	Fuel	Credit Card	0
637	1/4/2023 12:38	454	11.73	Utility Bills	NetBanking	0
638	1/4/2023 12:41	230	21.85	Grocery	NetBanking	0
639	1/4/2023 12:43	482	65.5	Fashion	UPI	0
640	1/4/2023 12:52	190	21.18	Fuel	Debit Card	0
641	1/4/2023 12:52	333	59.24	Restaurants	UPI	0
642	1/4/2023 12:55	36	121.05	Grocery	UPI	0
643	1/4/2023 12:59	7	52.94	Electronics	Credit Card	0
644	1/4/2023 13:09	262	109.35	Electronics	UPI	0
645	1/4/2023 13:12	116	94.59	Fashion	Debit Card	0
646	1/4/2023 13:20	270	51.17	Travel	Debit Card	0
647	1/4/2023 13:21	216	16.84	Utility Bills	Credit Card	0
648	1/4/2023 13:25	136	93.87	Medical	Debit Card	0
649	1/4/2023 13:28	208	29.06	Fashion	UPI	0
650	1/4/2023 13:29	30	15.14	Fashion	UPI	0
651	1/4/2023 13:30	188	29.66	Electronics	Debit Card	0
652	1/4/2023 13:42	240	27.36	Restaurants	Credit Card	0
653	1/4/2023 13:53	119	29.76	Restaurants	Credit Card	0
654	1/4/2023 13:54	369	18.69	Grocery	UPI	0
655	1/4/2023 14:04	441	18.81	Grocery	UPI	0
656	1/4/2023 14:09	464	60.4	Medical	Debit Card	0
657	1/4/2023 14:13	46	51.33	Grocery	NetBanking	0
658	1/4/2023 14:17	145	36.71	Fuel	Credit Card	0
659	1/4/2023 14:20	247	52.56	Electronics	UPI	0
660	1/4/2023 14:21	293	45.38	Fuel	Credit Card	0
661	1/4/2023 14:28	35	103.47	Grocery	UPI	0
662	1/4/2023 14:31	269	52.36	Fashion	UPI	0
663	1/4/2023 14:31	104	69.15	Travel	UPI	0
664	1/4/2023 14:31	326	10	Fuel	NetBanking	0
665	1/4/2023 14:33	108	152.31	Fashion	UPI	0
666	1/4/2023 14:35	3	33.93	Fuel	UPI	0
667	1/4/2023 14:36	79	94.5	Grocery	Debit Card	0
668	1/4/2023 14:48	145	104.62	Fashion	Credit Card	0
669	1/4/2023 14:49	218	35.32	Grocery	Credit Card	0
670	1/4/2023 15:04	233	24.4	Restaurants	Debit Card	0
671	1/4/2023 15:07	443	107.72	Fashion	Debit Card	0
672	1/4/2023 15:13	231	19.37	Fuel	UPI	0
673	1/4/2023 15:16	180	137.67	Travel	UPI	0
674	1/4/2023 15:19	273	68.49	Electronics	UPI	0
675	1/4/2023 15:21	186	36.93	Fashion	UPI	0
676	1/4/2023 15:21	15	39.54	Fuel	Debit Card	0
677	1/4/2023 15:25	396	95.01	Utility Bills	Credit Card	0
678	1/4/2023 15:31	258	43.44	Utility Bills	Credit Card	0
679	1/4/2023 15:37	109	35.69	Utility Bills	UPI	0
680	1/4/2023 15:51	138	18.65	Grocery	NetBanking	0
681	1/4/2023 16:12	200	20.82	Electronics	Credit Card	0
682	1/4/2023 16:12	347	37.76	Grocery	NetBanking	0
683	1/4/2023 16:18	432	98.38	Restaurants	UPI	0
684	1/4/2023 16:20	224	11.03	Utility Bills	Credit Card	0
685	1/4/2023 16:22	231	37.04	Fuel	Credit Card	0
686	1/4/2023 16:23	339	30.11	Fashion	Debit Card	0
687	1/4/2023 16:23	171	41.23	Utility Bills	UPI	0
688	1/4/2023 16:31	72	28.38	Fuel	UPI	0
689	1/4/2023 16:49	148	28.53	Grocery	NetBanking	0
690	1/4/2023 16:56	95	38.24	Utility Bills	Debit Card	0
691	1/4/2023 17:06	20	75.7	Fuel	Debit Card	0
692	1/4/2023 17:09	217	77.7	Restaurants	Debit Card	0
693	1/4/2023 17:14	269	16.15	Restaurants	NetBanking	0
694	1/4/2023 17:22	85	33.37	Electronics	Debit Card	0
695	1/4/2023 17:28	403	11.25	Fuel	UPI	0
696	1/4/2023 17:29	81	27.16	Travel	Debit Card	0
697	1/4/2023 17:30	378	39.41	Fashion	UPI	0
698	1/4/2023 17:36	295	23.67	Electronics	UPI	0
699	1/4/2023 17:38	307	30.93	Electronics	UPI	0
700	1/4/2023 17:40	119	233.9	Fuel	UPI	0
701	1/4/2023 17:42	4	331.38	Fashion	Credit Card	0
702	1/4/2023 17:43	118	23.97	Restaurants	Credit Card	0
703	1/4/2023 17:48	119	10	Grocery	UPI	0
704	1/4/2023 17:48	288	12.92	Fashion	UPI	0
705	1/4/2023 17:53	150	47.74	Restaurants	UPI	0
706	1/4/2023 17:54	46	22.76	Fashion	Credit Card	0
707	1/4/2023 18:00	493	31.34	Utility Bills	Credit Card	0
708	1/10/2023 14:25	110	52.33	Grocery	Credit Card	0
709	1/4/2023 18:06	262	10.65	Grocery	UPI	0
710	1/4/2023 18:14	224	56.41	Travel	Credit Card	0
711	1/4/2023 18:15	204	28.05	Grocery	UPI	0
712	1/4/2023 18:18	115	34.12	Restaurants	UPI	0
713	1/4/2023 18:18	483	121.47	Fuel	Credit Card	1
714	1/4/2023 18:33	250	39.17	Electronics	UPI	0
715	1/4/2023 18:39	197	193.82	Fashion	Debit Card	0
716	1/4/2023 18:40	346	19.09	Fashion	Debit Card	0
717	2/27/2023 19:44	267	105.27	Electronics	UPI	0
718	1/4/2023 18:45	208	83.83	Utility Bills	Debit Card	0
719	1/4/2023 18:45	83	16.34	Travel	Debit Card	0
720	1/4/2023 18:47	116	31.02	Restaurants	Debit Card	0
721	1/4/2023 18:53	348	52.41	Fashion	Credit Card	0
722	1/4/2023 18:56	482	49.96	Medical	UPI	0
723	1/4/2023 19:01	397	33.41	Fashion	NetBanking	0
724	2/28/2023 18:32	83	69.07	Utility Bills	UPI	0
725	1/4/2023 19:06	78	58.31	Travel	Credit Card	0
726	1/4/2023 19:08	409	25.56	Utility Bills	Credit Card	0
727	1/4/2023 19:20	166	104.56	Electronics	UPI	0
728	1/4/2023 19:24	298	126.46	Grocery	UPI	0
729	1/4/2023 19:29	9	16.78	Electronics	NetBanking	0
730	1/4/2023 19:33	456	20.91	Fuel	Debit Card	0
731	1/4/2023 19:33	147	38.43	Fuel	Debit Card	0
732	1/4/2023 19:34	24	10.47	Restaurants	UPI	0
733	1/4/2023 19:37	366	100.43	Fashion	UPI	0
734	1/4/2023 19:37	171	17.64	Restaurants	Credit Card	0
735	1/4/2023 19:38	322	87.74	Utility Bills	UPI	0
736	1/4/2023 19:41	115	67.24	Medical	UPI	0
737	1/4/2023 19:51	54	17.69	Fuel	Debit Card	0
738	1/4/2023 19:55	142	43.73	Fashion	Debit Card	0
739	1/4/2023 19:55	9	34	Utility Bills	Debit Card	0
740	1/4/2023 19:55	192	88.31	Fashion	Credit Card	0
741	1/4/2023 19:56	26	32.35	Fuel	UPI	0
742	1/4/2023 20:06	165	11.78	Grocery	NetBanking	0
743	1/4/2023 20:08	133	34.24	Grocery	Debit Card	0
744	1/4/2023 20:09	347	24.93	Grocery	UPI	1
745	1/4/2023 20:10	362	78.32	Electronics	Credit Card	0
746	1/4/2023 20:10	147	14.73	Grocery	Credit Card	0
747	1/4/2023 20:15	27	22.56	Restaurants	UPI	0
748	1/4/2023 20:18	247	18.2	Travel	Credit Card	0
749	1/4/2023 20:27	130	52.22	Fashion	UPI	0
750	1/4/2023 20:30	60	42.87	Medical	Credit Card	0
751	1/4/2023 20:32	497	21.38	Grocery	Debit Card	0
752	1/4/2023 20:39	72	115.69	Travel	Debit Card	0
753	1/4/2023 20:48	307	65.53	Medical	Credit Card	0
754	1/4/2023 20:53	282	30.39	Fashion	NetBanking	1
755	1/4/2023 20:59	64	47.13	Travel	UPI	0
756	1/4/2023 21:00	42	38.37	Medical	UPI	0
757	1/4/2023 21:02	224	15.39	Electronics	Credit Card	0
758	1/4/2023 21:03	203	12.89	Electronics	UPI	0
759	1/4/2023 21:07	7	113.92	Fashion	UPI	0
760	1/4/2023 21:11	489	10.07	Grocery	UPI	0
761	1/4/2023 21:18	233	139.38	Fashion	Debit Card	0
762	1/4/2023 21:21	323	64.28	Grocery	Debit Card	0
763	1/4/2023 21:22	366	18.37	Utility Bills	Debit Card	0
764	1/4/2023 21:28	468	40.29	Grocery	UPI	0
765	1/4/2023 21:37	313	18.64	Grocery	Credit Card	0
766	1/4/2023 21:42	298	123.41	Utility Bills	Debit Card	0
767	1/4/2023 21:43	453	28.45	Restaurants	Debit Card	0
768	2/2/2023 12:21	31	51.22	Electronics	UPI	0
769	1/4/2023 21:53	339	82.2	Restaurants	Debit Card	0
770	1/4/2023 21:54	424	25.44	Grocery	Credit Card	0
771	1/4/2023 21:54	71	82.26	Electronics	UPI	0
772	1/4/2023 21:58	9	118.92	Fashion	Credit Card	0
773	1/5/2023 9:05	440	66.35	Travel	Debit Card	0
774	1/5/2023 9:07	106	51.51	Grocery	Credit Card	0
775	1/5/2023 9:09	438	158.89	Medical	UPI	0
776	1/5/2023 9:11	128	48.02	Utility Bills	NetBanking	0
777	1/5/2023 9:12	81	43.77	Fashion	Credit Card	0
778	1/5/2023 9:12	81	45.46	Fuel	Credit Card	0
779	1/5/2023 9:12	25	19.83	Restaurants	UPI	0
780	1/5/2023 9:14	109	73.86	Fashion	Credit Card	0
781	1/5/2023 9:20	7	34.73	Medical	Credit Card	0
782	1/5/2023 9:25	218	86.02	Travel	UPI	0
783	1/5/2023 9:30	313	37.73	Restaurants	UPI	0
784	1/5/2023 9:36	164	43.79	Fashion	Credit Card	0
785	1/5/2023 9:37	403	68.19	Grocery	Credit Card	0
786	1/5/2023 9:40	314	23.94	Grocery	Credit Card	0
787	1/5/2023 9:44	444	16.17	Fuel	Credit Card	0
788	1/5/2023 9:45	393	126.28	Restaurants	UPI	0
789	1/5/2023 9:48	41	69	Grocery	Credit Card	0
790	1/5/2023 9:48	223	99.15	Electronics	Credit Card	0
791	1/5/2023 9:49	428	81.03	Grocery	UPI	0
792	1/5/2023 9:49	91	76.76	Utility Bills	Credit Card	0
793	1/5/2023 9:52	494	74.11	Fashion	Credit Card	0
794	1/5/2023 9:53	354	34.39	Grocery	Credit Card	0
795	1/5/2023 9:55	5	129.63	Grocery	UPI	0
796	1/5/2023 9:55	215	340.45	Grocery	Credit Card	0
797	1/5/2023 9:56	276	41.47	Medical	Credit Card	0
798	1/5/2023 9:59	404	35.87	Fashion	Debit Card	1
799	1/5/2023 10:03	276	51.67	Utility Bills	UPI	0
800	1/5/2023 10:03	58	27.47	Fashion	Debit Card	0
801	1/5/2023 10:08	71	13.57	Restaurants	Debit Card	0
802	1/5/2023 10:14	145	13.88	Fashion	Credit Card	0
803	1/5/2023 10:15	453	44.96	Fashion	Debit Card	0
804	1/5/2023 10:15	20	23.48	Fashion	Credit Card	0
805	1/5/2023 10:16	11	12.45	Travel	UPI	0
806	1/5/2023 10:17	42	225.84	Travel	Credit Card	0
807	1/5/2023 10:18	220	31.17	Utility Bills	Debit Card	0
808	1/5/2023 10:19	95	24.6	Fashion	Credit Card	0
809	1/5/2023 10:21	11	22.39	Travel	UPI	0
810	1/5/2023 10:23	92	137.04	Restaurants	NetBanking	0
811	1/5/2023 10:24	256	51.57	Grocery	NetBanking	0
812	1/5/2023 10:28	26	43.71	Fuel	UPI	0
813	1/5/2023 10:28	109	28.97	Utility Bills	UPI	0
814	1/5/2023 10:28	137	20.36	Restaurants	UPI	0
815	1/5/2023 10:37	285	55.59	Grocery	UPI	0
816	1/5/2023 10:44	7	75.03	Electronics	NetBanking	0
817	1/5/2023 10:44	488	24.4	Restaurants	Debit Card	0
818	1/5/2023 10:47	9	61.16	Electronics	UPI	0
819	1/5/2023 10:59	475	18.13	Utility Bills	Credit Card	0
820	1/5/2023 11:05	190	49.47	Grocery	UPI	0
821	1/5/2023 11:10	424	19	Electronics	Credit Card	0
822	1/5/2023 11:19	20	19.57	Utility Bills	UPI	0
823	1/5/2023 11:22	46	23.1	Travel	Debit Card	0
824	1/5/2023 11:28	423	88	Grocery	Debit Card	0
825	1/5/2023 11:35	157	147.76	Fuel	Credit Card	0
826	1/5/2023 11:36	307	123.59	Medical	Credit Card	0
827	1/5/2023 11:38	72	19.93	Electronics	Credit Card	0
828	1/5/2023 11:46	30	42.51	Utility Bills	Credit Card	0
829	1/5/2023 11:54	139	75.22	Medical	UPI	0
830	1/5/2023 11:54	101	160.46	Medical	Debit Card	0
831	1/5/2023 11:57	375	51.26	Travel	Debit Card	0
832	1/5/2023 12:01	322	158.51	Utility Bills	Credit Card	0
833	1/5/2023 12:01	60	111.48	Medical	Credit Card	0
834	1/5/2023 12:04	107	114.93	Electronics	Credit Card	0
835	1/5/2023 12:10	444	13.69	Medical	UPI	0
836	1/5/2023 12:11	298	41.29	Travel	UPI	0
837	1/5/2023 12:12	54	22.29	Fuel	NetBanking	0
838	1/5/2023 12:25	480	10	Grocery	UPI	0
839	1/5/2023 12:26	36	71.73	Medical	UPI	1
840	1/5/2023 12:26	68	51.95	Electronics	UPI	0
841	1/5/2023 12:30	461	11.18	Fashion	Credit Card	0
842	1/5/2023 12:30	189	35.8	Utility Bills	Debit Card	0
843	1/5/2023 12:32	455	44.58	Grocery	Credit Card	0
844	1/5/2023 12:33	220	39.71	Fashion	NetBanking	0
845	1/5/2023 12:35	7	40.93	Grocery	UPI	0
846	1/5/2023 12:37	102	82.86	Restaurants	UPI	0
847	1/5/2023 12:37	51	34.63	Grocery	UPI	0
848	1/5/2023 12:46	366	31.17	Utility Bills	UPI	0
849	1/5/2023 12:48	254	14.54	Grocery	NetBanking	0
850	1/5/2023 12:48	371	16.46	Travel	UPI	0
851	1/5/2023 12:48	403	61.64	Grocery	NetBanking	0
852	1/5/2023 12:54	78	57.44	Utility Bills	Debit Card	0
853	1/5/2023 13:00	261	23.83	Fashion	Debit Card	0
854	1/5/2023 13:03	165	72.43	Restaurants	UPI	0
855	1/5/2023 13:12	9	16.34	Medical	UPI	0
856	1/5/2023 13:12	393	26.01	Electronics	Credit Card	0
857	1/5/2023 13:18	229	111.13	Restaurants	UPI	0
858	1/5/2023 13:19	384	10.89	Fashion	Debit Card	0
859	1/5/2023 13:19	491	35.79	Fuel	UPI	0
860	1/5/2023 13:20	445	46.15	Fuel	Debit Card	0
861	1/5/2023 13:22	85	55.42	Restaurants	UPI	0
862	1/5/2023 13:23	72	13.21	Electronics	UPI	0
863	1/5/2023 13:31	147	37.76	Medical	UPI	0
864	1/5/2023 13:33	483	44.23	Restaurants	Credit Card	0
865	1/5/2023 13:35	238	37.93	Travel	Credit Card	0
866	1/5/2023 13:35	96	69.26	Fashion	Debit Card	0
867	1/5/2023 13:35	366	15.26	Restaurants	Credit Card	0
868	1/5/2023 13:36	224	145.39	Utility Bills	Debit Card	0
869	1/5/2023 13:37	25	187.3	Travel	UPI	0
870	1/5/2023 13:38	458	18.63	Fuel	UPI	0
871	1/5/2023 13:40	446	69.37	Fashion	Debit Card	0
872	1/5/2023 13:41	362	31.78	Fashion	Credit Card	0
873	1/5/2023 13:42	248	37.42	Medical	Debit Card	0
874	1/5/2023 13:44	401	36.66	Fuel	Credit Card	0
875	1/5/2023 13:45	260	66	Restaurants	Credit Card	0
876	1/5/2023 13:53	460	21.28	Medical	Debit Card	0
877	1/5/2023 14:02	305	67.21	Grocery	UPI	0
878	1/5/2023 14:04	423	53.19	Fashion	NetBanking	0
879	1/5/2023 14:09	372	11.03	Restaurants	UPI	0
880	1/5/2023 14:10	147	37.65	Restaurants	UPI	0
881	1/5/2023 14:11	453	102.19	Fashion	UPI	0
882	1/5/2023 14:11	181	192.57	Fashion	NetBanking	0
883	1/5/2023 14:13	247	71.17	Travel	Credit Card	0
884	1/5/2023 14:15	156	148.3	Grocery	Credit Card	0
885	1/5/2023 14:16	258	82.09	Fuel	NetBanking	0
886	1/5/2023 14:18	355	50.31	Utility Bills	UPI	0
887	1/5/2023 14:19	126	11.98	Fuel	UPI	0
888	1/5/2023 14:23	22	50.94	Fashion	Debit Card	0
889	1/5/2023 14:23	465	30.37	Fashion	UPI	0
890	1/5/2023 14:24	4	126.6	Fashion	NetBanking	0
891	1/5/2023 14:26	77	69.42	Utility Bills	UPI	0
892	1/5/2023 14:27	211	57.28	Electronics	Credit Card	0
893	1/5/2023 14:30	322	106.03	Grocery	Credit Card	0
894	1/5/2023 14:39	388	39.77	Fashion	UPI	0
895	1/5/2023 14:41	183	12.22	Fashion	NetBanking	0
896	1/5/2023 14:41	10	23.24	Grocery	Credit Card	0
897	1/5/2023 14:42	445	14.31	Restaurants	NetBanking	0
898	1/5/2023 14:44	489	87.14	Medical	UPI	0
899	1/5/2023 14:46	403	32.36	Electronics	UPI	0
900	1/5/2023 14:47	362	31.5	Utility Bills	UPI	0
901	1/5/2023 14:47	208	21.32	Electronics	Debit Card	0
902	1/5/2023 14:48	441	38.22	Electronics	UPI	0
903	1/5/2023 14:49	228	53.76	Medical	UPI	0
904	1/5/2023 14:52	469	104.07	Grocery	UPI	0
905	1/5/2023 14:56	443	29.13	Utility Bills	UPI	0
906	1/5/2023 14:59	173	97.84	Fashion	NetBanking	0
907	1/5/2023 15:01	400	60.85	Utility Bills	Debit Card	0
908	1/5/2023 15:04	388	78.56	Grocery	UPI	0
909	1/5/2023 15:06	309	19.19	Fuel	Credit Card	0
910	1/5/2023 15:17	204	42.14	Fashion	Debit Card	0
911	1/5/2023 15:22	261	54.9	Electronics	Debit Card	0
912	2/1/2023 14:22	120	241.01	Travel	UPI	0
913	1/5/2023 15:30	165	20	Travel	Debit Card	0
914	1/5/2023 15:36	240	10.93	Utility Bills	UPI	0
915	1/5/2023 15:43	233	40.83	Fashion	Debit Card	0
916	1/5/2023 15:43	109	17.93	Fuel	UPI	0
917	1/5/2023 15:45	478	55.34	Medical	Credit Card	0
918	1/5/2023 15:46	332	28.1	Utility Bills	Credit Card	0
919	1/5/2023 15:51	304	21.06	Grocery	Credit Card	0
920	1/5/2023 15:55	296	63.31	Travel	UPI	0
921	1/5/2023 15:56	494	47.4	Electronics	UPI	0
922	1/5/2023 15:56	404	26.24	Fashion	UPI	0
923	1/5/2023 15:57	133	21.25	Grocery	UPI	0
924	1/5/2023 15:58	51	13.92	Travel	NetBanking	0
925	1/5/2023 16:02	4	41.21	Restaurants	NetBanking	0
926	1/5/2023 16:02	174	12.08	Grocery	NetBanking	0
927	1/5/2023 16:03	178	107.17	Fashion	NetBanking	0
928	1/5/2023 16:03	350	22.94	Grocery	UPI	0
929	1/5/2023 16:05	165	40.17	Utility Bills	Credit Card	0
930	1/5/2023 16:07	323	24.7	Electronics	Credit Card	0
931	1/5/2023 16:10	42	169.27	Fuel	UPI	0
932	1/5/2023 16:12	179	121.32	Fuel	UPI	0
933	1/5/2023 16:17	302	36.32	Medical	Debit Card	0
934	1/5/2023 16:17	324	70.95	Grocery	UPI	0
935	1/5/2023 16:18	307	74.04	Medical	NetBanking	0
936	1/5/2023 16:19	362	56.47	Electronics	NetBanking	0
937	1/5/2023 16:21	231	100.3	Medical	UPI	0
938	1/5/2023 16:30	349	255.42	Fashion	UPI	0
939	1/5/2023 16:31	114	38.36	Utility Bills	NetBanking	0
940	1/5/2023 16:35	276	67.37	Travel	Credit Card	0
941	1/5/2023 16:37	286	13.32	Travel	UPI	0
942	1/5/2023 16:37	337	11.25	Travel	Credit Card	0
943	1/5/2023 16:38	231	13.15	Utility Bills	UPI	0
944	1/5/2023 16:38	231	28.7	Grocery	UPI	0
945	1/5/2023 16:40	269	11.65	Medical	Credit Card	0
946	1/5/2023 16:42	322	182.57	Grocery	Credit Card	0
947	1/5/2023 16:47	187	18.96	Fashion	NetBanking	0
948	1/5/2023 16:53	208	37.54	Travel	UPI	0
949	1/5/2023 16:54	285	119.14	Restaurants	UPI	0
950	1/5/2023 16:54	288	109.62	Fashion	NetBanking	0
951	1/5/2023 17:00	433	23.15	Electronics	Credit Card	0
952	1/5/2023 17:01	150	14.11	Fashion	NetBanking	0
953	1/5/2023 17:01	247	39.19	Electronics	UPI	0
954	1/5/2023 17:02	491	15.15	Medical	UPI	0
955	1/5/2023 17:02	302	31.28	Restaurants	UPI	0
956	1/5/2023 17:04	9	47.54	Medical	UPI	0
957	1/5/2023 17:08	424	12.6	Travel	Debit Card	0
958	1/5/2023 17:12	10	73.98	Restaurants	Debit Card	0
959	1/5/2023 17:13	435	75.25	Fashion	UPI	0
960	1/5/2023 17:17	18	40.01	Restaurants	UPI	0
961	1/5/2023 17:19	18	14.82	Grocery	UPI	0
962	1/5/2023 17:21	308	123.89	Travel	UPI	0
963	1/5/2023 17:23	145	16.41	Grocery	Credit Card	0
964	1/5/2023 17:23	79	39.88	Fashion	UPI	0
965	1/5/2023 17:26	96	76.73	Electronics	UPI	0
966	1/5/2023 17:32	152	30.53	Fuel	UPI	0
967	1/5/2023 17:33	231	23.63	Fuel	Credit Card	0
968	1/5/2023 17:33	123	47.66	Medical	Debit Card	0
969	1/5/2023 17:35	42	13.33	Utility Bills	Credit Card	0
970	1/5/2023 17:36	182	54.63	Fashion	Credit Card	0
971	1/5/2023 17:39	77	51.93	Fuel	UPI	0
972	1/5/2023 17:39	116	12.53	Utility Bills	UPI	0
973	1/5/2023 17:40	270	25.07	Fuel	UPI	0
974	1/5/2023 17:44	426	42.99	Grocery	Debit Card	0
975	1/5/2023 17:44	469	18.44	Electronics	Debit Card	0
976	1/5/2023 17:47	161	130.34	Electronics	UPI	0
977	1/5/2023 17:47	358	107.66	Medical	UPI	0
978	1/5/2023 17:48	64	103.1	Utility Bills	Debit Card	1
979	1/5/2023 17:49	130	116.32	Fuel	Debit Card	0
980	1/5/2023 17:51	208	23.17	Fashion	Debit Card	0
981	1/5/2023 17:52	174	33.61	Fashion	Credit Card	0
982	1/5/2023 17:53	81	43.89	Utility Bills	Credit Card	0
983	1/5/2023 18:00	240	41.95	Fashion	UPI	0
984	1/5/2023 18:00	42	348.92	Utility Bills	UPI	0
985	1/5/2023 18:01	178	10.86	Fuel	UPI	0
986	1/5/2023 18:02	387	55.09	Medical	Credit Card	0
987	1/5/2023 18:08	359	29.66	Grocery	Debit Card	0
988	1/5/2023 18:08	94	70.57	Travel	UPI	0
989	1/5/2023 18:09	288	24.42	Restaurants	NetBanking	0
990	1/5/2023 18:09	284	42.1	Grocery	UPI	0
991	1/5/2023 18:10	356	55.38	Medical	Credit Card	0
992	1/5/2023 18:10	96	278.11	Electronics	UPI	0
993	1/5/2023 18:11	154	16.02	Grocery	UPI	0
994	1/5/2023 18:12	287	38.69	Travel	NetBanking	0
995	1/5/2023 18:14	302	12.49	Fashion	UPI	0
996	1/5/2023 18:16	238	246.53	Fuel	NetBanking	0
997	1/5/2023 18:19	332	17.44	Grocery	NetBanking	0
998	1/5/2023 18:20	355	46.48	Fuel	UPI	0
999	1/5/2023 18:21	124	30.55	Electronics	Credit Card	0
1000	1/5/2023 18:22	446	40.51	Restaurants	Debit Card	0
1001	1/5/2023 18:27	462	16.75	Fuel	UPI	0
1002	1/5/2023 18:31	347	191.83	Travel	NetBanking	0
1003	1/5/2023 18:34	211	75.83	Fuel	UPI	0
1004	1/5/2023 18:38	494	25	Medical	UPI	0
1005	1/5/2023 18:41	64	32.51	Medical	NetBanking	0
1006	1/5/2023 18:42	178	35.25	Grocery	UPI	0
1007	1/5/2023 18:44	461	52.79	Restaurants	UPI	0
1008	1/5/2023 18:44	491	141.22	Medical	Debit Card	0
1009	1/5/2023 18:47	65	72.5	Medical	Debit Card	0
1010	1/5/2023 18:47	25	45.84	Fashion	UPI	0
1011	1/5/2023 18:52	166	71.45	Fashion	UPI	0
1012	1/5/2023 19:01	494	22.29	Fashion	UPI	0
1013	1/5/2023 19:01	240	15.67	Fuel	Credit Card	0
1014	1/5/2023 19:02	180	21.99	Medical	Credit Card	1
1015	1/5/2023 19:02	138	30.81	Fuel	Credit Card	0
1016	1/5/2023 19:03	387	47.74	Electronics	Credit Card	0
1017	1/5/2023 19:04	231	122.62	Travel	UPI	0
1018	1/5/2023 19:05	72	33.14	Restaurants	UPI	0
1019	1/5/2023 19:06	341	13.37	Medical	Debit Card	0
1020	1/5/2023 19:12	448	44.01	Fuel	Debit Card	0
1021	1/5/2023 19:14	227	30.8	Fuel	UPI	0
1022	1/5/2023 19:14	302	25.66	Fashion	UPI	0
1023	1/5/2023 19:18	308	42.49	Fashion	Credit Card	0
1024	1/5/2023 19:19	440	150.19	Travel	Debit Card	0
1025	1/5/2023 19:19	224	128.79	Restaurants	UPI	0
1026	1/5/2023 19:23	11	65.34	Fashion	Credit Card	0
1027	1/5/2023 19:25	103	92.33	Travel	Credit Card	0
1028	1/5/2023 19:28	39	23.15	Electronics	Credit Card	0
1029	1/5/2023 19:28	274	16.53	Grocery	UPI	0
1030	1/5/2023 19:29	11	10.87	Fashion	Credit Card	0
1031	1/5/2023 19:29	2	54.21	Fuel	Debit Card	0
1032	1/5/2023 19:31	218	26.49	Travel	Debit Card	0
1033	1/5/2023 19:33	231	138.58	Grocery	UPI	0
1034	1/5/2023 19:33	208	84.26	Fashion	Credit Card	0
1035	1/5/2023 19:34	51	67.09	Fashion	UPI	0
1036	1/5/2023 19:34	231	26.01	Electronics	Debit Card	0
1037	1/5/2023 19:37	94	73.64	Fashion	Debit Card	0
1038	1/5/2023 19:39	166	58.52	Utility Bills	UPI	0
1039	1/5/2023 19:40	208	28.6	Utility Bills	Credit Card	0
1040	1/5/2023 19:44	68	13.44	Fashion	UPI	0
1041	1/5/2023 19:46	489	93.83	Grocery	NetBanking	0
1042	1/5/2023 19:47	117	49.86	Fuel	UPI	0
1043	1/5/2023 19:47	391	29.49	Restaurants	NetBanking	0
1044	1/5/2023 20:00	404	67.65	Grocery	Debit Card	0
1045	1/5/2023 20:00	350	62.4	Medical	Debit Card	0
1046	1/5/2023 20:01	86	15.69	Electronics	Credit Card	0
1047	1/5/2023 20:01	231	10	Grocery	UPI	0
1048	1/5/2023 20:02	12	17.29	Restaurants	UPI	0
1049	1/5/2023 20:03	72	155.11	Travel	NetBanking	0
1050	1/5/2023 20:04	106	96.85	Utility Bills	UPI	0
1051	1/5/2023 20:09	491	53.22	Grocery	UPI	0
1052	1/5/2023 20:12	404	88.7	Grocery	NetBanking	0
1053	1/5/2023 20:19	349	28.46	Electronics	Debit Card	0
1054	1/5/2023 20:21	54	47.25	Electronics	UPI	0
1055	1/5/2023 20:26	37	62.07	Electronics	NetBanking	0
1056	1/5/2023 20:27	15	25.18	Fashion	UPI	0
1057	1/5/2023 20:29	456	16.14	Grocery	Credit Card	0
1058	1/5/2023 20:32	138	74.03	Restaurants	UPI	0
1059	1/5/2023 20:34	79	158.85	Utility Bills	Credit Card	0
1060	1/5/2023 20:35	428	66.96	Utility Bills	NetBanking	0
1061	1/5/2023 20:35	262	34.07	Grocery	Credit Card	0
1062	1/5/2023 20:37	145	20.87	Utility Bills	Credit Card	0
1063	1/5/2023 20:37	119	37.16	Medical	Credit Card	0
1064	1/5/2023 20:39	449	30.62	Travel	UPI	0
1065	1/5/2023 20:40	9	14.58	Electronics	UPI	0
1066	1/5/2023 20:41	233	136.75	Grocery	Debit Card	0
1067	1/5/2023 20:46	146	60.22	Medical	UPI	0
1068	1/5/2023 20:49	437	75.6	Medical	UPI	0
1069	1/5/2023 20:55	396	10	Utility Bills	Credit Card	0
1070	1/5/2023 20:58	330	112.28	Fuel	UPI	0
1071	1/5/2023 21:04	233	56.22	Utility Bills	UPI	0
1072	1/5/2023 21:05	22	52.64	Fashion	UPI	0
1073	1/5/2023 21:06	218	13.55	Electronics	Credit Card	0
1074	1/5/2023 21:20	397	133.75	Fuel	UPI	0
1075	1/5/2023 21:20	458	19.92	Restaurants	Credit Card	0
1076	1/5/2023 21:30	142	16.93	Electronics	UPI	0
1077	1/5/2023 21:31	81	12.96	Medical	UPI	0
1078	1/5/2023 21:35	172	18.67	Restaurants	UPI	0
1079	1/5/2023 21:36	7	116.94	Grocery	NetBanking	0
1080	1/5/2023 21:36	202	62.57	Utility Bills	UPI	0
1081	1/5/2023 21:37	87	31.07	Fuel	Debit Card	0
1082	1/5/2023 21:40	276	42.81	Fashion	UPI	0
1083	1/5/2023 21:44	373	43.98	Grocery	UPI	0
1084	1/5/2023 21:49	453	30.72	Electronics	Debit Card	0
1085	1/5/2023 21:50	9	34.8	Restaurants	Credit Card	0
1086	1/5/2023 21:51	231	54.34	Utility Bills	Credit Card	0
1087	1/5/2023 21:53	76	187.8	Fuel	Debit Card	0
1088	1/5/2023 21:54	284	18.01	Grocery	Credit Card	0
1089	1/5/2023 21:57	477	10	Fuel	UPI	0
1090	1/6/2023 9:01	262	59.9	Medical	UPI	0
1091	1/6/2023 9:03	203	17.51	Restaurants	Debit Card	0
1092	1/6/2023 9:08	145	57.15	Travel	UPI	0
1093	1/6/2023 9:13	437	29.06	Medical	UPI	0
1094	1/6/2023 9:22	167	29.7	Medical	UPI	0
1095	1/6/2023 9:33	189	96.66	Restaurants	NetBanking	0
1096	1/6/2023 9:41	118	20.59	Electronics	NetBanking	0
1097	1/6/2023 9:44	298	64.6	Grocery	UPI	0
1098	1/6/2023 9:45	242	125.22	Grocery	Credit Card	0
1099	1/6/2023 9:46	150	43.57	Utility Bills	Credit Card	0
1100	1/6/2023 9:54	365	147.55	Restaurants	Debit Card	0
1101	1/6/2023 9:54	37	12.06	Utility Bills	Debit Card	0
1102	1/6/2023 10:03	366	116.6	Utility Bills	Debit Card	0
1103	1/6/2023 10:05	330	34.6	Restaurants	Debit Card	0
1104	1/6/2023 10:16	210	14.71	Utility Bills	UPI	0
1105	1/6/2023 10:40	432	88.27	Fuel	Credit Card	0
1106	1/6/2023 11:00	458	27.79	Fuel	Debit Card	0
1107	1/6/2023 11:18	464	21.08	Restaurants	UPI	0
1108	1/6/2023 11:22	494	70.37	Travel	Debit Card	0
1109	1/6/2023 11:25	322	123.28	Fashion	NetBanking	0
1110	1/6/2023 11:50	305	48.35	Fashion	UPI	0
1111	1/6/2023 11:52	372	28.54	Fuel	UPI	0
1112	1/6/2023 11:54	453	52.45	Grocery	UPI	0
1113	1/6/2023 11:58	189	71.22	Fashion	UPI	0
1114	1/6/2023 12:09	183	27.86	Medical	UPI	0
1115	1/6/2023 12:13	142	12.72	Fashion	Debit Card	0
1116	1/6/2023 12:36	147	12.76	Travel	NetBanking	0
1117	1/6/2023 12:45	131	188.54	Electronics	Credit Card	0
1118	1/6/2023 12:48	64	243.13	Fashion	Debit Card	0
1119	1/6/2023 12:56	87	15.48	Fuel	Debit Card	0
1120	1/6/2023 12:59	54	236.52	Fuel	UPI	0
1121	1/6/2023 13:01	150	22.29	Utility Bills	Credit Card	0
1122	1/6/2023 13:09	339	33.03	Utility Bills	Credit Card	0
1123	1/6/2023 13:22	432	64.96	Travel	UPI	0
1124	1/6/2023 13:26	233	13.08	Electronics	UPI	0
1125	1/6/2023 13:39	82	84.5	Medical	Credit Card	0
1126	1/6/2023 13:44	63	13.34	Travel	Credit Card	0
1127	1/6/2023 13:45	139	11.09	Restaurants	UPI	0
1128	1/6/2023 13:45	81	13.33	Electronics	Credit Card	0
1129	1/6/2023 13:46	149	27.74	Utility Bills	UPI	0
1130	1/6/2023 13:55	142	37.34	Utility Bills	UPI	0
1131	1/6/2023 14:06	262	33.91	Fuel	UPI	0
1132	1/6/2023 14:09	104	16.87	Restaurants	Debit Card	0
1133	1/6/2023 14:23	173	13.66	Medical	Debit Card	0
1134	1/6/2023 15:01	278	42.4	Restaurants	Credit Card	0
1135	1/6/2023 15:12	22	37.24	Utility Bills	Credit Card	0
1136	1/6/2023 15:12	231	54.1	Grocery	UPI	0
1137	1/6/2023 15:16	208	32.62	Fashion	Credit Card	0
1138	1/6/2023 15:16	262	31.77	Grocery	Credit Card	0
1139	1/6/2023 15:27	220	115.58	Grocery	Debit Card	0
1140	1/6/2023 15:30	387	42.43	Grocery	UPI	0
1141	1/6/2023 15:33	274	69.14	Travel	Credit Card	0
1142	1/6/2023 15:37	147	41.94	Grocery	UPI	0
1143	1/6/2023 15:43	149	47.62	Fashion	NetBanking	0
1144	1/6/2023 15:44	368	13.29	Fashion	NetBanking	0
1145	1/6/2023 15:51	41	29.45	Electronics	UPI	0
1146	1/6/2023 15:53	305	10	Grocery	NetBanking	0
1147	1/6/2023 15:57	116	14.29	Fuel	Credit Card	0
1148	1/6/2023 16:00	305	64.56	Utility Bills	NetBanking	0
1149	1/6/2023 16:00	404	28.79	Fashion	UPI	0
1150	1/6/2023 16:06	86	109.01	Medical	Debit Card	0
1151	1/6/2023 16:12	145	77.85	Restaurants	UPI	0
1152	1/6/2023 16:12	208	209.13	Utility Bills	Credit Card	0
1153	1/6/2023 16:15	313	14.25	Restaurants	Debit Card	0
1154	1/6/2023 16:19	481	74.23	Grocery	UPI	0
1155	1/6/2023 16:24	301	21.35	Restaurants	NetBanking	0
1156	1/6/2023 16:35	147	51.89	Fashion	Debit Card	0
1157	1/6/2023 16:38	250	16.66	Electronics	Debit Card	0
1158	1/6/2023 16:38	217	18.64	Restaurants	UPI	0
1159	1/6/2023 16:40	156	116.36	Medical	Debit Card	0
1160	1/6/2023 16:46	208	32.34	Restaurants	UPI	0
1161	1/6/2023 16:51	491	53.29	Fuel	Debit Card	0
1162	1/6/2023 16:53	480	12.85	Fuel	UPI	0
1163	1/6/2023 17:02	276	14.75	Restaurants	UPI	0
1164	1/6/2023 17:08	305	33.39	Restaurants	UPI	0
1165	1/6/2023 17:10	240	13.25	Travel	UPI	0
1166	1/6/2023 17:11	266	38.4	Electronics	UPI	0
1167	1/6/2023 17:12	204	21.13	Grocery	UPI	0
1168	1/6/2023 17:51	72	19.66	Fashion	NetBanking	0
1169	1/6/2023 17:53	373	41.88	Travel	Credit Card	0
1170	1/6/2023 17:54	42	35.51	Medical	Credit Card	0
1171	1/6/2023 18:04	367	48.27	Medical	Debit Card	0
1172	1/6/2023 18:09	494	60.81	Fashion	UPI	0
1173	1/6/2023 18:25	187	193.26	Medical	UPI	0
1174	1/6/2023 18:32	363	15.26	Medical	UPI	0
1175	1/6/2023 18:34	184	12.8	Fashion	UPI	0
1176	1/6/2023 18:42	305	65.78	Electronics	Credit Card	0
1177	1/6/2023 18:45	68	47.74	Fashion	UPI	0
1178	1/6/2023 18:47	6	43.96	Utility Bills	Credit Card	0
1179	1/6/2023 18:51	396	58.9	Travel	Credit Card	0
1180	1/6/2023 18:55	208	123.97	Fuel	Debit Card	0
1181	1/6/2023 18:59	250	20.01	Utility Bills	Debit Card	0
1182	1/6/2023 19:03	233	74.65	Fashion	UPI	0
1183	1/6/2023 19:03	228	364.25	Fuel	Credit Card	0
1184	1/6/2023 19:10	407	40.98	Grocery	Debit Card	0
1185	1/6/2023 19:12	425	42.46	Grocery	Debit Card	0
1186	1/6/2023 19:12	72	17.62	Medical	NetBanking	0
1187	1/6/2023 19:13	165	105.65	Restaurants	Debit Card	0
1188	1/6/2023 19:19	98	70.85	Travel	UPI	0
1189	1/6/2023 19:19	165	28.02	Fuel	UPI	0
1190	1/6/2023 19:22	361	12.34	Travel	Credit Card	0
1191	1/6/2023 19:23	41	66.36	Medical	Credit Card	0
1192	1/6/2023 19:30	152	18.16	Fuel	UPI	0
1193	1/6/2023 19:31	111	28.02	Utility Bills	Debit Card	0
1194	1/6/2023 19:32	183	10	Utility Bills	NetBanking	0
1195	1/6/2023 19:33	256	35.89	Electronics	NetBanking	0
1196	1/6/2023 19:35	130	41.44	Grocery	Credit Card	0
1197	1/6/2023 19:37	285	42.16	Fuel	NetBanking	0
1198	2/2/2023 12:06	31	43.47	Travel	UPI	0
1199	1/6/2023 19:54	158	74.79	Restaurants	UPI	0
1200	1/6/2023 19:57	147	19.08	Travel	UPI	0
1201	1/6/2023 20:03	153	31.72	Utility Bills	Debit Card	0
1202	1/6/2023 20:11	227	83.42	Electronics	Credit Card	0
1203	1/6/2023 20:11	58	25.57	Fashion	UPI	0
1204	1/6/2023 20:20	246	119.57	Utility Bills	UPI	0
1205	1/6/2023 20:27	231	39.44	Medical	Credit Card	0
1206	1/6/2023 20:28	223	74.19	Electronics	NetBanking	0
1207	1/6/2023 20:53	10	56.79	Fuel	Debit Card	0
1208	1/6/2023 20:54	398	39.74	Grocery	UPI	0
1209	1/6/2023 20:54	208	37.47	Medical	NetBanking	0
1210	1/6/2023 20:58	388	33.8	Fashion	UPI	0
1211	1/6/2023 20:59	494	31.4	Fuel	UPI	0
1212	1/6/2023 21:03	428	172.87	Medical	UPI	0
1213	1/6/2023 21:06	349	44.11	Utility Bills	NetBanking	0
1214	1/6/2023 21:09	243	25.87	Grocery	Debit Card	0
1215	1/6/2023 21:09	337	48.48	Medical	UPI	0
1216	1/6/2023 21:16	240	47.83	Travel	Credit Card	0
1217	1/6/2023 21:19	396	42.11	Fashion	Credit Card	0
1218	1/6/2023 21:40	244	51.13	Grocery	Credit Card	0
1219	1/6/2023 21:42	72	31.33	Fuel	Debit Card	0
1220	1/6/2023 21:42	147	14.59	Grocery	UPI	0
1221	1/6/2023 21:53	208	27.4	Travel	UPI	0
1222	1/7/2023 9:02	165	11.7	Travel	NetBanking	0
1223	1/7/2023 9:04	156	107.31	Medical	UPI	0
1224	1/7/2023 9:08	220	36.58	Fuel	UPI	0
1225	1/7/2023 9:13	96	49.39	Utility Bills	NetBanking	0
1226	1/7/2023 9:23	224	13.15	Medical	UPI	0
1227	1/7/2023 9:42	147	10	Utility Bills	Credit Card	0
1228	1/7/2023 10:17	153	43.37	Fuel	NetBanking	0
1229	1/7/2023 10:20	499	76.58	Travel	Credit Card	0
1230	1/7/2023 10:25	81	17.31	Restaurants	Debit Card	0
1231	2/19/2023 10:15	382	29.12	Restaurants	UPI	0
1232	1/7/2023 10:30	298	93.8	Travel	Debit Card	0
1233	1/7/2023 10:31	163	47.16	Grocery	Debit Card	0
1234	1/7/2023 10:34	208	91.2	Utility Bills	Credit Card	0
1235	1/7/2023 10:40	358	13.47	Utility Bills	Debit Card	0
1236	1/7/2023 11:05	175	33.3	Fuel	Debit Card	0
1237	1/7/2023 11:12	68	326.54	Fashion	Debit Card	0
1238	1/7/2023 11:15	326	44.03	Restaurants	UPI	0
1239	1/7/2023 11:23	165	17.7	Grocery	Debit Card	0
1240	1/7/2023 11:23	339	16.23	Grocery	UPI	0
1241	1/7/2023 11:32	445	58.15	Medical	UPI	0
1242	1/7/2023 11:37	4	51.89	Fashion	UPI	0
1243	1/7/2023 11:40	405	20.99	Medical	UPI	0
1244	1/7/2023 11:41	138	33.57	Restaurants	UPI	0
1245	1/7/2023 11:42	165	61.9	Medical	UPI	0
1246	1/7/2023 11:59	187	27.68	Utility Bills	Debit Card	0
1247	1/7/2023 12:19	461	61.74	Medical	UPI	0
1248	1/7/2023 12:29	108	33.48	Utility Bills	Credit Card	0
1249	1/7/2023 12:29	409	49.94	Fuel	Credit Card	0
1250	1/7/2023 12:35	197	28.51	Restaurants	UPI	0
1251	1/7/2023 12:41	7	10.78	Utility Bills	UPI	0
1252	1/7/2023 13:06	307	10.91	Grocery	Debit Card	0
1253	1/7/2023 13:07	313	45.05	Utility Bills	UPI	0
1254	1/7/2023 13:39	72	11.03	Utility Bills	Credit Card	0
1255	1/7/2023 13:51	444	69.57	Grocery	UPI	0
1256	1/7/2023 14:05	153	83.59	Electronics	Debit Card	0
1257	1/7/2023 14:08	9	65.06	Fashion	Credit Card	0
1258	1/7/2023 14:17	94	27.76	Travel	UPI	0
1259	1/7/2023 14:20	148	18.15	Utility Bills	Credit Card	0
1260	1/7/2023 14:37	456	71.7	Utility Bills	UPI	0
1261	1/7/2023 14:41	290	41.87	Fashion	Debit Card	0
1262	1/7/2023 14:41	224	25.21	Fuel	UPI	0
1263	1/7/2023 14:49	314	105.11	Grocery	Credit Card	0
1264	1/7/2023 15:01	142	84.79	Medical	Credit Card	0
1265	1/7/2023 15:07	302	26.93	Grocery	NetBanking	0
1266	1/7/2023 15:07	456	11.25	Utility Bills	Debit Card	0
1267	1/7/2023 15:21	247	23.11	Fuel	UPI	0
1268	1/7/2023 15:26	82	300.99	Medical	Credit Card	0
1269	1/7/2023 15:29	153	513.72	Travel	Credit Card	0
1270	1/7/2023 15:38	208	15.32	Fashion	UPI	0
1271	1/7/2023 15:45	145	97.35	Fashion	Credit Card	0
1272	1/7/2023 15:48	313	21.07	Grocery	UPI	0
1273	1/7/2023 15:48	133	31.62	Restaurants	Debit Card	0
1274	1/7/2023 15:55	145	11.06	Utility Bills	UPI	0
1275	1/7/2023 15:55	20	15.42	Fashion	NetBanking	0
1276	1/7/2023 15:56	231	24.45	Travel	UPI	0
1277	1/7/2023 16:01	455	80.83	Travel	UPI	0
1278	1/7/2023 16:16	369	39.42	Grocery	Credit Card	0
1279	1/7/2023 16:17	42	26.7	Electronics	Debit Card	0
1280	1/7/2023 16:20	256	35.36	Grocery	UPI	0
1281	1/7/2023 16:22	482	26.25	Electronics	Credit Card	0
1282	1/7/2023 16:22	425	76.66	Electronics	Credit Card	0
1283	1/7/2023 16:23	46	345.2	Restaurants	Debit Card	0
1284	1/7/2023 16:44	262	39.24	Travel	UPI	0
1285	1/7/2023 16:53	130	61.26	Fuel	UPI	0
1286	1/7/2023 16:56	227	17.15	Fuel	UPI	0
1287	1/7/2023 16:59	62	10.63	Fuel	Debit Card	0
1288	1/7/2023 17:01	81	12.71	Fuel	UPI	0
1289	1/7/2023 17:13	12	48.97	Travel	Debit Card	0
1290	1/7/2023 17:14	168	27.15	Grocery	NetBanking	0
1291	1/7/2023 17:14	295	12.05	Restaurants	Debit Card	0
1292	1/7/2023 17:21	341	91.7	Utility Bills	UPI	0
1293	1/7/2023 17:26	284	17.83	Travel	Debit Card	0
1294	1/7/2023 17:29	391	63.06	Medical	UPI	0
1295	1/7/2023 17:30	404	15.44	Medical	UPI	0
1296	1/7/2023 17:36	173	71.45	Restaurants	UPI	0
1297	1/7/2023 17:38	208	32.31	Restaurants	Debit Card	0
1298	1/7/2023 17:42	417	24.3	Fashion	UPI	0
1299	1/7/2023 17:44	240	20.03	Fuel	Credit Card	0
1300	1/7/2023 17:50	220	113.99	Fashion	UPI	0
1301	1/7/2023 17:51	400	13.33	Fashion	NetBanking	0
1302	1/7/2023 17:53	9	83.82	Medical	Credit Card	0
1303	1/7/2023 17:53	147	19.36	Fashion	Credit Card	0
1304	1/7/2023 17:57	233	115.6	Medical	UPI	0
1305	1/7/2023 18:04	26	16.91	Grocery	Debit Card	0
1306	1/7/2023 18:35	150	66.34	Grocery	Credit Card	0
1307	1/7/2023 18:39	25	11.57	Fashion	UPI	0
1308	1/7/2023 18:41	244	68.39	Utility Bills	Credit Card	0
1309	1/7/2023 18:42	359	68.61	Medical	UPI	0
1310	1/7/2023 18:44	103	63.08	Fuel	UPI	0
1311	1/7/2023 18:50	347	19.34	Fuel	UPI	0
1312	1/7/2023 19:01	50	28.44	Grocery	Credit Card	0
1313	1/7/2023 19:11	375	144.21	Fuel	Credit Card	0
1314	1/7/2023 19:15	181	10.39	Utility Bills	Credit Card	0
1315	1/7/2023 19:15	305	44.2	Fuel	UPI	0
1316	1/7/2023 19:16	231	46.09	Utility Bills	Debit Card	0
1317	1/7/2023 19:18	359	212.43	Grocery	Debit Card	0
1318	1/7/2023 19:27	36	19.39	Grocery	Credit Card	0
1319	1/7/2023 19:28	166	16.64	Utility Bills	UPI	0
1320	1/7/2023 19:30	72	67.7	Fashion	UPI	0
1321	1/7/2023 19:32	100	51.71	Utility Bills	NetBanking	0
1322	1/7/2023 19:36	51	55.46	Fuel	Debit Card	0
1323	1/7/2023 19:42	311	14.55	Fuel	UPI	0
1324	1/7/2023 19:57	178	46.69	Fuel	UPI	0
1325	1/7/2023 20:18	231	34.41	Medical	NetBanking	0
1326	1/7/2023 20:28	461	24.43	Grocery	UPI	0
1327	1/7/2023 20:37	48	59.28	Restaurants	UPI	0
1328	1/7/2023 20:45	333	50.08	Medical	UPI	0
1329	1/7/2023 20:46	182	14.3	Electronics	UPI	0
1330	1/7/2023 20:51	219	12.37	Travel	NetBanking	0
1331	1/7/2023 20:54	187	67.48	Grocery	Debit Card	0
1332	1/7/2023 20:56	445	10.99	Utility Bills	UPI	0
1333	1/7/2023 21:00	148	31.9	Utility Bills	UPI	0
1334	1/4/2023 21:47	71	54.51	Medical	Credit Card	0
1335	1/7/2023 21:04	80	33.43	Fashion	UPI	0
1336	1/7/2023 21:12	282	138.95	Grocery	Debit Card	0
1337	1/7/2023 21:17	276	115.4	Restaurants	Debit Card	0
1338	1/7/2023 21:19	111	42.25	Travel	NetBanking	0
1339	1/7/2023 21:25	267	49.23	Electronics	UPI	0
1340	1/7/2023 21:29	215	15.06	Fashion	Debit Card	0
1341	1/7/2023 21:43	367	53.23	Restaurants	UPI	0
1342	1/7/2023 21:50	102	13.57	Fashion	Credit Card	0
1343	1/7/2023 21:50	224	77.99	Restaurants	Debit Card	0
1344	1/7/2023 21:54	147	11.23	Fashion	NetBanking	0
1345	1/8/2023 9:04	108	199.71	Grocery	NetBanking	0
1346	1/8/2023 9:07	276	25.04	Fashion	UPI	0
1347	1/8/2023 9:09	332	20.68	Fuel	Credit Card	0
1348	1/8/2023 9:25	9	24.81	Electronics	UPI	0
1349	1/8/2023 9:25	147	80.71	Fashion	Credit Card	0
1350	1/8/2023 9:25	145	53.72	Utility Bills	UPI	0
1351	1/8/2023 9:28	417	49.02	Electronics	NetBanking	0
1352	1/8/2023 9:43	30	155.84	Fashion	UPI	0
1353	1/8/2023 10:16	317	12.64	Medical	Credit Card	0
1354	1/8/2023 10:16	378	90.76	Restaurants	NetBanking	0
1355	1/8/2023 10:27	388	33.36	Electronics	Credit Card	0
1356	1/8/2023 10:33	76	29.36	Fashion	Credit Card	0
1357	1/8/2023 10:33	241	34.74	Restaurants	Credit Card	0
1358	1/8/2023 10:37	119	23.34	Fuel	Debit Card	0
1359	1/8/2023 10:38	110	20.52	Electronics	Credit Card	0
1360	1/8/2023 10:50	274	10	Utility Bills	UPI	0
1361	1/8/2023 11:06	240	36.95	Medical	UPI	0
1362	1/8/2023 11:08	330	33.72	Medical	UPI	0
1363	1/8/2023 11:14	449	37.11	Grocery	UPI	0
1364	1/8/2023 11:34	106	66.85	Grocery	Credit Card	0
1365	1/8/2023 11:38	239	16.3	Fuel	UPI	0
1366	1/8/2023 11:53	81	24.2	Medical	UPI	0
1367	1/8/2023 11:54	107	91.96	Grocery	Credit Card	0
1368	1/8/2023 11:55	215	69.4	Grocery	UPI	0
1369	1/8/2023 12:01	349	11.96	Utility Bills	UPI	0
1370	1/8/2023 12:18	405	53.09	Utility Bills	Credit Card	0
1371	1/8/2023 12:23	494	10.65	Grocery	UPI	0
1372	1/8/2023 12:25	240	45.66	Utility Bills	UPI	0
1373	1/8/2023 12:35	240	21.65	Restaurants	UPI	0
1374	1/8/2023 12:35	454	15.85	Fuel	UPI	0
1375	1/8/2023 12:47	253	10	Utility Bills	UPI	0
1376	1/8/2023 12:53	234	61.93	Grocery	UPI	0
1377	1/8/2023 12:55	148	69.08	Fuel	UPI	0
1378	1/8/2023 13:00	359	47.39	Grocery	UPI	0
1379	1/8/2023 13:26	135	169	Grocery	Debit Card	0
1380	1/8/2023 13:29	147	32.43	Fashion	Debit Card	0
1381	1/8/2023 13:34	486	54.08	Medical	UPI	0
1382	1/8/2023 13:44	77	131.28	Grocery	UPI	0
1383	1/8/2023 13:59	290	16.79	Restaurants	NetBanking	0
1384	1/8/2023 14:03	276	341.22	Medical	UPI	0
1385	1/8/2023 14:05	276	111.5	Grocery	UPI	0
1386	1/8/2023 14:06	290	22.67	Medical	UPI	0
1387	1/8/2023 14:08	463	20.68	Travel	Credit Card	0
1388	1/8/2023 14:09	235	125.42	Electronics	Credit Card	0
1389	1/8/2023 14:14	15	10.46	Utility Bills	Credit Card	0
1390	1/8/2023 14:31	51	16.17	Grocery	Credit Card	0
1391	1/8/2023 14:33	378	10.18	Restaurants	Credit Card	0
1392	1/8/2023 14:38	277	14.96	Grocery	Debit Card	0
1393	1/8/2023 14:46	96	61.41	Restaurants	Credit Card	0
1394	1/8/2023 14:46	301	78.85	Fashion	UPI	0
1395	1/8/2023 14:47	382	26.97	Utility Bills	Credit Card	0
1396	1/8/2023 14:57	124	77.41	Restaurants	UPI	0
1397	1/8/2023 14:57	449	13.74	Fuel	UPI	0
1398	1/8/2023 15:08	463	14.56	Travel	NetBanking	0
1399	1/8/2023 15:10	422	10.84	Grocery	UPI	0
1400	1/8/2023 15:16	3	83.31	Grocery	UPI	0
1401	1/8/2023 15:20	119	17.9	Utility Bills	Credit Card	0
1402	1/8/2023 15:39	261	74.36	Travel	UPI	0
1403	1/8/2023 15:44	204	12.27	Grocery	Credit Card	0
1404	1/8/2023 15:57	231	61.08	Fuel	UPI	0
1405	1/8/2023 15:58	403	26.28	Fashion	NetBanking	0
1406	1/8/2023 16:02	287	94.18	Fashion	Debit Card	0
1407	1/8/2023 16:06	234	34.8	Electronics	UPI	0
1408	1/8/2023 16:14	9	20.95	Utility Bills	Credit Card	1
1409	1/8/2023 16:14	177	46.55	Fashion	UPI	0
1410	1/8/2023 16:17	491	45.47	Electronics	UPI	0
1411	1/8/2023 16:22	28	43.48	Grocery	NetBanking	0
1412	1/8/2023 16:23	187	66.56	Electronics	UPI	0
1413	1/8/2023 16:28	240	74.24	Restaurants	Credit Card	0
1414	1/8/2023 16:29	156	61.29	Grocery	UPI	0
1415	1/8/2023 16:37	324	51.99	Utility Bills	Debit Card	0
1416	1/8/2023 16:44	27	132.33	Fuel	Credit Card	0
1417	1/8/2023 16:45	246	111.76	Restaurants	UPI	0
1418	1/8/2023 16:46	94	33.57	Electronics	UPI	0
1419	1/8/2023 16:48	397	20.15	Fashion	UPI	0
1420	1/8/2023 16:53	118	23.84	Restaurants	Debit Card	0
1421	1/8/2023 16:55	151	51.98	Fuel	UPI	0
1422	1/8/2023 16:57	3	25.74	Fashion	UPI	0
1423	1/8/2023 17:01	100	10.73	Fuel	UPI	0
1424	1/8/2023 17:07	130	47.99	Utility Bills	NetBanking	0
1425	1/8/2023 17:19	187	25.87	Restaurants	UPI	0
1426	1/8/2023 17:30	382	22.65	Fuel	Debit Card	0
1427	1/8/2023 17:39	51	21.9	Electronics	Debit Card	0
1428	1/8/2023 17:45	147	41.13	Grocery	UPI	0
1429	1/8/2023 17:45	312	28.44	Utility Bills	UPI	0
1430	1/8/2023 17:50	397	71.37	Utility Bills	UPI	0
1431	1/8/2023 18:08	478	22.76	Restaurants	UPI	0
1432	1/8/2023 18:12	300	60.84	Electronics	Debit Card	0
1433	1/8/2023 18:12	460	85.58	Fashion	Debit Card	0
1434	1/8/2023 18:16	350	67.98	Medical	Credit Card	0
1435	1/8/2023 18:16	240	22.11	Grocery	UPI	0
1436	1/8/2023 18:21	296	13.08	Grocery	UPI	0
1437	1/8/2023 18:21	174	80.6	Medical	Debit Card	0
1438	1/8/2023 18:31	90	14.21	Medical	Credit Card	0
1439	1/8/2023 18:31	10	10	Utility Bills	Debit Card	0
1440	1/8/2023 18:34	131	64.78	Travel	Debit Card	0
1441	1/8/2023 18:35	247	161.25	Medical	UPI	0
1442	1/8/2023 18:36	4	35.34	Electronics	NetBanking	0
1443	1/8/2023 18:38	30	10.27	Grocery	UPI	0
1444	1/8/2023 18:40	145	16.65	Restaurants	Credit Card	0
1445	1/8/2023 18:46	60	134.34	Utility Bills	Credit Card	0
1446	1/8/2023 18:59	337	10	Grocery	Debit Card	0
1447	1/8/2023 19:02	239	18.59	Electronics	Debit Card	0
1448	1/8/2023 19:01	392	19.77	Grocery	Debit Card	0
1449	1/8/2023 19:09	139	25.13	Grocery	Debit Card	0
1450	1/8/2023 19:15	481	12.85	Medical	UPI	0
1451	1/8/2023 19:19	373	29.5	Restaurants	UPI	0
1452	1/8/2023 19:22	150	60.04	Medical	UPI	0
1453	1/8/2023 19:26	492	77.16	Grocery	Credit Card	0
1454	1/8/2023 19:29	425	16.19	Grocery	UPI	0
1455	1/8/2023 19:31	51	10	Restaurants	UPI	0
1456	1/8/2023 19:37	387	247.27	Medical	UPI	0
1457	1/8/2023 19:40	145	84.97	Utility Bills	Credit Card	0
1458	1/8/2023 19:51	190	26.25	Grocery	Debit Card	0
1459	1/8/2023 19:54	48	35.95	Travel	UPI	0
1460	1/8/2023 19:59	165	71.91	Utility Bills	NetBanking	0
1461	1/8/2023 20:12	477	68.62	Fashion	Credit Card	0
1462	1/8/2023 20:15	437	27.17	Fuel	UPI	0
1463	1/8/2023 20:16	230	20.89	Grocery	UPI	0
1464	1/8/2023 20:22	34	89.61	Grocery	UPI	0
1465	1/8/2023 20:26	150	45.78	Utility Bills	Debit Card	0
1466	1/8/2023 20:35	444	99.2	Restaurants	Debit Card	0
1467	1/8/2023 20:54	37	24.13	Fashion	UPI	0
1468	1/8/2023 20:54	14	80.46	Medical	NetBanking	0
1469	1/8/2023 20:58	63	323.48	Travel	UPI	0
1470	1/8/2023 21:03	285	51.94	Fashion	Debit Card	0
1471	1/8/2023 21:04	498	36.46	Fashion	UPI	0
1472	1/8/2023 21:07	251	134.31	Travel	UPI	0
1473	1/8/2023 21:07	461	210.89	Fuel	Debit Card	0
1474	1/8/2023 21:13	233	28.64	Fashion	UPI	0
1475	1/8/2023 21:29	266	42.09	Utility Bills	Credit Card	0
1476	1/8/2023 21:30	26	12.61	Fashion	NetBanking	0
1477	1/8/2023 21:37	229	108.65	Restaurants	Credit Card	0
1478	1/8/2023 21:38	258	13.79	Fashion	UPI	0
1479	1/8/2023 21:45	426	27.42	Fashion	UPI	0
1480	1/8/2023 21:49	224	119.43	Travel	Credit Card	0
1481	1/8/2023 21:54	302	52.13	Electronics	UPI	0
1482	1/9/2023 9:06	444	38.48	Fuel	Credit Card	0
1483	1/9/2023 9:12	111	44.76	Grocery	UPI	0
1484	1/9/2023 9:16	187	26.6	Utility Bills	Debit Card	0
1485	1/9/2023 9:19	127	13.82	Medical	Credit Card	0
1486	1/9/2023 9:25	298	43.77	Fuel	Debit Card	0
1487	1/9/2023 9:27	462	215.5	Grocery	UPI	0
1488	1/9/2023 9:49	208	16.1	Utility Bills	Debit Card	0
1489	1/9/2023 9:50	159	48.01	Fashion	Debit Card	0
1490	1/9/2023 9:51	136	44.87	Travel	UPI	0
1491	1/9/2023 9:52	412	70.95	Electronics	UPI	0
1492	1/9/2023 9:52	428	62.41	Restaurants	UPI	0
1493	1/9/2023 10:46	96	38.32	Fashion	UPI	0
1494	1/9/2023 10:47	276	56.77	Travel	UPI	0
1495	1/9/2023 10:52	132	43.79	Electronics	Credit Card	0
1496	1/9/2023 10:56	131	24.11	Grocery	UPI	0
1497	1/9/2023 10:58	231	30.95	Utility Bills	UPI	0
1498	1/9/2023 11:20	147	41.2	Fashion	NetBanking	0
1499	1/9/2023 11:24	147	15.61	Grocery	UPI	0
1500	1/9/2023 11:29	116	13.87	Travel	UPI	0
1501	1/9/2023 11:37	24	22.37	Grocery	Debit Card	0
1502	1/9/2023 11:48	306	25.02	Utility Bills	Credit Card	0
1503	1/9/2023 12:13	393	53.7	Fashion	UPI	0
1504	1/9/2023 12:19	203	96.7	Grocery	UPI	0
1505	1/9/2023 12:23	116	23.85	Medical	Credit Card	0
1506	1/9/2023 12:27	396	11.88	Utility Bills	UPI	0
1507	1/9/2023 12:35	51	121.11	Electronics	UPI	0
1508	1/9/2023 12:41	381	38.71	Grocery	NetBanking	0
1509	1/9/2023 13:02	327	108.93	Medical	UPI	0
1510	1/9/2023 13:04	373	11.72	Restaurants	Credit Card	0
1511	1/9/2023 13:04	322	48.71	Grocery	UPI	0
1512	1/9/2023 13:21	3	62.44	Electronics	Credit Card	0
1513	1/9/2023 13:24	37	17.3	Fuel	UPI	0
1514	1/9/2023 13:26	298	28.13	Travel	UPI	0
1515	1/9/2023 13:47	124	177.89	Restaurants	Credit Card	0
1516	1/9/2023 13:58	119	17.84	Electronics	UPI	0
1517	1/9/2023 14:06	231	16.66	Utility Bills	Credit Card	0
1518	1/9/2023 14:11	467	112.33	Restaurants	NetBanking	0
1519	1/9/2023 14:12	420	70.5	Travel	Debit Card	0
1520	1/9/2023 14:14	161	15.79	Utility Bills	NetBanking	0
1521	1/9/2023 14:22	9	93.83	Utility Bills	UPI	0
1522	1/9/2023 14:27	295	90.33	Fashion	Credit Card	0
1523	1/9/2023 14:30	376	10	Utility Bills	UPI	0
1524	1/9/2023 14:46	362	12.65	Electronics	UPI	0
1525	1/9/2023 14:53	325	40.83	Utility Bills	UPI	0
1526	1/9/2023 14:57	153	58.99	Fuel	Debit Card	0
1527	1/9/2023 15:08	325	10	Fuel	Debit Card	0
1528	1/9/2023 15:24	145	22.05	Utility Bills	Debit Card	0
1529	1/9/2023 15:26	197	30.57	Medical	Debit Card	0
1530	1/9/2023 15:33	298	30.06	Grocery	Credit Card	0
1531	1/9/2023 15:34	223	40.98	Restaurants	UPI	0
1532	1/9/2023 15:41	187	263.36	Travel	Credit Card	0
1533	1/9/2023 15:41	122	26.64	Electronics	UPI	0
1534	1/9/2023 15:45	341	11.6	Electronics	UPI	0
1535	1/9/2023 15:47	320	37.4	Travel	UPI	0
1536	1/9/2023 15:49	366	18.94	Restaurants	Credit Card	0
1537	1/9/2023 15:49	333	20.26	Restaurants	UPI	0
1538	1/9/2023 15:52	351	61.26	Fashion	Credit Card	0
1539	1/9/2023 15:54	273	44.1	Fuel	UPI	0
1540	1/9/2023 15:58	486	36.39	Grocery	Debit Card	0
1541	1/9/2023 16:01	228	81.95	Grocery	UPI	0
1542	1/9/2023 16:04	213	63.92	Grocery	Debit Card	0
1543	1/9/2023 16:08	9	14.22	Electronics	UPI	0
1544	1/9/2023 16:10	388	54.85	Restaurants	UPI	0
1545	1/9/2023 16:15	7	31.55	Grocery	UPI	0
1546	1/9/2023 16:17	7	15.25	Medical	Credit Card	0
1547	1/9/2023 16:33	49	142.48	Fashion	Debit Card	0
1548	1/9/2023 16:40	397	149.8	Fashion	Debit Card	0
1549	1/9/2023 16:43	153	25.64	Fuel	NetBanking	0
1550	1/9/2023 16:46	268	20.07	Fuel	Credit Card	0
1551	1/9/2023 16:47	208	39.11	Restaurants	NetBanking	0
1552	1/9/2023 16:49	93	36.04	Travel	UPI	0
1553	1/9/2023 16:54	20	34.34	Grocery	NetBanking	0
1554	1/9/2023 16:56	150	32.88	Travel	Debit Card	0
1555	1/9/2023 17:15	4	30.63	Grocery	Credit Card	0
1556	1/9/2023 17:24	174	26.42	Grocery	Credit Card	0
1557	1/9/2023 17:26	150	10	Grocery	Credit Card	0
1558	1/9/2023 17:30	67	37.99	Fuel	UPI	0
1559	1/9/2023 17:34	89	24.04	Fuel	UPI	0
1560	1/9/2023 17:41	435	53.7	Travel	Debit Card	0
1561	1/9/2023 17:44	108	35.92	Fashion	Debit Card	0
1562	1/9/2023 17:49	9	12.28	Restaurants	UPI	0
1563	1/9/2023 17:52	387	29.68	Travel	Credit Card	0
1564	1/9/2023 17:54	437	189.8	Medical	Credit Card	0
1565	1/9/2023 18:02	247	32.53	Travel	Credit Card	0
1566	1/9/2023 18:03	446	37.55	Electronics	UPI	0
1567	1/9/2023 18:05	282	87.39	Fuel	UPI	0
1568	2/10/2023 10:25	314	15.31	Fashion	UPI	0
1569	1/9/2023 18:07	208	50.87	Fashion	Credit Card	0
1570	1/9/2023 18:12	260	215.03	Restaurants	Credit Card	0
1571	1/9/2023 18:13	22	13.31	Travel	Credit Card	0
1572	1/9/2023 18:17	145	74.74	Grocery	NetBanking	0
1573	1/9/2023 18:18	356	37.33	Utility Bills	UPI	0
1574	1/9/2023 18:25	407	10.74	Travel	NetBanking	0
1575	1/9/2023 18:38	262	33.58	Electronics	Debit Card	1
1576	1/9/2023 18:38	38	17.31	Utility Bills	UPI	0
1577	1/9/2023 18:38	482	18.02	Fuel	UPI	0
1578	1/9/2023 18:43	30	31.19	Medical	Credit Card	0
1579	1/9/2023 18:48	450	21.05	Restaurants	Credit Card	0
1580	1/9/2023 18:52	162	30.41	Fuel	Debit Card	0
1581	1/9/2023 18:54	287	31.77	Electronics	Debit Card	0
1582	1/9/2023 18:54	78	65.22	Fuel	NetBanking	0
1583	1/9/2023 18:56	195	23.14	Utility Bills	UPI	0
1584	1/9/2023 19:01	379	19.75	Fashion	UPI	0
1585	1/9/2023 19:04	87	23.42	Restaurants	Credit Card	0
1586	1/9/2023 19:22	424	13.28	Medical	UPI	0
1587	1/9/2023 19:31	465	46.27	Travel	Debit Card	0
1588	1/9/2023 19:33	231	10.94	Restaurants	UPI	0
1589	1/9/2023 19:44	295	61.91	Fashion	UPI	0
1590	1/9/2023 19:48	1	24.31	Grocery	NetBanking	0
1591	1/9/2023 19:50	396	10.72	Restaurants	UPI	0
1592	1/9/2023 19:57	433	10	Fuel	UPI	0
1593	1/9/2023 20:01	37	37.99	Fuel	UPI	0
1594	1/9/2023 20:03	314	66.51	Electronics	Debit Card	0
1595	1/9/2023 20:06	417	48.26	Restaurants	Credit Card	0
1596	1/9/2023 20:23	190	86.9	Fuel	Credit Card	0
1597	1/9/2023 20:24	166	546.74	Restaurants	Credit Card	0
1598	1/9/2023 20:31	308	18.87	Grocery	Credit Card	0
1599	1/9/2023 20:47	339	64.59	Fashion	UPI	0
1600	1/9/2023 20:47	395	20.6	Grocery	UPI	0
1601	1/9/2023 20:52	179	20.76	Restaurants	Credit Card	0
1602	1/9/2023 21:03	285	45.71	Grocery	UPI	0
1603	1/9/2023 21:08	293	19.25	Grocery	UPI	0
1604	1/9/2023 21:12	188	132.24	Grocery	Credit Card	0
1605	1/9/2023 21:15	285	42.33	Medical	UPI	0
1606	1/9/2023 21:23	92	44.8	Grocery	NetBanking	0
1607	1/9/2023 21:24	178	146.66	Electronics	NetBanking	0
1608	1/9/2023 21:27	332	52.97	Restaurants	Debit Card	0
1609	1/9/2023 21:31	15	62.62	Fashion	UPI	0
1610	1/9/2023 21:32	443	84.95	Grocery	UPI	0
1611	1/9/2023 21:32	177	26.7	Restaurants	Credit Card	0
1612	1/9/2023 21:34	393	41.13	Restaurants	UPI	0
1613	1/9/2023 21:34	258	59.82	Fashion	UPI	0
1614	1/9/2023 21:54	379	25.25	Fuel	UPI	0
1615	1/9/2023 21:57	471	14.47	Grocery	UPI	0
1616	1/9/2023 21:58	156	41.48	Medical	UPI	0
1617	1/10/2023 9:00	481	29.02	Medical	Debit Card	0
1618	1/10/2023 9:09	424	324.44	Medical	UPI	0
1619	1/10/2023 9:18	215	87.93	Utility Bills	Credit Card	0
1620	1/10/2023 9:22	192	12.58	Restaurants	NetBanking	0
1621	1/10/2023 9:23	389	42.7	Utility Bills	UPI	0
1622	1/10/2023 9:31	108	20.12	Travel	Credit Card	0
1623	1/10/2023 9:34	119	83.43	Medical	Credit Card	0
1624	1/10/2023 9:43	328	90.54	Fashion	NetBanking	0
1625	1/10/2023 9:46	148	64.47	Grocery	UPI	0
1626	1/8/2023 19:06	392	57.13	Fashion	UPI	0
1627	1/10/2023 10:06	182	29.51	Restaurants	NetBanking	0
1628	1/10/2023 10:07	395	27.69	Grocery	Debit Card	0
1629	1/10/2023 10:08	69	35.52	Utility Bills	UPI	0
1630	1/10/2023 10:12	187	24.54	Restaurants	NetBanking	0
1631	1/10/2023 10:22	382	43.37	Fashion	UPI	0
1632	1/10/2023 10:37	403	73.14	Fashion	Debit Card	0
1633	1/10/2023 10:39	153	24.46	Travel	Credit Card	0
1634	1/10/2023 10:44	308	17.55	Restaurants	Credit Card	0
1635	1/10/2023 10:53	95	35.91	Utility Bills	UPI	0
1636	1/10/2023 11:04	108	27.21	Grocery	Debit Card	0
1637	1/10/2023 11:06	481	43.94	Travel	NetBanking	0
1638	1/10/2023 11:10	427	46.28	Fashion	Credit Card	0
1639	1/10/2023 11:14	78	37.49	Utility Bills	UPI	0
1640	1/10/2023 11:23	231	35.46	Utility Bills	Debit Card	0
1641	1/10/2023 11:31	21	255.65	Travel	Credit Card	0
1642	1/10/2023 11:34	72	19.42	Fashion	UPI	0
1643	1/10/2023 11:37	495	21.11	Medical	UPI	0
1644	1/10/2023 11:39	284	50.28	Fashion	Debit Card	0
1645	1/10/2023 11:43	183	43.68	Fashion	Credit Card	0
1646	1/10/2023 11:48	219	31.57	Fuel	Debit Card	0
1647	1/10/2023 11:54	402	34.15	Restaurants	UPI	0
1648	2/21/2023 8:50	394	11.72	Utility Bills	UPI	0
1649	1/10/2023 12:00	96	10.22	Grocery	UPI	0
1650	1/10/2023 12:14	253	23.08	Fuel	UPI	0
1651	1/10/2023 12:30	150	26.15	Utility Bills	UPI	0
1652	1/10/2023 12:36	382	111.37	Utility Bills	NetBanking	0
1653	1/10/2023 12:44	122	45.53	Grocery	UPI	0
1654	1/10/2023 13:02	499	25.24	Travel	UPI	0
1655	1/10/2023 13:05	298	90.4	Fuel	Debit Card	0
1656	1/10/2023 13:25	68	38.78	Restaurants	Credit Card	0
1657	1/10/2023 13:39	133	82.57	Fuel	Credit Card	0
1658	1/10/2023 13:44	494	19.43	Travel	UPI	0
1659	1/10/2023 13:49	37	33.31	Restaurants	UPI	0
1660	1/10/2023 13:51	303	10.68	Grocery	UPI	0
1661	1/10/2023 13:53	210	10.85	Medical	UPI	0
1662	1/10/2023 13:54	15	24.41	Grocery	UPI	0
1663	1/10/2023 13:56	27	99.33	Electronics	UPI	0
1664	1/10/2023 14:26	110	45.79	Restaurants	UPI	0
1665	1/10/2023 14:33	55	82.7	Restaurants	Credit Card	0
1666	1/10/2023 14:38	41	54.37	Fashion	Debit Card	0
1667	1/10/2023 14:44	326	25.62	Fuel	NetBanking	0
1668	1/10/2023 14:47	178	40.77	Utility Bills	Debit Card	0
1669	1/10/2023 14:48	453	58.33	Grocery	Debit Card	0
1670	1/10/2023 14:49	445	75.33	Electronics	Credit Card	0
1671	1/10/2023 14:53	441	15.61	Fashion	Credit Card	0
1672	1/10/2023 14:55	431	60.5	Fuel	UPI	0
1673	1/10/2023 14:58	453	27.36	Fuel	NetBanking	0
1674	1/10/2023 15:01	137	39.91	Utility Bills	UPI	0
1675	1/10/2023 15:05	298	80.09	Utility Bills	UPI	0
1676	1/10/2023 15:08	119	33.42	Utility Bills	Credit Card	0
1677	1/10/2023 15:11	208	158.59	Fashion	NetBanking	0
1678	1/10/2023 15:13	46	78.69	Travel	Credit Card	0
1679	1/10/2023 15:13	208	151.32	Electronics	UPI	0
1680	1/10/2023 15:14	379	96.35	Medical	Debit Card	0
1681	1/10/2023 15:18	197	34.67	Fashion	UPI	0
1682	1/10/2023 15:19	182	46.51	Grocery	Debit Card	0
1683	1/10/2023 15:21	187	16.41	Utility Bills	Credit Card	0
1684	1/10/2023 15:23	7	20.98	Fuel	Credit Card	0
1685	1/10/2023 15:24	70	43.31	Restaurants	UPI	0
1686	1/10/2023 15:24	297	167.23	Medical	UPI	0
1687	1/10/2023 15:29	409	137.59	Restaurants	Credit Card	0
1688	1/10/2023 15:31	174	73.13	Electronics	UPI	0
1689	1/10/2023 15:36	315	28.68	Travel	Credit Card	0
1690	1/10/2023 15:48	476	34.21	Grocery	UPI	0
1691	1/10/2023 15:52	101	42.8	Fashion	UPI	1
1692	1/10/2023 15:59	40	38.01	Restaurants	Credit Card	0
1693	1/10/2023 16:00	147	30.4	Travel	UPI	0
1694	1/10/2023 16:00	145	47.1	Fuel	UPI	0
1695	1/10/2023 16:01	417	11.87	Fuel	UPI	0
1696	1/10/2023 16:01	202	16.81	Grocery	Debit Card	0
1697	1/10/2023 16:03	285	78.6	Restaurants	Debit Card	0
1698	1/10/2023 16:05	253	35.01	Grocery	Credit Card	0
1699	1/10/2023 16:07	147	54.47	Medical	Debit Card	0
1700	1/10/2023 16:16	41	149.02	Grocery	Debit Card	0
1701	1/10/2023 16:16	87	21.72	Fuel	NetBanking	0
1702	1/10/2023 16:18	224	14	Utility Bills	UPI	0
1703	1/10/2023 16:30	231	62.06	Grocery	Debit Card	0
1704	1/10/2023 16:31	138	50.09	Fuel	Debit Card	0
1705	1/10/2023 16:39	228	54.28	Fuel	Credit Card	0
1706	1/10/2023 16:40	180	70.48	Fashion	Debit Card	0
1707	1/10/2023 16:41	235	28.1	Fashion	Credit Card	0
1708	1/10/2023 16:41	141	201.41	Medical	Credit Card	0
1709	1/10/2023 16:48	60	61.55	Travel	Credit Card	0
1710	1/10/2023 16:52	193	12.33	Utility Bills	Credit Card	0
1711	1/10/2023 16:53	290	37.72	Travel	UPI	0
1712	1/10/2023 16:55	65	47.48	Electronics	UPI	0
1713	1/10/2023 16:56	275	21.27	Grocery	NetBanking	0
1714	1/10/2023 17:00	213	10.48	Utility Bills	UPI	0
1715	1/10/2023 17:02	448	12.32	Fuel	UPI	0
1716	1/10/2023 17:10	264	18.81	Grocery	Credit Card	0
1717	1/10/2023 17:11	375	33.67	Electronics	Credit Card	0
1718	1/10/2023 17:17	254	43.14	Grocery	UPI	0
1719	1/10/2023 17:19	231	27.54	Restaurants	NetBanking	0
1720	1/10/2023 17:20	39	24.5	Fuel	Credit Card	0
1721	1/10/2023 17:20	443	18.99	Grocery	UPI	0
1722	1/10/2023 17:26	54	33.32	Grocery	Debit Card	0
1723	1/10/2023 17:29	116	47.72	Grocery	Debit Card	0
1724	1/13/2023 10:06	374	22.54	Medical	Credit Card	0
1725	1/10/2023 17:33	346	32.3	Fuel	Credit Card	0
1726	1/10/2023 17:35	258	10	Grocery	Debit Card	0
1727	1/10/2023 17:37	194	21.38	Grocery	Credit Card	0
1728	1/10/2023 17:37	78	66.57	Electronics	Credit Card	0
1729	1/10/2023 17:38	215	12.99	Fashion	UPI	0
1730	1/10/2023 17:50	160	14.55	Fuel	NetBanking	0
1731	1/10/2023 17:50	174	37.31	Electronics	Debit Card	0
1732	1/10/2023 17:51	443	109.26	Restaurants	UPI	0
1733	1/10/2023 17:57	302	177.45	Electronics	Credit Card	0
1734	1/10/2023 18:00	241	51.97	Grocery	Debit Card	0
1735	1/10/2023 18:01	233	45.63	Grocery	UPI	0
1736	1/10/2023 18:02	94	71.41	Travel	UPI	0
1737	1/10/2023 18:05	391	32.93	Fashion	Debit Card	0
1738	1/10/2023 18:08	70	67.67	Fuel	UPI	0
1739	1/10/2023 18:11	20	45.77	Fashion	Credit Card	0
1740	1/10/2023 18:16	108	29.32	Grocery	UPI	0
1741	1/10/2023 18:17	382	52.43	Restaurants	Credit Card	0
1742	1/10/2023 18:23	208	14.13	Restaurants	Debit Card	0
1743	1/10/2023 18:24	453	25.59	Grocery	NetBanking	0
1744	1/10/2023 18:26	313	12.07	Electronics	UPI	0
1745	1/10/2023 18:26	203	30.74	Fashion	NetBanking	0
1746	1/10/2023 18:28	415	87.89	Travel	UPI	0
1747	1/10/2023 18:31	338	66.04	Utility Bills	UPI	0
1748	1/10/2023 18:31	178	38.07	Grocery	UPI	0
1749	1/10/2023 18:32	461	40.04	Fuel	Debit Card	0
1750	1/10/2023 18:36	258	36.8	Utility Bills	UPI	0
1751	1/10/2023 18:36	373	87.63	Utility Bills	UPI	0
1752	1/10/2023 18:37	304	20.35	Utility Bills	Credit Card	0
1753	1/10/2023 18:39	365	14.72	Utility Bills	UPI	0
1754	1/10/2023 18:40	226	47.76	Grocery	UPI	0
1755	1/10/2023 18:42	302	93.82	Fashion	UPI	0
1756	1/10/2023 18:44	284	108.52	Fuel	UPI	0
1757	1/10/2023 18:45	180	50.95	Fuel	UPI	0
1758	1/10/2023 18:46	349	11.44	Restaurants	UPI	0
1759	1/10/2023 18:46	468	17.99	Fuel	UPI	0
1760	1/10/2023 18:50	461	71.33	Electronics	Credit Card	0
1761	1/10/2023 18:52	327	73.11	Grocery	NetBanking	0
1762	1/10/2023 18:54	147	93.56	Grocery	Credit Card	0
1763	1/10/2023 18:59	330	102.16	Utility Bills	UPI	0
1764	1/10/2023 19:01	264	19.92	Restaurants	Credit Card	0
1765	1/10/2023 19:02	296	121.28	Electronics	Credit Card	0
1766	1/10/2023 19:04	76	103.45	Medical	Credit Card	0
1767	1/10/2023 19:05	199	71.37	Fuel	NetBanking	0
1768	1/10/2023 19:05	25	24.97	Medical	UPI	0
1769	1/10/2023 19:06	492	36.34	Electronics	Debit Card	0
1770	1/10/2023 19:08	156	23.88	Travel	UPI	0
1771	1/10/2023 19:16	379	24.83	Restaurants	UPI	0
1772	1/10/2023 19:17	161	50.11	Fuel	Debit Card	0
1773	1/10/2023 19:24	357	51.2	Electronics	Credit Card	0
1774	1/10/2023 19:33	215	22.94	Restaurants	Debit Card	0
1775	1/10/2023 19:35	150	44.53	Utility Bills	UPI	0
1776	1/10/2023 19:35	187	50.15	Fuel	Credit Card	0
1777	1/10/2023 19:38	444	50.64	Travel	Credit Card	0
1778	1/10/2023 19:38	247	131.18	Grocery	Credit Card	0
1779	1/10/2023 19:44	284	63.48	Grocery	NetBanking	0
1780	1/10/2023 19:47	262	69.88	Fashion	NetBanking	0
1781	1/10/2023 20:03	287	28.24	Travel	UPI	0
1782	1/10/2023 20:06	175	10.76	Restaurants	NetBanking	0
1783	1/10/2023 20:09	96	12.2	Utility Bills	Credit Card	0
1784	1/10/2023 20:17	215	47.41	Grocery	UPI	0
1785	1/10/2023 20:19	314	31.57	Grocery	UPI	0
1786	1/10/2023 20:26	205	33.11	Grocery	UPI	0
1787	1/10/2023 20:26	147	37.59	Grocery	UPI	0
1788	1/10/2023 20:41	349	27.91	Restaurants	UPI	0
1789	1/10/2023 20:42	87	74.75	Fashion	Credit Card	0
1790	1/10/2023 20:48	208	86.58	Fashion	Debit Card	0
1791	1/10/2023 20:48	235	39.79	Electronics	Credit Card	0
1792	1/10/2023 20:49	393	73.42	Electronics	UPI	0
1793	1/10/2023 20:55	427	49.21	Utility Bills	Debit Card	0
1794	1/10/2023 21:04	72	32.12	Fashion	Credit Card	0
1795	1/10/2023 21:06	125	23.8	Electronics	Credit Card	0
1796	2/22/2023 22:05	490	33.33	Fuel	UPI	0
1797	1/10/2023 21:27	477	19.27	Fashion	UPI	0
1798	1/10/2023 21:41	492	54.73	Grocery	Credit Card	0
1799	1/10/2023 21:43	295	42.87	Utility Bills	UPI	0
1800	1/10/2023 21:48	295	14.73	Grocery	UPI	0
1801	1/10/2023 21:51	150	19.56	Grocery	Debit Card	0
1802	1/10/2023 21:56	366	15.78	Medical	Debit Card	0
1803	1/11/2023 9:04	187	17.98	Travel	Credit Card	0
1804	1/11/2023 9:04	187	63	Travel	UPI	0
1805	1/11/2023 9:12	314	48.96	Grocery	Credit Card	0
1806	1/11/2023 9:13	285	17.52	Electronics	NetBanking	0
1807	1/11/2023 9:16	296	181.48	Fashion	Debit Card	0
1808	1/11/2023 9:39	243	20.67	Medical	UPI	0
1809	1/11/2023 9:47	190	16.4	Utility Bills	Debit Card	0
1810	1/11/2023 9:53	443	15.35	Grocery	Credit Card	0
1811	1/11/2023 9:53	368	17.89	Fuel	NetBanking	0
1812	1/11/2023 9:53	145	54.51	Electronics	NetBanking	0
1813	1/11/2023 9:55	460	16	Medical	UPI	0
1814	1/11/2023 9:59	96	35.14	Grocery	Credit Card	0
1815	1/11/2023 10:02	341	30.06	Utility Bills	NetBanking	0
1816	1/11/2023 10:07	445	40.11	Medical	Credit Card	0
1817	1/11/2023 10:11	314	15.71	Utility Bills	Debit Card	0
1818	1/11/2023 10:16	443	68.51	Fashion	Credit Card	0
1819	1/11/2023 10:20	402	37.66	Restaurants	UPI	0
1820	1/11/2023 10:29	126	113.54	Fuel	Credit Card	0
1821	1/11/2023 10:32	134	34.88	Fuel	Debit Card	0
1822	1/11/2023 10:34	238	77.88	Restaurants	Credit Card	0
1823	1/11/2023 10:38	229	87.72	Grocery	UPI	0
1824	1/11/2023 10:45	339	24.73	Restaurants	NetBanking	0
1825	1/11/2023 10:46	9	175.04	Fashion	UPI	0
1826	1/11/2023 10:49	184	42.85	Grocery	UPI	0
1827	1/11/2023 11:13	456	30.88	Utility Bills	UPI	0
1828	1/11/2023 11:21	357	23.39	Electronics	NetBanking	0
1829	1/11/2023 11:23	67	12.58	Electronics	NetBanking	0
1830	1/11/2023 11:26	329	10.74	Travel	UPI	0
1831	1/11/2023 11:28	147	17.04	Restaurants	UPI	0
1832	1/11/2023 11:29	117	44.75	Fuel	UPI	0
1833	1/11/2023 11:30	234	62.97	Electronics	Credit Card	0
1834	1/11/2023 11:33	483	20.34	Utility Bills	UPI	0
1835	1/11/2023 11:38	339	25.04	Utility Bills	Credit Card	0
1836	1/11/2023 11:42	195	40.19	Utility Bills	Debit Card	0
1837	1/11/2023 12:04	379	31.72	Restaurants	Debit Card	0
1838	1/11/2023 12:08	147	16.05	Restaurants	Debit Card	0
1839	1/11/2023 12:08	108	29.66	Travel	Debit Card	0
1840	1/11/2023 12:23	307	80.12	Grocery	UPI	0
1841	1/11/2023 12:23	183	12.22	Electronics	UPI	0
1842	1/11/2023 12:29	435	46.79	Fashion	Credit Card	0
1843	1/11/2023 12:36	292	10	Restaurants	Debit Card	0
1844	1/11/2023 12:42	231	84.28	Fuel	Credit Card	0
1845	1/11/2023 12:46	305	58.81	Fuel	UPI	0
1846	1/11/2023 12:48	78	39.94	Travel	UPI	0
1847	1/11/2023 12:48	358	40.06	Grocery	Credit Card	0
1848	1/11/2023 13:06	298	53.83	Travel	UPI	0
1849	1/11/2023 13:07	145	83.18	Fuel	NetBanking	0
1850	1/11/2023 13:23	107	28.21	Medical	UPI	0
1851	1/11/2023 13:41	119	14.02	Electronics	UPI	0
1852	1/11/2023 13:42	213	14.44	Grocery	Debit Card	0
1853	1/11/2023 13:43	247	45.12	Fashion	UPI	0
1854	1/11/2023 13:48	456	90.16	Utility Bills	UPI	0
1855	1/11/2023 13:49	362	78.95	Restaurants	NetBanking	0
1856	1/11/2023 13:58	231	62.2	Fuel	Credit Card	0
1857	1/11/2023 14:03	231	24.96	Utility Bills	Credit Card	0
1858	1/11/2023 14:11	187	33.15	Restaurants	Debit Card	0
1859	1/11/2023 14:11	402	194.62	Electronics	UPI	0
1860	1/11/2023 14:12	239	12.49	Electronics	Debit Card	0
1861	1/11/2023 14:12	119	46.81	Fuel	UPI	0
1862	1/11/2023 14:15	115	86	Fashion	UPI	0
1863	1/11/2023 14:18	68	159.62	Restaurants	NetBanking	0
1864	1/11/2023 14:22	491	39.48	Grocery	Credit Card	0
1865	1/11/2023 14:23	70	43.86	Grocery	UPI	0
1866	1/11/2023 14:26	37	96.46	Medical	Debit Card	0
1867	1/11/2023 14:26	147	42.21	Restaurants	Debit Card	0
1868	1/11/2023 14:29	220	47.35	Restaurants	UPI	0
1869	1/11/2023 14:34	54	32.56	Restaurants	NetBanking	0
1870	1/11/2023 14:40	298	15.93	Grocery	Credit Card	0
1871	1/11/2023 14:43	95	45.6	Medical	Debit Card	0
1872	1/11/2023 14:48	453	18.38	Electronics	Credit Card	0
1873	1/11/2023 14:58	284	25.69	Grocery	Credit Card	0
1874	1/11/2023 15:03	426	64.3	Fashion	Credit Card	0
1875	1/11/2023 15:07	428	29.3	Grocery	Credit Card	0
1876	1/11/2023 15:16	233	76.59	Medical	UPI	0
1877	1/11/2023 15:16	26	54.83	Fuel	UPI	0
1878	1/11/2023 15:17	85	19.08	Fashion	UPI	0
1879	1/11/2023 15:31	481	23.39	Grocery	NetBanking	0
1880	1/11/2023 15:36	72	30.43	Electronics	Credit Card	0
1881	1/11/2023 15:44	56	14.16	Utility Bills	Credit Card	0
1882	1/11/2023 15:49	408	31.87	Fuel	UPI	0
1883	1/11/2023 15:53	302	10.52	Fuel	NetBanking	0
1884	1/11/2023 15:57	262	41.4	Electronics	UPI	0
1885	1/11/2023 15:59	384	12.23	Restaurants	UPI	0
1886	1/11/2023 16:00	460	41.89	Restaurants	UPI	0
1887	1/11/2023 16:17	327	18.83	Medical	Credit Card	0
1888	1/11/2023 16:18	147	22.47	Fashion	UPI	0
1889	1/11/2023 16:21	154	27	Restaurants	Credit Card	0
1890	1/11/2023 16:21	17	17.48	Utility Bills	Debit Card	0
1891	1/11/2023 16:25	124	44.32	Electronics	UPI	0
1892	1/11/2023 16:29	305	37.35	Fashion	UPI	0
1893	1/11/2023 16:32	355	30.05	Electronics	UPI	0
1894	1/11/2023 16:34	30	68.37	Utility Bills	UPI	0
1895	1/11/2023 16:35	30	30.72	Utility Bills	Credit Card	0
1896	1/11/2023 16:39	314	40.68	Grocery	Credit Card	0
1897	1/11/2023 16:40	158	107.01	Medical	UPI	0
1898	1/11/2023 16:40	43	79.14	Electronics	UPI	0
1899	1/11/2023 16:44	208	13.77	Medical	UPI	0
1900	1/11/2023 16:45	424	31.06	Utility Bills	Credit Card	0
1901	1/11/2023 16:45	94	83.15	Fashion	Credit Card	0
1902	1/11/2023 16:47	383	29.57	Medical	UPI	0
1903	1/11/2023 16:52	467	22.29	Grocery	UPI	0
1904	1/11/2023 16:56	177	60.34	Utility Bills	Credit Card	0
1905	1/14/2023 12:18	212	22.18	Medical	Credit Card	0
1906	1/11/2023 17:01	302	66.53	Fuel	Credit Card	0
1907	1/11/2023 17:05	145	54.84	Restaurants	UPI	0
1908	1/11/2023 17:07	153	21.56	Electronics	NetBanking	0
1909	1/11/2023 17:08	240	43.96	Fashion	Debit Card	0
1910	1/11/2023 17:10	9	97.56	Travel	Credit Card	0
1911	1/11/2023 17:13	81	44.67	Grocery	UPI	0
1912	1/11/2023 17:16	491	27.97	Restaurants	UPI	0
1913	1/11/2023 17:19	209	20.21	Grocery	UPI	0
1914	1/11/2023 17:23	307	10	Utility Bills	UPI	0
1915	1/11/2023 17:24	177	264.02	Fashion	NetBanking	0
1916	1/11/2023 17:25	301	41.46	Medical	UPI	0
1917	1/11/2023 17:26	349	26.59	Fashion	UPI	0
1918	1/11/2023 17:26	100	57.97	Restaurants	UPI	0
1919	1/11/2023 17:30	337	12.13	Fashion	UPI	0
1920	1/11/2023 17:30	366	13.19	Fashion	NetBanking	0
1921	1/11/2023 17:31	60	12.36	Electronics	UPI	0
1922	1/11/2023 17:34	147	339.87	Fashion	UPI	0
1923	1/11/2023 17:40	461	21.58	Medical	UPI	0
1924	1/11/2023 17:42	65	35.36	Travel	UPI	0
1925	1/11/2023 17:43	71	55.32	Fashion	Credit Card	0
1926	1/11/2023 17:45	208	44.4	Medical	NetBanking	0
1927	1/11/2023 17:47	247	123.98	Electronics	Credit Card	0
1928	1/11/2023 17:51	403	10	Restaurants	Debit Card	0
1929	1/11/2023 17:53	119	28.79	Travel	Credit Card	0
1930	1/11/2023 17:55	296	20.18	Travel	UPI	0
1931	1/11/2023 17:58	285	13.57	Fashion	NetBanking	0
1932	1/11/2023 18:00	298	51.07	Fashion	NetBanking	0
1933	1/11/2023 18:05	226	77.9	Utility Bills	UPI	0
1934	1/11/2023 18:09	44	39.71	Medical	UPI	0
1935	1/11/2023 18:11	333	37.55	Grocery	Credit Card	0
1936	1/11/2023 18:13	285	22.41	Utility Bills	UPI	0
1937	1/11/2023 18:13	290	201.88	Travel	UPI	0
1938	1/11/2023 18:19	438	16.36	Fuel	UPI	0
1939	1/11/2023 18:23	116	10.33	Fuel	UPI	0
1940	1/11/2023 18:26	250	33.84	Grocery	Credit Card	0
1941	1/11/2023 18:28	15	26.43	Medical	Credit Card	0
1942	1/11/2023 18:31	349	73.04	Fashion	Debit Card	0
1943	1/11/2023 18:35	109	10.74	Utility Bills	UPI	0
1944	1/11/2023 18:38	459	55.55	Fuel	Credit Card	0
1945	1/11/2023 18:38	108	14.92	Grocery	UPI	1
1946	1/11/2023 18:41	302	29.83	Electronics	UPI	0
1947	1/11/2023 18:44	143	11.54	Restaurants	Debit Card	0
1948	1/11/2023 18:44	369	14.04	Utility Bills	Debit Card	0
1949	1/11/2023 18:46	218	13.22	Utility Bills	Debit Card	0
1950	1/11/2023 18:51	52	18.35	Utility Bills	Credit Card	0
1951	1/11/2023 18:54	9	98.89	Utility Bills	Credit Card	0
1952	1/11/2023 18:56	313	108.9	Fashion	Credit Card	0
1953	1/11/2023 19:19	17	10	Utility Bills	Debit Card	0
1954	1/11/2023 19:21	222	25.86	Travel	Credit Card	0
1955	1/11/2023 19:22	24	32.34	Medical	Debit Card	0
1956	1/11/2023 19:27	407	33.28	Grocery	UPI	0
1957	1/11/2023 19:31	296	34.48	Grocery	Debit Card	0
1958	1/11/2023 19:31	387	24.24	Fashion	Debit Card	0
1959	1/11/2023 19:34	387	20.19	Travel	Credit Card	0
1960	1/11/2023 19:34	446	19.11	Grocery	Debit Card	0
1961	1/11/2023 19:38	417	132.31	Utility Bills	Credit Card	0
1962	1/11/2023 19:40	349	10.8	Fashion	UPI	0
1963	1/11/2023 19:42	230	22.2	Electronics	Debit Card	0
1964	1/11/2023 19:48	185	12.95	Utility Bills	UPI	0
1965	1/11/2023 19:51	189	117.67	Fashion	UPI	0
1966	1/11/2023 19:55	138	103.02	Fashion	UPI	0
1967	1/11/2023 20:01	298	12.42	Fashion	NetBanking	0
1968	1/11/2023 20:04	460	49.52	Travel	Credit Card	0
1969	1/11/2023 20:09	208	17.47	Travel	Debit Card	0
1970	1/11/2023 20:09	114	81	Utility Bills	UPI	0
1971	1/11/2023 20:12	25	45.72	Grocery	UPI	0
1972	1/11/2023 20:18	147	75.07	Fuel	UPI	0
1973	1/11/2023 20:21	261	34.91	Fuel	NetBanking	0
1974	1/11/2023 20:22	56	41.28	Electronics	Credit Card	0
1975	1/11/2023 20:27	109	25.14	Medical	UPI	0
1976	1/11/2023 20:33	38	55.07	Utility Bills	UPI	0
1977	1/11/2023 20:34	10	45.01	Medical	UPI	0
1978	1/11/2023 20:38	435	79.77	Grocery	UPI	0
1979	1/11/2023 20:39	131	10.79	Grocery	UPI	0
1980	1/11/2023 20:41	324	30.11	Fuel	UPI	0
1981	1/11/2023 20:42	60	61.98	Utility Bills	Credit Card	0
1982	1/11/2023 20:49	40	35.31	Electronics	UPI	0
1983	1/11/2023 20:53	150	23.01	Fuel	Credit Card	0
1984	1/11/2023 20:56	79	96.14	Restaurants	Credit Card	0
1985	1/11/2023 20:59	15	32.38	Grocery	NetBanking	0
1986	1/11/2023 21:05	338	12.33	Travel	UPI	0
1987	2/1/2023 14:49	120	180.41	Grocery	UPI	0
1988	1/11/2023 21:09	276	10	Grocery	Credit Card	0
1989	1/11/2023 21:20	126	35.84	Electronics	UPI	0
1990	1/11/2023 21:25	327	56.34	Electronics	UPI	0
1991	2/5/2023 20:37	381	27.72	Restaurants	Debit Card	0
1992	1/11/2023 21:31	48	141.19	Medical	Credit Card	0
1993	1/11/2023 21:32	302	134.66	Medical	UPI	0
1994	1/11/2023 21:33	403	38.89	Travel	UPI	0
1995	1/11/2023 21:34	277	19.11	Fuel	Debit Card	0
1996	1/11/2023 21:34	145	45.22	Utility Bills	UPI	0
1997	1/11/2023 21:38	369	47.08	Medical	NetBanking	0
1998	1/11/2023 21:45	208	16.21	Electronics	Debit Card	0
1999	1/11/2023 21:46	116	133.35	Restaurants	UPI	0
2000	1/11/2023 21:48	208	57.56	Electronics	UPI	0
2001	1/11/2023 21:51	207	127.34	Utility Bills	UPI	0
2002	1/11/2023 21:54	165	11.35	Grocery	UPI	0
2003	1/11/2023 21:54	147	57.56	Grocery	UPI	0
2004	1/12/2023 9:02	359	23.38	Fuel	NetBanking	0
2005	1/12/2023 9:06	427	132.94	Restaurants	Credit Card	0
2006	1/12/2023 9:20	145	27.48	Restaurants	NetBanking	0
2007	1/12/2023 9:20	402	46.23	Medical	NetBanking	0
2008	1/12/2023 9:24	491	234.38	Fashion	Debit Card	0
2009	1/12/2023 9:25	133	12.12	Travel	UPI	0
2010	1/12/2023 9:29	445	32.96	Grocery	Credit Card	0
2011	1/12/2023 9:43	295	14.84	Restaurants	Credit Card	0
2012	1/12/2023 9:44	278	49.86	Travel	Debit Card	1
2013	1/12/2023 10:02	301	28.89	Restaurants	UPI	0
2014	1/12/2023 10:09	70	33.33	Grocery	UPI	0
2015	1/12/2023 10:14	138	10	Fuel	UPI	0
2016	1/12/2023 10:15	15	10	Restaurants	Credit Card	0
2017	1/12/2023 10:21	369	100.78	Grocery	UPI	0
2018	1/12/2023 10:21	82	33.27	Fashion	UPI	0
2019	1/12/2023 10:24	427	137.87	Fuel	UPI	0
2020	1/12/2023 10:29	66	64.91	Fashion	UPI	0
2021	1/12/2023 10:29	158	127.19	Fashion	Debit Card	0
2022	1/12/2023 10:37	456	14.04	Medical	UPI	0
2023	1/12/2023 10:56	276	40	Utility Bills	Debit Card	0
2024	1/12/2023 11:08	178	23.04	Grocery	Debit Card	0
2025	1/12/2023 11:09	203	17.74	Electronics	Credit Card	0
2026	1/12/2023 11:14	11	68.61	Fuel	UPI	0
2027	1/12/2023 11:19	208	24.43	Medical	UPI	0
2028	1/12/2023 11:25	119	43.67	Grocery	UPI	0
2029	1/12/2023 11:26	150	13.29	Restaurants	UPI	0
2030	1/12/2023 11:30	147	19.56	Restaurants	UPI	0
2031	1/12/2023 11:32	99	87.19	Grocery	Debit Card	0
2032	1/12/2023 11:39	305	31.41	Electronics	NetBanking	0
2033	1/12/2023 11:44	274	63.79	Fashion	Credit Card	0
2034	1/12/2023 11:49	208	87.55	Electronics	Credit Card	0
2035	1/12/2023 11:59	240	54.57	Utility Bills	Debit Card	0
2036	1/12/2023 12:05	178	97.92	Utility Bills	Credit Card	0
2037	1/12/2023 12:06	217	29.61	Electronics	Debit Card	0
2038	1/12/2023 12:33	145	40.26	Utility Bills	Credit Card	0
2039	1/12/2023 12:53	404	83.89	Fashion	Debit Card	0
2040	1/12/2023 12:59	420	271.98	Grocery	UPI	0
2041	1/12/2023 13:00	215	26.15	Grocery	UPI	0
2042	1/12/2023 13:08	144	109.96	Electronics	UPI	0
2043	1/12/2023 13:14	190	23.75	Utility Bills	UPI	0
2044	1/12/2023 13:16	251	32.04	Electronics	UPI	0
2045	1/12/2023 13:22	51	71.19	Electronics	UPI	0
2046	1/12/2023 13:25	81	43.38	Fuel	UPI	1
2047	1/12/2023 13:25	99	51.56	Grocery	Credit Card	0
2048	1/12/2023 13:27	231	33.4	Fuel	UPI	0
2049	1/12/2023 13:55	105	47.39	Utility Bills	Debit Card	0
2050	1/12/2023 14:05	15	20.18	Electronics	NetBanking	0
2051	1/12/2023 14:10	189	17.36	Fuel	UPI	0
2052	1/12/2023 14:13	430	126.63	Grocery	NetBanking	0
2053	1/12/2023 14:16	147	61.68	Utility Bills	Debit Card	0
2054	1/12/2023 14:25	281	17.83	Utility Bills	UPI	0
2055	1/12/2023 14:30	247	99.1	Grocery	Credit Card	0
2056	1/12/2023 14:50	298	21.32	Grocery	UPI	0
2057	1/12/2023 14:56	226	34.07	Travel	UPI	0
2058	1/12/2023 14:57	170	60.85	Fashion	Debit Card	0
2059	1/12/2023 15:06	220	31.36	Fashion	UPI	0
2060	1/12/2023 15:19	402	57.04	Travel	UPI	0
2061	1/12/2023 15:22	181	12.2	Restaurants	UPI	0
2062	1/12/2023 15:26	440	29.74	Fuel	Credit Card	0
2063	1/12/2023 15:27	491	18.67	Restaurants	Credit Card	0
2064	1/12/2023 15:34	365	38.53	Electronics	Credit Card	0
2065	1/12/2023 15:36	276	30.37	Electronics	Credit Card	0
2066	1/12/2023 15:40	467	16.69	Fashion	NetBanking	0
2067	1/12/2023 15:45	343	45.82	Electronics	NetBanking	0
2068	1/12/2023 15:46	262	45.35	Medical	UPI	0
2069	1/12/2023 15:52	263	22.83	Electronics	NetBanking	0
2070	1/12/2023 15:53	166	30.83	Medical	Debit Card	0
2071	1/12/2023 15:54	295	87.82	Medical	Debit Card	0
2072	1/12/2023 15:56	212	44.23	Fuel	Credit Card	0
2073	1/12/2023 15:58	183	23.99	Grocery	UPI	0
2074	1/12/2023 16:01	458	46.45	Restaurants	UPI	0
2075	1/12/2023 16:15	187	198.84	Fuel	UPI	0
2076	1/12/2023 16:15	119	890.39	Utility Bills	Credit Card	0
2077	1/12/2023 16:15	342	28.38	Utility Bills	UPI	0
2078	1/12/2023 16:17	44	12.93	Medical	UPI	0
2079	1/12/2023 16:21	362	68.02	Grocery	UPI	0
2080	1/12/2023 16:22	333	41.07	Utility Bills	UPI	0
2081	1/12/2023 16:36	72	59.35	Fuel	Credit Card	0
2082	1/12/2023 16:38	423	45.91	Restaurants	Credit Card	0
2083	1/12/2023 16:41	101	151.59	Travel	UPI	0
2084	1/12/2023 16:45	208	11.36	Fashion	UPI	0
2085	1/12/2023 16:52	132	70.96	Utility Bills	Credit Card	0
2086	1/12/2023 16:55	454	16.43	Utility Bills	NetBanking	0
2087	1/12/2023 17:02	437	23.38	Electronics	NetBanking	0
2088	1/12/2023 17:12	378	13.47	Fashion	Debit Card	0
2089	1/12/2023 17:15	29	166.03	Restaurants	UPI	0
2090	1/12/2023 17:17	139	95.32	Fashion	Credit Card	0
2091	1/12/2023 17:18	77	38.24	Electronics	Credit Card	0
2092	1/12/2023 17:22	161	27.66	Fuel	Debit Card	0
2093	1/12/2023 17:27	85	55.05	Grocery	Debit Card	0
2094	1/12/2023 17:31	145	38.23	Utility Bills	Credit Card	0
2095	1/12/2023 17:49	119	61.37	Travel	UPI	0
2096	1/12/2023 17:55	158	126.84	Restaurants	UPI	0
2097	1/12/2023 18:13	7	50.73	Fashion	Debit Card	0
2098	1/12/2023 18:16	161	11.1	Fashion	UPI	0
2099	1/12/2023 18:26	187	31.21	Electronics	UPI	0
2100	1/12/2023 18:26	78	13.3	Travel	UPI	0
2101	1/12/2023 18:29	88	15.1	Fuel	UPI	0
2102	1/12/2023 18:35	379	12.33	Grocery	NetBanking	0
2103	1/12/2023 18:38	341	23.97	Medical	Credit Card	0
2104	1/12/2023 18:38	365	65.09	Fuel	Debit Card	0
2105	1/12/2023 18:44	187	32.61	Fashion	UPI	0
2106	1/12/2023 18:46	165	34.35	Restaurants	Debit Card	0
2107	1/12/2023 18:57	7	14.94	Grocery	Credit Card	0
2108	1/12/2023 19:07	22	85.83	Restaurants	Credit Card	0
2109	1/12/2023 19:08	269	69.86	Grocery	NetBanking	0
2110	1/12/2023 19:09	34	51.66	Fuel	Debit Card	0
2111	1/12/2023 19:14	369	59.94	Electronics	Credit Card	0
2112	1/12/2023 19:15	55	65.21	Utility Bills	NetBanking	0
2113	1/12/2023 19:16	437	17.36	Fashion	Debit Card	0
2114	1/12/2023 19:16	148	18.71	Utility Bills	UPI	0
2115	1/10/2023 14:30	110	14.29	Medical	Credit Card	0
2116	1/12/2023 19:20	36	15.13	Restaurants	Credit Card	0
2117	1/12/2023 19:23	183	48.91	Restaurants	NetBanking	0
2118	1/12/2023 19:23	275	25.6	Medical	NetBanking	0
2119	1/12/2023 19:24	417	155.39	Restaurants	NetBanking	0
2120	1/12/2023 19:25	37	53.31	Fuel	NetBanking	0
2121	1/14/2023 12:09	212	55.5	Utility Bills	Debit Card	0
2122	1/12/2023 19:26	249	156.61	Restaurants	NetBanking	0
2123	1/12/2023 19:30	70	14.82	Utility Bills	UPI	0
2124	1/12/2023 19:32	229	55.06	Fuel	Debit Card	0
2125	1/12/2023 19:33	258	30.86	Travel	Credit Card	0
2126	1/12/2023 19:37	231	34.53	Fuel	Credit Card	0
2127	1/12/2023 19:38	299	62.44	Medical	UPI	0
2128	1/12/2023 19:41	13	80.15	Electronics	UPI	0
2129	1/12/2023 19:45	302	51	Restaurants	Credit Card	0
2130	1/12/2023 20:05	243	129.32	Grocery	UPI	0
2131	1/12/2023 20:05	417	18.81	Grocery	UPI	0
2132	1/12/2023 20:07	302	10.89	Utility Bills	UPI	0
2133	1/12/2023 20:13	15	29.55	Fuel	Debit Card	0
2134	1/12/2023 20:14	26	74	Restaurants	Credit Card	0
2135	1/12/2023 20:34	276	35.5	Medical	UPI	0
2136	1/12/2023 20:35	166	84.82	Fuel	NetBanking	0
2137	1/12/2023 20:36	235	20.28	Fuel	NetBanking	0
2138	1/12/2023 20:41	166	30.96	Travel	UPI	0
2139	1/12/2023 20:46	72	42.41	Medical	Debit Card	0
2140	1/12/2023 20:49	65	10.83	Fuel	Credit Card	0
2141	1/12/2023 20:54	373	61.06	Grocery	UPI	0
2142	1/12/2023 20:55	72	76.54	Travel	UPI	0
2143	1/12/2023 21:01	215	11.22	Restaurants	NetBanking	0
2144	1/12/2023 21:09	373	12.44	Restaurants	NetBanking	0
2145	1/12/2023 21:14	477	134.04	Travel	NetBanking	0
2146	1/12/2023 21:14	154	12.43	Medical	NetBanking	0
2147	1/12/2023 21:19	7	43.52	Medical	NetBanking	0
2148	1/12/2023 21:20	86	32.65	Utility Bills	Credit Card	0
2149	1/12/2023 21:23	172	70.34	Fashion	Credit Card	0
2150	1/12/2023 21:24	299	19.18	Restaurants	UPI	0
2151	1/12/2023 21:32	250	29.96	Utility Bills	UPI	0
2152	1/12/2023 21:34	187	60.04	Grocery	UPI	0
2153	1/12/2023 21:36	428	29.16	Travel	Debit Card	0
2154	1/12/2023 21:40	153	14.63	Grocery	UPI	0
2155	1/12/2023 21:44	183	11.06	Restaurants	NetBanking	0
2156	1/12/2023 21:50	39	92.69	Fuel	Credit Card	0
2157	2/26/2023 9:29	247	18.31	Grocery	Credit Card	0
2158	1/12/2023 21:54	483	71.85	Medical	Debit Card	0
2159	1/12/2023 21:59	292	33.87	Grocery	UPI	0
2160	1/13/2023 9:06	450	22.24	Fashion	Credit Card	0
2161	1/13/2023 9:20	215	14.33	Electronics	UPI	0
2162	2/8/2023 9:34	95	26.59	Grocery	UPI	0
2163	1/13/2023 9:48	275	28.63	Travel	UPI	0
2164	1/13/2023 10:02	147	247.54	Medical	UPI	0
2165	1/13/2023 10:15	374	40.72	Fuel	UPI	0
2166	1/13/2023 10:54	84	59.87	Grocery	UPI	0
2167	1/13/2023 10:57	7	46.37	Fuel	UPI	0
2168	1/13/2023 11:19	88	39.25	Fuel	Credit Card	0
2169	1/13/2023 11:26	298	41.59	Utility Bills	UPI	0
2170	1/13/2023 11:32	233	146.97	Utility Bills	Credit Card	0
2171	1/13/2023 11:36	494	48.04	Travel	UPI	0
2172	1/13/2023 11:56	148	41.73	Electronics	Credit Card	0
2173	1/13/2023 11:59	293	187.54	Utility Bills	UPI	0
2174	1/13/2023 12:24	46	63.61	Electronics	UPI	0
2175	1/13/2023 12:25	491	27.21	Restaurants	Debit Card	0
2176	1/13/2023 12:29	126	46.15	Medical	Debit Card	0
2177	1/13/2023 12:53	189	23.12	Travel	Credit Card	0
2178	1/13/2023 12:53	51	16.78	Fashion	Debit Card	0
2179	1/13/2023 12:56	111	89.02	Travel	Debit Card	0
2180	1/13/2023 12:59	437	23.38	Fashion	NetBanking	0
2181	1/13/2023 13:05	491	12.69	Fashion	Debit Card	0
2182	1/13/2023 13:11	483	27.13	Fashion	UPI	0
2183	1/13/2023 13:14	7	24.09	Electronics	UPI	0
2184	1/13/2023 13:21	407	13.17	Grocery	UPI	0
2185	1/13/2023 13:24	314	15.24	Fashion	Debit Card	0
2186	1/13/2023 13:31	111	46.73	Grocery	Debit Card	0
2187	1/13/2023 13:37	412	32.54	Grocery	UPI	0
2188	1/13/2023 13:43	332	112.12	Electronics	UPI	0
2189	1/13/2023 13:45	315	57.3	Electronics	UPI	0
2190	1/13/2023 13:45	100	93.55	Grocery	UPI	0
2191	1/13/2023 13:51	420	87.83	Restaurants	UPI	0
2192	1/13/2023 13:53	77	17.89	Grocery	UPI	0
2193	1/13/2023 14:00	119	20.04	Electronics	UPI	0
2194	1/13/2023 14:02	36	38.74	Medical	NetBanking	0
2195	1/13/2023 14:04	424	51.84	Fuel	UPI	0
2196	1/13/2023 14:06	365	35.62	Medical	UPI	0
2197	1/13/2023 14:17	401	54.34	Electronics	Debit Card	0
2198	1/13/2023 14:27	59	71.46	Grocery	UPI	0
2199	1/13/2023 14:37	127	113.54	Electronics	Credit Card	0
2200	1/13/2023 14:37	341	50.04	Utility Bills	UPI	0
2201	1/13/2023 15:12	150	49.58	Restaurants	UPI	0
2202	1/13/2023 15:13	51	19.93	Restaurants	Credit Card	0
2203	1/13/2023 15:19	207	10	Restaurants	UPI	0
2204	1/13/2023 15:36	151	84.73	Fashion	NetBanking	0
2205	1/13/2023 15:40	126	12.35	Fuel	Credit Card	0
2206	1/13/2023 15:43	133	14.67	Restaurants	Credit Card	0
2207	1/13/2023 15:45	372	30.44	Grocery	Credit Card	0
2208	1/13/2023 16:01	28	66.36	Fuel	Credit Card	0
2209	1/13/2023 16:04	147	31.88	Fuel	UPI	0
2210	1/13/2023 16:05	85	35.94	Restaurants	Debit Card	0
2211	1/13/2023 16:06	262	70.75	Fashion	Debit Card	0
2212	1/13/2023 16:14	492	110.04	Fashion	NetBanking	0
2213	1/13/2023 16:14	262	18.4	Fuel	Debit Card	0
2214	1/13/2023 16:16	76	12.36	Electronics	UPI	0
2215	1/13/2023 16:20	438	30.59	Medical	UPI	0
2216	1/13/2023 16:22	158	42.45	Fashion	UPI	0
2217	1/13/2023 16:23	433	49.46	Fashion	NetBanking	0
2218	1/13/2023 16:31	231	63.13	Fashion	UPI	0
2219	1/13/2023 16:31	494	11.58	Fuel	NetBanking	0
2220	1/13/2023 16:32	253	38.52	Grocery	UPI	0
2221	1/13/2023 16:33	276	49.08	Utility Bills	Credit Card	0
2222	1/13/2023 16:45	145	12.64	Restaurants	Credit Card	0
2223	1/13/2023 16:49	100	48.3	Grocery	Debit Card	0
2224	1/13/2023 16:55	444	59.77	Travel	Credit Card	0
2225	2/28/2023 18:31	83	22.04	Restaurants	Debit Card	0
2226	1/13/2023 17:04	165	18.38	Electronics	Credit Card	0
2227	1/13/2023 17:04	108	213.42	Fashion	UPI	0
2228	1/13/2023 17:06	404	54.36	Electronics	Debit Card	0
2229	1/13/2023 17:07	78	102.76	Travel	UPI	0
2230	1/13/2023 17:10	130	15.75	Grocery	UPI	0
2231	1/13/2023 17:11	240	68.99	Utility Bills	Credit Card	0
2232	1/13/2023 17:14	156	226.59	Travel	Debit Card	0
2233	1/13/2023 17:18	145	57.78	Fashion	UPI	0
2234	1/13/2023 17:18	387	51.74	Fashion	UPI	0
2235	1/13/2023 17:24	241	13.71	Fuel	UPI	1
2236	1/13/2023 17:42	46	10.58	Grocery	UPI	0
2237	1/13/2023 17:46	228	53.43	Fashion	Credit Card	0
2238	1/13/2023 17:50	72	73.71	Fuel	Debit Card	0
2239	1/13/2023 17:57	422	12.2	Grocery	UPI	0
2240	1/13/2023 18:08	78	43.22	Fashion	UPI	0
2241	1/13/2023 18:10	203	39.95	Travel	UPI	0
2242	1/13/2023 18:23	165	51.05	Grocery	UPI	0
2243	1/13/2023 18:27	372	20.59	Restaurants	UPI	0
2244	1/13/2023 18:46	251	113.98	Electronics	NetBanking	0
2245	1/13/2023 18:59	109	147.4	Medical	UPI	0
2246	1/13/2023 18:59	293	40.87	Electronics	Debit Card	0
2247	1/13/2023 19:04	133	49.61	Fashion	Debit Card	0
2248	1/13/2023 19:06	285	42.33	Fashion	UPI	0
2249	1/13/2023 19:17	302	15.99	Restaurants	NetBanking	0
2250	1/13/2023 19:27	147	225.28	Fashion	Credit Card	0
2251	1/13/2023 19:29	70	100.37	Fashion	UPI	0
2252	1/13/2023 19:30	232	10	Utility Bills	UPI	0
2253	1/13/2023 19:31	407	46.92	Fashion	UPI	0
2254	1/13/2023 19:32	101	36.47	Grocery	Credit Card	0
2255	1/13/2023 19:37	167	85.12	Fashion	Credit Card	0
2256	1/13/2023 19:39	96	302.73	Utility Bills	UPI	0
2257	1/13/2023 19:41	119	59.6	Grocery	Credit Card	0
2258	1/13/2023 19:41	208	56.92	Utility Bills	UPI	0
2259	1/13/2023 19:45	183	56.92	Grocery	Debit Card	0
2260	1/13/2023 19:49	333	11.38	Grocery	UPI	0
2261	1/13/2023 19:52	10	52.38	Grocery	UPI	0
2262	1/13/2023 20:02	461	44.05	Grocery	UPI	0
2263	1/13/2023 20:08	328	11.74	Fuel	NetBanking	0
2264	1/13/2023 20:09	353	35.25	Fashion	Credit Card	0
2265	1/13/2023 20:20	494	11.75	Travel	Debit Card	0
2266	1/13/2023 20:20	184	35.81	Fashion	UPI	0
2267	1/13/2023 20:23	264	23.65	Grocery	UPI	0
2268	1/13/2023 20:41	382	70.25	Electronics	UPI	0
2269	1/13/2023 20:42	53	13.34	Fashion	Debit Card	0
2270	1/13/2023 20:43	472	22.97	Grocery	UPI	0
2271	1/13/2023 20:43	72	108.34	Fuel	NetBanking	0
2272	1/13/2023 20:46	378	121.78	Electronics	UPI	0
2273	1/13/2023 20:58	76	207.99	Utility Bills	UPI	0
2274	1/13/2023 20:59	231	11.05	Utility Bills	UPI	0
2275	1/13/2023 21:03	366	66.83	Fashion	Debit Card	0
2276	1/13/2023 21:05	37	78.23	Restaurants	UPI	0
2277	1/13/2023 21:11	145	11.86	Utility Bills	Debit Card	0
2278	1/13/2023 21:16	250	29.41	Electronics	UPI	0
2279	1/13/2023 21:21	288	26.6	Fuel	Debit Card	0
2280	1/13/2023 21:22	420	11.19	Grocery	UPI	0
2281	1/13/2023 21:29	287	53.4	Travel	UPI	0
2282	1/13/2023 21:34	224	100.94	Restaurants	Credit Card	0
2283	1/13/2023 21:34	147	34.77	Restaurants	NetBanking	0
2284	1/13/2023 21:38	308	32.46	Restaurants	Credit Card	0
2285	1/13/2023 21:39	403	39.12	Travel	UPI	0
2286	1/13/2023 21:46	376	21.67	Medical	Credit Card	0
2287	1/13/2023 21:56	489	10	Fuel	Debit Card	0
2288	1/13/2023 21:58	133	48.2	Grocery	NetBanking	0
2289	1/14/2023 9:17	212	23.77	Grocery	NetBanking	0
2290	1/14/2023 9:22	379	21.89	Fashion	Credit Card	0
2291	1/14/2023 9:35	458	35.7	Electronics	Debit Card	0
2292	1/14/2023 9:37	483	132.77	Medical	UPI	0
2293	1/14/2023 9:39	387	23.62	Electronics	NetBanking	0
2294	1/14/2023 9:40	147	12.19	Travel	UPI	0
2295	1/14/2023 9:45	196	74.67	Travel	UPI	1
2296	1/14/2023 9:58	391	28.86	Restaurants	Credit Card	0
2297	1/14/2023 10:00	76	28.29	Restaurants	UPI	0
2298	1/14/2023 10:13	297	26.1	Electronics	UPI	0
2299	1/14/2023 10:20	249	22.61	Restaurants	Debit Card	0
2300	1/14/2023 10:31	407	73.42	Restaurants	UPI	0
2301	1/14/2023 10:38	162	17.13	Electronics	UPI	0
2302	1/14/2023 10:51	74	24.31	Medical	UPI	0
2303	1/14/2023 10:52	62	50.43	Grocery	UPI	0
2304	1/14/2023 10:52	145	79.73	Electronics	Debit Card	0
2305	1/14/2023 11:15	81	25.01	Medical	UPI	0
2306	1/14/2023 11:16	478	28.71	Grocery	Debit Card	0
2307	1/14/2023 11:26	424	30.6	Fashion	Debit Card	0
2308	1/14/2023 11:45	322	22.13	Fashion	Credit Card	0
2309	1/14/2023 12:06	231	20.63	Grocery	UPI	0
2310	1/14/2023 12:19	212	41.09	Medical	UPI	0
2311	1/14/2023 12:23	293	62.12	Electronics	Debit Card	0
2312	1/14/2023 12:26	177	25.16	Utility Bills	UPI	0
2313	1/14/2023 12:27	375	65.68	Travel	Debit Card	0
2314	1/14/2023 12:34	208	27.34	Travel	Debit Card	0
2315	1/14/2023 13:18	147	43.3	Grocery	UPI	0
2316	1/14/2023 13:20	109	15.42	Fashion	UPI	0
2317	1/14/2023 13:21	96	57.45	Restaurants	NetBanking	0
2318	1/14/2023 13:22	428	35.8	Grocery	NetBanking	0
2319	1/14/2023 13:44	475	50.25	Fuel	Credit Card	0
2320	1/14/2023 14:03	359	70.35	Electronics	Debit Card	0
2321	1/14/2023 14:04	470	31.5	Grocery	Debit Card	0
2322	1/14/2023 14:13	70	247.27	Grocery	Credit Card	0
2323	1/14/2023 14:16	46	63.29	Restaurants	Debit Card	0
2324	1/14/2023 14:20	341	160.76	Fashion	UPI	0
2325	1/14/2023 14:23	9	48.06	Utility Bills	Debit Card	0
2326	1/14/2023 14:24	178	63.75	Electronics	UPI	0
2327	1/14/2023 14:40	401	20.13	Fuel	UPI	0
2328	1/14/2023 14:52	317	57.2	Grocery	UPI	0
2329	1/14/2023 14:59	156	160.61	Medical	Debit Card	0
2330	1/14/2023 15:11	256	15.47	Restaurants	Credit Card	0
2331	1/14/2023 15:25	417	55.3	Utility Bills	UPI	0
2332	1/14/2023 15:33	409	13.51	Utility Bills	UPI	0
2333	1/14/2023 15:40	304	53.46	Medical	UPI	0
2334	1/14/2023 15:52	315	10.09	Utility Bills	UPI	0
2335	1/14/2023 15:53	285	95.27	Travel	UPI	0
2336	1/14/2023 15:55	233	14.8	Fuel	UPI	0
2337	1/14/2023 16:10	166	19.36	Utility Bills	Debit Card	0
2338	1/14/2023 16:25	387	87.97	Medical	UPI	0
2339	1/14/2023 16:33	484	24.87	Medical	Credit Card	0
2340	1/14/2023 16:34	261	28.1	Grocery	UPI	0
2341	1/14/2023 16:36	150	14.76	Grocery	Debit Card	0
2342	1/14/2023 16:51	151	37.05	Electronics	UPI	0
2343	1/14/2023 16:53	409	66.98	Restaurants	Debit Card	0
2344	1/14/2023 16:54	161	12.26	Utility Bills	UPI	0
2345	1/14/2023 17:02	3	85.39	Travel	UPI	0
2346	1/14/2023 17:02	285	33.49	Utility Bills	Credit Card	0
2347	1/14/2023 17:09	292	100.51	Travel	NetBanking	0
2348	1/14/2023 17:13	281	43.76	Fashion	Credit Card	0
2349	1/14/2023 17:14	235	21.15	Travel	Credit Card	0
2350	1/14/2023 17:21	174	13.5	Fashion	UPI	0
2351	1/14/2023 17:26	95	83.2	Restaurants	UPI	0
2352	1/14/2023 17:28	94	21.59	Medical	UPI	0
2353	1/14/2023 17:29	275	13.38	Grocery	UPI	0
2354	1/14/2023 17:35	111	11.7	Travel	Debit Card	0
2355	1/14/2023 17:49	147	63.97	Medical	Debit Card	0
2356	1/14/2023 17:55	7	12.86	Fashion	Credit Card	0
2357	1/14/2023 17:56	150	18.43	Fashion	UPI	0
2358	1/14/2023 17:57	150	36.26	Medical	Debit Card	0
2359	1/14/2023 18:04	424	27.6	Fuel	Debit Card	0
2360	1/14/2023 18:09	109	10.97	Fashion	UPI	0
2361	1/14/2023 18:15	286	20.55	Travel	UPI	0
2362	1/14/2023 18:18	238	40.06	Restaurants	UPI	0
2363	1/14/2023 18:18	161	19.46	Medical	NetBanking	0
2364	1/14/2023 18:21	54	14.18	Grocery	Debit Card	0
2365	1/14/2023 18:23	60	114.09	Grocery	Credit Card	0
2366	1/14/2023 18:24	259	24.86	Utility Bills	UPI	0
2367	1/14/2023 18:25	460	12.07	Utility Bills	Credit Card	0
2368	1/14/2023 18:27	194	145.47	Electronics	UPI	0
2369	1/14/2023 18:30	90	12.15	Fashion	NetBanking	0
2370	1/14/2023 18:34	470	29.5	Grocery	NetBanking	0
2371	1/14/2023 18:34	181	158.6	Utility Bills	Credit Card	0
2372	1/14/2023 18:39	195	142.23	Utility Bills	UPI	0
2373	1/14/2023 18:41	325	30.15	Utility Bills	UPI	0
2374	1/14/2023 18:45	79	82.29	Grocery	UPI	0
2375	1/14/2023 18:53	288	88.89	Fashion	UPI	0
2376	1/14/2023 18:54	64	32.26	Electronics	NetBanking	0
2377	1/14/2023 18:56	422	81.09	Fashion	UPI	0
2378	1/14/2023 18:57	458	36.68	Fashion	Debit Card	0
2379	1/14/2023 19:09	255	82.7	Grocery	NetBanking	0
2380	1/14/2023 19:12	291	76.9	Grocery	UPI	0
2381	1/14/2023 19:18	168	59.64	Fashion	Credit Card	0
2382	1/14/2023 19:27	124	53.36	Fuel	Debit Card	0
2383	1/14/2023 19:28	197	24.65	Utility Bills	UPI	0
2384	1/14/2023 19:36	284	22.37	Grocery	Debit Card	0
2385	1/14/2023 19:39	105	17.61	Utility Bills	Credit Card	0
2386	1/14/2023 19:40	72	34.7	Restaurants	Credit Card	0
2387	1/14/2023 19:40	366	10	Utility Bills	Debit Card	0
2388	1/14/2023 19:41	115	34.19	Utility Bills	Credit Card	0
2389	1/14/2023 19:42	137	61.34	Medical	Credit Card	0
2390	1/14/2023 19:45	304	52.52	Travel	Debit Card	0
2391	1/14/2023 19:46	145	14.58	Utility Bills	NetBanking	0
2392	1/14/2023 20:07	145	73.28	Grocery	NetBanking	0
2393	1/14/2023 20:11	460	39.24	Medical	UPI	0
2394	2/14/2023 13:31	211	48.61	Electronics	UPI	0
2395	1/14/2023 20:29	330	21.17	Grocery	Debit Card	0
2396	1/14/2023 20:33	359	66.51	Utility Bills	UPI	0
2397	1/14/2023 20:40	107	12.27	Fashion	Debit Card	0
2398	1/14/2023 20:41	223	98.57	Utility Bills	UPI	0
2399	1/14/2023 20:46	1	67.76	Medical	Debit Card	0
2400	1/14/2023 20:50	256	73.49	Fashion	Credit Card	0
2401	1/14/2023 20:51	93	47.46	Utility Bills	Debit Card	0
2402	1/14/2023 20:58	109	43.17	Utility Bills	UPI	0
2403	1/14/2023 20:58	276	23.69	Grocery	UPI	0
2404	1/14/2023 20:58	230	11.94	Fuel	Credit Card	0
2405	1/14/2023 21:03	109	177	Electronics	Debit Card	0
2406	1/14/2023 21:05	462	50.48	Grocery	UPI	0
2407	1/14/2023 21:06	78	40.81	Restaurants	Debit Card	0
2408	1/14/2023 21:12	221	43.12	Medical	NetBanking	0
2409	1/14/2023 21:13	192	17.63	Restaurants	UPI	0
2410	1/14/2023 21:13	71	30.34	Grocery	UPI	0
2411	1/14/2023 21:33	231	13.27	Fashion	Debit Card	0
2412	1/14/2023 21:37	302	34.87	Electronics	Credit Card	0
2413	1/14/2023 21:40	437	24.1	Fashion	Credit Card	0
2414	1/14/2023 21:47	445	10	Grocery	UPI	0
2415	1/14/2023 21:54	122	66.26	Utility Bills	UPI	0
2416	1/14/2023 21:58	367	377.62	Electronics	UPI	0
2417	1/15/2023 9:03	281	32.77	Grocery	UPI	0
2418	1/15/2023 9:11	432	54.61	Restaurants	UPI	0
2419	1/15/2023 9:19	42	31.18	Utility Bills	Credit Card	0
2420	1/15/2023 9:25	147	10.58	Utility Bills	UPI	0
2421	1/15/2023 9:47	197	21.29	Travel	Debit Card	0
2422	1/15/2023 9:48	98	43.44	Fashion	UPI	0
2423	1/15/2023 9:51	491	49.69	Grocery	UPI	0
2424	1/15/2023 10:15	356	58.78	Fashion	Debit Card	0
2425	1/15/2023 10:24	218	29.65	Travel	Credit Card	0
2426	1/15/2023 10:36	108	64.01	Grocery	NetBanking	0
2427	1/15/2023 10:47	146	40.1	Restaurants	Credit Card	0
2428	1/15/2023 10:47	89	20.67	Electronics	Credit Card	0
2429	1/15/2023 10:52	453	98.46	Medical	NetBanking	0
2430	1/15/2023 10:58	366	77.1	Restaurants	Credit Card	0
2431	1/15/2023 11:05	94	27.18	Electronics	UPI	0
2432	1/15/2023 11:40	126	177.58	Fashion	NetBanking	0
2433	1/15/2023 11:55	4	34.66	Grocery	Debit Card	0
2434	1/15/2023 12:06	456	12.73	Travel	Credit Card	0
2435	1/15/2023 12:08	22	30.48	Restaurants	NetBanking	0
2436	1/15/2023 12:09	359	36.32	Fashion	Debit Card	0
2437	1/15/2023 12:49	139	137.05	Electronics	Debit Card	0
2438	1/15/2023 12:49	425	94.69	Restaurants	Debit Card	0
2439	1/15/2023 13:02	453	97.91	Fashion	UPI	0
2440	1/15/2023 13:02	318	33.77	Grocery	UPI	0
2441	1/15/2023 13:05	482	150.86	Utility Bills	UPI	0
2442	1/15/2023 13:07	387	29.28	Utility Bills	UPI	0
2443	1/15/2023 13:34	332	18.31	Restaurants	NetBanking	0
2444	1/15/2023 13:46	38	19.43	Utility Bills	Debit Card	0
2445	1/15/2023 13:48	287	19.13	Fashion	Credit Card	0
2446	1/15/2023 14:11	147	17.64	Electronics	Credit Card	0
2447	1/15/2023 14:12	267	60.68	Medical	Debit Card	0
2448	1/15/2023 14:20	115	113.44	Medical	UPI	0
2449	1/15/2023 14:28	258	93.11	Grocery	Debit Card	0
2450	1/15/2023 14:31	324	64.37	Fashion	Debit Card	0
2451	1/4/2023 22:06	71	34.96	Travel	UPI	0
2452	1/15/2023 14:32	186	13.72	Fuel	Credit Card	0
2453	1/15/2023 14:35	184	19.54	Electronics	Debit Card	0
2454	1/15/2023 14:41	262	53.19	Fuel	NetBanking	0
2455	1/15/2023 14:44	431	114.57	Travel	Credit Card	0
2456	1/15/2023 14:51	133	93.32	Utility Bills	Credit Card	0
2457	1/15/2023 15:00	339	13.84	Fashion	NetBanking	0
2458	1/15/2023 15:06	150	13.42	Fashion	UPI	0
2459	1/15/2023 15:14	221	32.2	Fuel	UPI	0
2460	1/15/2023 15:24	352	16.86	Restaurants	UPI	0
2461	1/15/2023 15:28	314	44.24	Fuel	Debit Card	0
2462	1/15/2023 15:34	51	44.36	Fuel	Debit Card	0
2463	1/15/2023 15:45	36	28.91	Grocery	UPI	0
2464	1/15/2023 15:47	432	99.12	Travel	UPI	0
2465	1/15/2023 15:48	49	47.65	Fashion	UPI	0
2466	1/15/2023 15:50	493	40.32	Travel	UPI	0
2467	1/15/2023 15:54	264	58.44	Travel	UPI	0
2468	1/15/2023 15:57	347	42.07	Grocery	UPI	0
2469	1/15/2023 16:07	147	128.94	Travel	UPI	0
2470	1/15/2023 16:08	302	77.31	Utility Bills	UPI	0
2471	1/15/2023 16:10	333	13.1	Grocery	Debit Card	0
2472	1/15/2023 16:12	137	121.64	Utility Bills	Debit Card	0
2473	1/15/2023 16:22	424	147.53	Electronics	NetBanking	0
2474	1/15/2023 16:29	391	254.31	Grocery	UPI	0
2475	1/15/2023 16:35	284	31.65	Electronics	Credit Card	0
2476	1/15/2023 16:36	276	94.85	Electronics	UPI	0
2477	1/15/2023 16:39	231	11.75	Utility Bills	Debit Card	0
2478	1/15/2023 16:42	338	13.91	Restaurants	UPI	0
2479	1/15/2023 16:53	313	13.47	Utility Bills	Debit Card	0
2480	1/15/2023 16:58	108	55.42	Medical	UPI	0
2481	1/15/2023 17:03	108	31.29	Medical	UPI	0
2482	1/15/2023 17:04	444	18.73	Grocery	Credit Card	0
2483	1/15/2023 17:05	467	70.3	Grocery	UPI	0
2484	1/15/2023 17:12	24	11.27	Travel	UPI	0
2485	1/15/2023 17:22	178	13.88	Utility Bills	UPI	0
2486	1/15/2023 17:34	11	129.89	Fashion	Debit Card	0
2487	1/15/2023 17:36	158	47.84	Fuel	Debit Card	0
2488	1/15/2023 17:41	126	38.56	Medical	Credit Card	0
2489	1/15/2023 17:43	488	13.5	Fashion	Debit Card	0
2490	1/15/2023 17:45	22	29	Fashion	UPI	0
2491	1/15/2023 17:51	268	23.78	Medical	NetBanking	0
2492	1/15/2023 17:54	491	31.79	Medical	Credit Card	0
2493	1/15/2023 17:57	158	104.01	Fashion	UPI	0
2494	1/15/2023 17:57	84	22.9	Electronics	UPI	0
2495	1/15/2023 18:01	379	66.82	Electronics	UPI	0
2496	1/15/2023 18:02	81	19.71	Grocery	Debit Card	0
2497	1/15/2023 18:14	139	40.63	Restaurants	UPI	0
2498	1/15/2023 18:26	332	40.05	Fashion	UPI	0
2499	1/15/2023 18:28	306	23.04	Travel	Credit Card	1
2500	1/15/2023 18:29	388	82.63	Utility Bills	UPI	0
2501	1/15/2023 18:36	90	69.95	Fashion	Debit Card	0
2502	1/15/2023 18:37	359	38.59	Medical	Credit Card	0
2503	1/15/2023 18:38	315	20.24	Restaurants	UPI	0
2504	1/8/2023 18:51	392	12.52	Fuel	UPI	0
2505	1/15/2023 18:52	250	30.66	Electronics	Credit Card	0
2506	1/15/2023 18:53	203	12.03	Grocery	Debit Card	0
2507	1/15/2023 18:54	44	11.31	Electronics	UPI	0
2508	1/15/2023 19:14	9	186.52	Medical	UPI	0
2509	1/15/2023 19:14	443	114.01	Electronics	Debit Card	0
2510	1/15/2023 19:14	134	81.01	Grocery	UPI	0
2511	1/15/2023 19:16	81	47.18	Utility Bills	UPI	0
2512	1/15/2023 19:19	70	23.37	Restaurants	UPI	0
2513	2/24/2023 17:28	331	22.21	Grocery	UPI	0
2514	1/15/2023 19:29	188	30.18	Fuel	Credit Card	0
2515	1/15/2023 19:44	454	208.62	Travel	Debit Card	0
2516	1/15/2023 19:49	108	65.3	Medical	NetBanking	0
2517	1/15/2023 20:02	491	75.62	Grocery	Credit Card	0
2518	1/15/2023 20:07	89	23.73	Electronics	NetBanking	0
2519	1/15/2023 20:17	161	30.47	Utility Bills	Debit Card	0
2520	1/15/2023 20:19	201	57.79	Grocery	NetBanking	0
2521	1/15/2023 20:43	51	27.44	Medical	UPI	0
2522	1/15/2023 20:47	134	80.04	Medical	Credit Card	0
2523	1/15/2023 20:56	282	127.57	Grocery	UPI	0
2524	1/15/2023 21:34	247	53.85	Utility Bills	Debit Card	0
2525	1/15/2023 21:35	202	28.52	Restaurants	Debit Card	0
2526	1/15/2023 21:36	429	20.45	Electronics	UPI	0
2527	1/15/2023 21:48	400	65.47	Electronics	Credit Card	0
2528	1/15/2023 21:55	278	52.29	Fashion	Debit Card	0
2529	1/15/2023 21:58	295	62.8	Medical	UPI	0
2530	1/15/2023 21:58	169	12.11	Electronics	UPI	0
2531	2/21/2023 9:09	96	54.65	Medical	UPI	0
2532	1/16/2023 9:02	9	85.39	Travel	UPI	0
2533	1/16/2023 9:12	89	66.11	Medical	Credit Card	0
2534	1/16/2023 9:33	239	12.2	Medical	UPI	0
2535	1/16/2023 9:36	430	19.02	Grocery	Credit Card	0
2536	1/16/2023 9:39	339	13.72	Restaurants	UPI	0
2537	1/16/2023 9:41	467	10	Grocery	UPI	0
2538	1/16/2023 9:41	25	17.85	Utility Bills	UPI	0
2539	1/16/2023 9:42	147	10	Grocery	UPI	0
2540	1/16/2023 9:47	332	40.26	Utility Bills	UPI	0
2541	1/16/2023 10:25	165	51.17	Electronics	UPI	0
2542	1/16/2023 10:38	458	23.3	Restaurants	Credit Card	0
2543	1/16/2023 10:43	356	20.5	Utility Bills	Debit Card	0
2544	1/16/2023 11:03	147	80.21	Travel	UPI	0
2545	1/16/2023 11:05	460	27.16	Medical	UPI	0
2546	1/16/2023 11:06	23	12.24	Travel	UPI	0
2547	1/16/2023 11:06	15	198.02	Medical	Debit Card	0
2548	1/16/2023 11:08	453	26.5	Electronics	UPI	0
2549	1/16/2023 11:14	389	217.39	Grocery	UPI	0
2550	1/16/2023 11:23	453	56.62	Fashion	UPI	0
2551	1/16/2023 11:24	372	13.11	Electronics	UPI	0
2552	1/16/2023 11:29	263	37.89	Fashion	Debit Card	0
2553	1/16/2023 11:29	181	42.69	Utility Bills	UPI	0
2554	1/16/2023 11:30	228	10.1	Grocery	Debit Card	0
2555	1/16/2023 11:31	72	97.33	Travel	UPI	0
2556	1/16/2023 11:38	286	12.34	Utility Bills	Debit Card	0
2557	1/16/2023 11:47	43	14.79	Restaurants	UPI	0
2558	1/16/2023 11:56	231	35.1	Restaurants	UPI	0
2559	1/16/2023 12:00	102	12.88	Restaurants	UPI	0
2560	1/16/2023 12:06	247	18.04	Fuel	Debit Card	0
2561	1/16/2023 12:17	198	114.47	Grocery	Debit Card	0
2562	1/16/2023 12:18	298	11.88	Fashion	UPI	0
2563	1/16/2023 12:20	333	21.24	Fuel	Credit Card	0
2564	1/16/2023 12:26	302	15.12	Fashion	UPI	0
2565	1/16/2023 12:46	39	19.71	Utility Bills	UPI	0
2566	1/16/2023 13:04	5	21.17	Fashion	Credit Card	0
2567	1/16/2023 13:14	391	50.34	Travel	UPI	1
2568	1/16/2023 13:15	205	74.58	Medical	Debit Card	0
2569	1/16/2023 13:17	154	10.78	Grocery	UPI	0
2570	1/16/2023 13:28	98	141.35	Fashion	UPI	0
2571	1/16/2023 13:30	208	62.27	Utility Bills	NetBanking	0
2572	1/16/2023 13:33	147	30.31	Fashion	UPI	0
2573	1/16/2023 13:41	100	18.15	Medical	Credit Card	0
2574	1/16/2023 13:52	443	88.39	Medical	UPI	0
2575	1/16/2023 13:53	77	13.28	Utility Bills	UPI	0
2576	1/16/2023 13:58	1	28.49	Grocery	Debit Card	0
2577	1/16/2023 13:59	430	26.37	Fashion	UPI	0
2578	1/16/2023 14:00	124	38.5	Grocery	UPI	0
2579	1/16/2023 14:19	285	13.94	Restaurants	Debit Card	0
2580	1/16/2023 14:25	153	25.15	Travel	UPI	0
2581	1/16/2023 14:25	7	33.89	Utility Bills	Debit Card	0
2582	1/16/2023 14:26	25	10.97	Restaurants	Credit Card	0
2583	1/16/2023 14:30	78	13.35	Travel	UPI	0
2584	1/16/2023 14:32	240	22.64	Restaurants	Debit Card	0
2585	1/16/2023 14:33	139	58.59	Electronics	Debit Card	1
2586	1/16/2023 14:35	422	24.43	Travel	Debit Card	0
2587	1/16/2023 14:47	345	24.04	Grocery	UPI	0
2588	1/16/2023 14:54	64	105.64	Utility Bills	Credit Card	0
2589	1/16/2023 15:03	72	88.17	Electronics	NetBanking	0
2590	1/16/2023 15:05	398	50.23	Restaurants	Credit Card	0
2591	1/16/2023 15:07	408	36.12	Fuel	Debit Card	0
2592	1/16/2023 15:21	142	17.76	Restaurants	Credit Card	0
2593	1/16/2023 15:26	296	34.84	Fashion	UPI	0
2594	1/16/2023 15:29	148	33.92	Fashion	Debit Card	0
2595	1/16/2023 15:32	406	43.58	Travel	Credit Card	0
2596	1/16/2023 15:38	145	23.53	Grocery	UPI	0
2597	1/16/2023 15:49	402	22.01	Utility Bills	Debit Card	0
2598	1/16/2023 15:53	231	72.56	Medical	Credit Card	0
2599	1/16/2023 15:54	168	135.23	Medical	Debit Card	0
2600	1/16/2023 16:03	378	46.67	Fashion	UPI	0
2601	1/16/2023 16:07	20	66.19	Travel	Debit Card	0
2602	1/16/2023 16:13	59	33.18	Grocery	Credit Card	0
2603	1/16/2023 16:17	407	29.94	Utility Bills	Debit Card	0
2604	1/16/2023 16:21	108	25.6	Electronics	UPI	0
2605	1/16/2023 16:21	333	10.82	Fashion	UPI	0
2606	1/16/2023 16:22	190	12.72	Fuel	Debit Card	0
2607	1/16/2023 16:22	38	52.51	Travel	Credit Card	0
2608	1/16/2023 16:22	467	33.84	Restaurants	NetBanking	0
2609	1/16/2023 16:25	119	10	Restaurants	Debit Card	0
2610	1/16/2023 16:26	485	32.93	Fashion	UPI	0
2611	1/16/2023 16:26	354	39.45	Medical	Debit Card	0
2612	1/16/2023 16:27	41	41.93	Fuel	Credit Card	0
2613	1/16/2023 16:33	405	17.5	Medical	Debit Card	0
2614	1/16/2023 16:36	145	20.89	Grocery	Debit Card	0
2615	1/16/2023 16:43	178	19.87	Fashion	Debit Card	0
2616	1/16/2023 16:46	251	34.38	Fashion	Credit Card	0
2617	1/16/2023 16:53	98	94.79	Utility Bills	Credit Card	0
2618	1/16/2023 16:59	203	46.86	Restaurants	Credit Card	0
2619	1/16/2023 17:01	247	10.02	Restaurants	Credit Card	0
2620	1/16/2023 17:04	147	38.07	Grocery	Debit Card	0
2621	1/16/2023 17:12	440	22.18	Grocery	Credit Card	0
2622	1/16/2023 17:12	369	13.62	Fuel	Credit Card	0
2623	1/16/2023 17:18	114	65.26	Utility Bills	UPI	0
2624	1/16/2023 17:24	94	30.91	Fuel	Credit Card	0
2625	1/16/2023 17:25	328	10	Grocery	Credit Card	0
2626	1/16/2023 17:26	177	96.44	Fashion	Debit Card	0
2627	1/16/2023 17:35	33	15.77	Restaurants	Debit Card	0
2628	1/16/2023 17:35	96	39	Medical	Credit Card	0
2629	1/16/2023 17:49	189	49.04	Grocery	UPI	0
2630	1/16/2023 17:53	485	27.97	Grocery	UPI	0
2631	1/16/2023 17:54	165	17.5	Utility Bills	Debit Card	0
2632	1/16/2023 17:56	155	12.71	Electronics	UPI	0
2633	1/16/2023 18:00	432	58.08	Fashion	Debit Card	0
2634	1/16/2023 18:03	216	62.16	Electronics	NetBanking	0
2635	1/16/2023 18:04	473	55.87	Fashion	NetBanking	0
2636	1/16/2023 18:09	29	27.85	Fuel	Debit Card	0
2637	1/16/2023 18:18	150	58.71	Grocery	UPI	0
2638	1/16/2023 18:23	432	604.25	Fashion	Credit Card	0
2639	1/16/2023 18:24	81	56.41	Restaurants	UPI	0
2640	1/16/2023 18:25	147	134.7	Electronics	UPI	0
2641	1/16/2023 18:27	58	75.22	Restaurants	Credit Card	0
2642	1/16/2023 18:39	256	87.2	Fuel	UPI	0
2643	1/16/2023 18:48	245	54.53	Electronics	Credit Card	0
2644	1/16/2023 18:51	351	93.04	Fashion	UPI	0
2645	1/16/2023 18:53	231	29.74	Travel	UPI	0
2646	1/16/2023 19:01	147	22.21	Travel	Credit Card	0
2647	1/16/2023 19:01	223	115.08	Restaurants	UPI	0
2648	1/16/2023 19:06	434	64.9	Electronics	UPI	0
2649	1/16/2023 19:07	87	131.48	Restaurants	UPI	0
2650	1/16/2023 19:16	28	63.75	Medical	UPI	0
2651	1/16/2023 19:18	147	18.52	Grocery	Credit Card	0
2652	1/16/2023 19:22	458	12.77	Fashion	UPI	0
2653	1/16/2023 19:25	298	30.64	Restaurants	NetBanking	0
2654	1/16/2023 19:31	81	63.69	Electronics	Debit Card	0
2655	1/16/2023 19:33	182	34.55	Fuel	Credit Card	0
2656	1/16/2023 19:39	423	22	Grocery	UPI	0
2657	1/16/2023 19:45	336	188.47	Electronics	Debit Card	0
2658	1/16/2023 19:55	42	38.56	Fashion	Debit Card	0
2659	1/16/2023 19:56	181	139.66	Restaurants	UPI	0
2660	1/16/2023 20:05	110	59.17	Restaurants	UPI	0
2661	2/27/2023 19:53	267	12.6	Fuel	UPI	0
2662	1/16/2023 20:07	211	37.51	Fuel	Credit Card	0
2663	1/16/2023 20:13	418	61.92	Fashion	UPI	0
2664	1/16/2023 20:27	208	18.62	Medical	UPI	0
2665	1/16/2023 20:29	443	42.63	Fuel	UPI	0
2666	1/16/2023 20:37	437	45.28	Grocery	NetBanking	0
2667	1/16/2023 20:42	144	10.42	Fuel	NetBanking	0
2668	1/16/2023 20:42	276	64.96	Electronics	Credit Card	0
2669	1/16/2023 20:45	481	48.83	Restaurants	UPI	0
2670	2/10/2023 10:50	314	19.48	Travel	UPI	0
2671	1/16/2023 20:51	108	21.2	Restaurants	Credit Card	0
2672	1/16/2023 20:55	341	18.89	Utility Bills	Debit Card	0
2673	1/16/2023 20:56	233	30.32	Fashion	Debit Card	0
2674	1/16/2023 21:07	130	18.36	Utility Bills	UPI	0
2675	1/16/2023 21:24	181	15.94	Fashion	UPI	0
2676	1/16/2023 21:24	251	20.42	Fashion	Credit Card	0
2677	1/16/2023 21:25	76	38.82	Utility Bills	Credit Card	0
2678	1/16/2023 21:28	165	117.81	Fuel	UPI	0
2679	1/16/2023 21:29	231	40.96	Medical	Credit Card	0
2680	1/16/2023 21:31	54	40.32	Fashion	UPI	0
2681	1/16/2023 21:39	166	33.95	Utility Bills	UPI	0
2682	1/16/2023 21:39	231	67.62	Medical	Credit Card	0
2683	1/16/2023 21:42	202	37.14	Electronics	Debit Card	0
2684	1/16/2023 21:43	298	47.16	Utility Bills	NetBanking	0
2685	1/16/2023 21:53	208	73.17	Grocery	UPI	0
2686	1/16/2023 21:56	147	50.98	Fuel	Debit Card	0
2687	1/16/2023 21:58	339	43.28	Travel	UPI	0
2688	1/17/2023 9:05	444	78.07	Utility Bills	Debit Card	0
2689	1/17/2023 9:08	445	12.28	Fashion	NetBanking	0
2690	1/17/2023 9:09	7	46.46	Fuel	Debit Card	0
2691	1/17/2023 9:09	231	15.57	Fuel	UPI	0
2692	1/17/2023 9:10	220	22.39	Medical	Debit Card	0
2693	1/17/2023 9:11	432	40.9	Electronics	NetBanking	0
2694	1/17/2023 9:14	37	10.6	Fuel	Credit Card	0
2695	1/17/2023 9:25	177	107.27	Grocery	Debit Card	0
2696	1/17/2023 9:27	168	15.52	Medical	Credit Card	0
2697	1/17/2023 9:33	134	41.98	Travel	NetBanking	0
2698	1/17/2023 9:34	292	142.64	Electronics	UPI	0
2699	1/17/2023 9:36	240	17.9	Restaurants	UPI	0
2700	1/17/2023 9:45	139	197.47	Travel	Debit Card	0
2701	1/17/2023 9:48	43	29.87	Grocery	Credit Card	0
2702	1/17/2023 9:59	471	35.96	Utility Bills	Debit Card	0
2703	1/17/2023 10:04	29	32.53	Travel	UPI	0
2704	1/17/2023 10:05	477	79.38	Fuel	Credit Card	0
2705	1/17/2023 10:08	210	68.52	Grocery	UPI	0
2706	1/17/2023 10:09	349	13.25	Travel	UPI	0
2707	2/5/2023 20:42	381	10.96	Grocery	UPI	0
2708	1/17/2023 10:20	366	37.51	Travel	UPI	0
2709	1/17/2023 10:24	260	41.39	Electronics	Debit Card	0
2710	1/17/2023 10:27	201	154.44	Travel	Credit Card	0
2711	1/17/2023 10:44	341	64.47	Electronics	UPI	0
2712	1/17/2023 11:00	30	42.74	Utility Bills	NetBanking	0
2713	1/17/2023 11:10	230	46.88	Fashion	UPI	0
2714	1/17/2023 11:20	263	175.44	Restaurants	NetBanking	0
2715	1/17/2023 11:21	445	17.89	Grocery	Debit Card	0
2716	1/17/2023 11:32	7	25.35	Grocery	Credit Card	0
2717	1/17/2023 11:43	234	129.92	Grocery	NetBanking	0
2718	1/17/2023 11:48	192	29.67	Medical	Credit Card	0
2719	1/17/2023 11:49	453	26.28	Fashion	UPI	0
2720	1/17/2023 11:50	304	86.14	Grocery	Credit Card	0
2721	1/17/2023 11:50	213	33.69	Medical	NetBanking	0
2722	1/17/2023 11:51	344	47.4	Electronics	UPI	0
2723	1/17/2023 11:58	70	68.97	Travel	UPI	0
2724	1/17/2023 11:59	147	32.52	Restaurants	Debit Card	0
2725	1/17/2023 12:05	78	35.47	Fuel	UPI	0
2726	1/17/2023 12:11	125	37.98	Electronics	Credit Card	0
2727	1/17/2023 12:14	403	83.24	Electronics	Credit Card	0
2728	1/17/2023 12:19	295	89.49	Travel	Credit Card	0
2729	1/17/2023 12:21	3	27.9	Utility Bills	Credit Card	0
2730	1/17/2023 12:39	155	16.54	Travel	Credit Card	0
2731	1/17/2023 12:47	166	15.14	Travel	UPI	0
2732	1/17/2023 12:58	286	30.12	Fashion	NetBanking	0
2733	1/17/2023 13:00	495	43.65	Fashion	Credit Card	0
2734	1/17/2023 13:07	148	35.64	Utility Bills	Credit Card	0
2735	1/17/2023 13:17	126	46.14	Fashion	Credit Card	0
2736	1/17/2023 13:23	49	13.51	Utility Bills	UPI	0
2737	1/17/2023 13:38	369	99.55	Grocery	Debit Card	0
2738	1/17/2023 13:39	387	16.77	Fuel	NetBanking	0
2739	1/17/2023 13:44	470	43.76	Grocery	Debit Card	0
2740	1/17/2023 13:45	166	90.67	Travel	UPI	0
2741	1/17/2023 13:49	262	18.77	Fuel	Debit Card	0
2742	1/17/2023 13:53	422	93.51	Grocery	Debit Card	0
2743	1/17/2023 13:58	446	22.15	Grocery	UPI	0
2744	1/17/2023 14:10	373	51.87	Travel	UPI	0
2745	1/17/2023 14:37	274	42.48	Grocery	Debit Card	0
2746	1/17/2023 14:38	46	62.54	Fashion	UPI	0
2747	1/17/2023 14:54	153	19.63	Grocery	NetBanking	0
2748	1/17/2023 15:03	183	12.25	Electronics	UPI	0
2749	1/17/2023 15:03	43	51.79	Medical	Debit Card	0
2750	1/17/2023 15:16	306	163.97	Restaurants	Credit Card	0
2751	1/17/2023 15:17	375	31.38	Utility Bills	NetBanking	0
2752	1/17/2023 15:20	133	38.11	Fashion	Debit Card	0
2753	1/17/2023 15:23	256	98.82	Grocery	Credit Card	0
2754	1/17/2023 15:30	74	24.24	Utility Bills	UPI	0
2755	1/17/2023 15:32	215	79.37	Fashion	UPI	0
2756	1/17/2023 15:33	341	10	Utility Bills	UPI	0
2757	1/17/2023 15:41	256	165.26	Fuel	UPI	0
2758	1/17/2023 15:45	494	27.81	Fashion	Debit Card	0
2759	1/17/2023 15:57	388	77.93	Restaurants	Credit Card	0
2760	1/17/2023 16:01	231	14.85	Utility Bills	UPI	0
2761	1/17/2023 16:04	133	11.26	Electronics	UPI	0
2762	1/17/2023 16:06	38	45	Restaurants	UPI	0
2763	1/17/2023 16:10	20	10.63	Fuel	Credit Card	0
2764	1/17/2023 16:10	46	108.64	Fuel	Debit Card	0
2765	1/17/2023 16:13	95	37.94	Utility Bills	Credit Card	0
2766	1/17/2023 16:13	249	18.33	Fuel	UPI	0
2767	1/17/2023 16:19	258	48.97	Utility Bills	UPI	0
2768	1/17/2023 16:23	231	11.29	Fashion	UPI	0
2769	1/17/2023 16:25	456	24.43	Travel	UPI	0
2770	1/17/2023 16:28	223	16.65	Utility Bills	Credit Card	0
2771	1/17/2023 16:33	449	14.94	Electronics	NetBanking	0
2772	1/17/2023 16:34	202	26.89	Restaurants	Credit Card	0
2773	1/17/2023 16:36	274	29.1	Grocery	UPI	0
2774	1/17/2023 16:37	22	13.04	Electronics	UPI	0
2775	1/17/2023 16:39	215	42.3	Grocery	UPI	0
2776	1/17/2023 16:46	77	63.11	Utility Bills	UPI	0
2777	1/17/2023 16:51	7	15.51	Fuel	UPI	0
2778	1/17/2023 16:52	139	18.69	Medical	UPI	0
2779	1/17/2023 16:55	150	17.75	Grocery	UPI	0
2780	1/17/2023 16:56	403	52.83	Medical	Credit Card	0
2781	1/17/2023 16:57	445	33.95	Medical	Credit Card	0
2782	1/17/2023 16:57	26	64.11	Fashion	UPI	0
2783	1/17/2023 16:59	309	42.43	Utility Bills	Debit Card	0
2784	1/17/2023 17:00	287	28.6	Fashion	Credit Card	0
2785	1/17/2023 17:02	3	22.18	Utility Bills	UPI	0
2786	1/17/2023 17:10	108	78.31	Grocery	UPI	0
2787	1/17/2023 17:13	307	35.62	Restaurants	UPI	0
2788	1/17/2023 17:17	401	46.5	Restaurants	UPI	0
2789	1/17/2023 17:26	256	34.33	Grocery	Credit Card	0
2790	1/17/2023 17:27	481	135.97	Electronics	Debit Card	0
2791	1/17/2023 17:31	60	61.96	Grocery	UPI	0
2792	1/17/2023 17:37	119	47.94	Fuel	UPI	0
2793	1/17/2023 17:42	481	86.96	Restaurants	UPI	0
2794	1/17/2023 17:52	109	29.26	Fuel	UPI	0
2795	1/17/2023 17:54	238	24.74	Medical	Debit Card	0
2796	1/17/2023 17:57	96	117.1	Fashion	Debit Card	0
2797	1/17/2023 18:00	77	12.42	Restaurants	UPI	0
2798	1/17/2023 18:00	465	44.74	Grocery	Credit Card	0
2799	1/17/2023 18:04	254	115.01	Travel	Credit Card	0
2800	1/17/2023 18:05	139	156.69	Electronics	Credit Card	0
2801	1/17/2023 18:05	229	27.08	Utility Bills	UPI	0
2802	1/17/2023 18:08	72	93.84	Electronics	Debit Card	0
2803	1/17/2023 18:18	197	10	Grocery	NetBanking	0
2804	1/17/2023 18:22	320	13.16	Travel	UPI	0
2805	1/17/2023 18:23	51	34.45	Travel	NetBanking	0
2806	1/17/2023 18:24	18	46.25	Electronics	Credit Card	0
2807	1/17/2023 18:25	107	22.46	Utility Bills	Debit Card	0
2808	1/17/2023 18:26	479	43.91	Fuel	UPI	0
2809	1/17/2023 18:37	153	48.44	Travel	UPI	0
2810	1/17/2023 18:46	39	19.84	Electronics	UPI	0
2811	1/17/2023 18:50	154	18.6	Electronics	NetBanking	0
2812	1/17/2023 18:51	209	67.85	Electronics	Credit Card	0
2813	1/17/2023 18:52	303	83.06	Fashion	Debit Card	0
2814	1/17/2023 19:08	22	70.84	Fuel	Debit Card	0
2815	1/17/2023 19:12	373	41.46	Restaurants	NetBanking	0
2816	1/17/2023 19:19	298	37.63	Grocery	Credit Card	0
2817	1/17/2023 19:22	22	63.13	Fashion	UPI	0
2818	1/17/2023 19:23	302	57.18	Fashion	UPI	0
2819	1/17/2023 19:26	298	74.07	Fuel	Debit Card	0
2820	1/17/2023 19:29	231	76.01	Electronics	Credit Card	0
2821	1/17/2023 19:33	279	29.91	Fashion	Credit Card	0
2822	1/17/2023 19:35	306	41.12	Fashion	Debit Card	0
2823	1/17/2023 19:35	393	48.44	Fashion	NetBanking	0
2824	1/17/2023 19:37	51	22.04	Fuel	UPI	0
2825	1/17/2023 19:39	365	37.83	Electronics	UPI	0
2826	1/17/2023 19:42	461	36.31	Fashion	UPI	0
2827	1/17/2023 19:47	208	40.42	Grocery	Debit Card	0
2828	1/17/2023 19:50	367	89.73	Restaurants	UPI	0
2829	1/17/2023 19:52	81	11.34	Electronics	NetBanking	0
2830	1/17/2023 19:52	340	53.39	Medical	Credit Card	0
2831	1/17/2023 19:52	450	69.22	Restaurants	Debit Card	0
2832	1/17/2023 19:52	303	14.3	Medical	Debit Card	0
2833	1/17/2023 20:02	450	11.34	Utility Bills	UPI	0
2834	1/17/2023 20:13	81	36.87	Grocery	NetBanking	0
2835	1/17/2023 20:19	421	41.46	Grocery	Debit Card	0
2836	1/17/2023 20:22	367	10	Restaurants	UPI	0
2837	1/17/2023 20:22	43	20.78	Restaurants	Debit Card	0
2838	1/17/2023 20:23	443	41.49	Fashion	Debit Card	0
2839	1/17/2023 20:29	477	68.57	Electronics	UPI	0
2840	1/17/2023 20:39	493	146.6	Electronics	Debit Card	1
2841	2/8/2023 10:00	95	27.14	Fashion	Credit Card	0
2842	1/17/2023 20:47	438	40.07	Grocery	UPI	0
2843	1/17/2023 20:47	142	56.17	Restaurants	Debit Card	0
2844	1/17/2023 20:51	190	54.17	Utility Bills	UPI	0
2845	1/17/2023 20:51	130	10	Utility Bills	UPI	0
2846	1/17/2023 21:05	177	57.95	Fashion	UPI	0
2847	1/17/2023 21:07	323	24.78	Medical	NetBanking	0
2848	1/17/2023 21:11	165	87.13	Grocery	Credit Card	0
2849	1/17/2023 21:15	197	54.75	Grocery	Debit Card	0
2850	1/17/2023 21:18	70	59.34	Utility Bills	UPI	0
2851	1/17/2023 21:27	231	76.97	Fuel	UPI	0
2852	1/17/2023 21:28	456	24.76	Fashion	UPI	0
2853	1/17/2023 21:32	147	29.86	Restaurants	Credit Card	0
2854	1/17/2023 21:34	398	44.23	Medical	UPI	0
2855	1/17/2023 21:37	142	36.6	Grocery	UPI	0
2856	1/17/2023 21:37	302	46.99	Medical	Credit Card	0
2857	1/17/2023 21:49	77	20.65	Utility Bills	UPI	0
2858	1/17/2023 21:50	320	31.87	Fuel	UPI	0
2859	1/17/2023 21:50	456	94.3	Travel	UPI	0
2860	1/17/2023 21:51	393	87.35	Electronics	Credit Card	0
2861	1/18/2023 9:03	223	20.9	Travel	UPI	0
2862	1/18/2023 9:09	126	97.49	Electronics	UPI	0
2863	1/18/2023 9:13	64	97.29	Grocery	Credit Card	0
2864	1/18/2023 9:14	187	121.61	Utility Bills	NetBanking	0
2865	1/18/2023 9:14	130	45	Medical	UPI	0
2866	1/18/2023 9:17	130	163.23	Fashion	NetBanking	0
2867	1/18/2023 9:24	168	63.56	Medical	Credit Card	0
2868	1/18/2023 9:44	372	44.73	Utility Bills	Debit Card	0
2869	1/18/2023 9:48	94	14.42	Travel	Debit Card	0
2870	1/18/2023 9:50	148	14.64	Utility Bills	UPI	0
2871	1/18/2023 9:51	403	32.79	Grocery	Debit Card	0
2872	1/18/2023 9:55	7	28	Electronics	NetBanking	0
2873	1/18/2023 10:02	15	391.96	Travel	Credit Card	0
2874	1/18/2023 10:25	479	97.49	Travel	UPI	0
2875	1/18/2023 10:31	158	34.48	Restaurants	UPI	0
2876	1/18/2023 10:35	134	51.02	Fashion	UPI	0
2877	1/18/2023 10:36	483	75.8	Electronics	NetBanking	0
2878	1/18/2023 10:38	60	18.97	Electronics	Credit Card	0
2879	1/18/2023 10:43	119	12.95	Fashion	NetBanking	1
2880	1/18/2023 10:45	85	33.77	Fuel	Debit Card	0
2881	1/18/2023 10:45	305	79.99	Fashion	Debit Card	0
2882	1/18/2023 10:53	231	40.22	Utility Bills	Debit Card	0
2883	1/18/2023 11:00	295	10	Utility Bills	NetBanking	0
2884	1/18/2023 11:02	258	14.55	Fashion	Credit Card	0
2885	1/18/2023 11:11	468	44.73	Travel	Credit Card	0
2886	1/18/2023 11:13	247	82.79	Electronics	UPI	0
2887	1/18/2023 11:21	81	20.1	Grocery	UPI	0
2888	1/18/2023 11:22	341	174.21	Fashion	Debit Card	0
2889	1/18/2023 11:30	305	27.05	Restaurants	UPI	1
2890	1/18/2023 11:34	85	134.29	Fuel	UPI	0
2891	1/18/2023 11:38	230	47.55	Utility Bills	Credit Card	0
2892	1/18/2023 11:39	296	102.55	Grocery	NetBanking	0
2893	1/18/2023 11:41	132	12.24	Grocery	Debit Card	0
2894	1/18/2023 11:54	6	19.25	Electronics	UPI	0
2895	1/18/2023 11:56	108	34.07	Fashion	UPI	0
2896	1/18/2023 12:02	247	92.51	Electronics	UPI	0
2897	1/18/2023 12:13	26	10.87	Fashion	Credit Card	0
2898	1/18/2023 12:53	178	36.23	Fashion	UPI	0
2899	1/18/2023 13:00	312	43.75	Travel	UPI	0
2900	1/18/2023 13:01	209	26.04	Utility Bills	Credit Card	0
2901	1/18/2023 13:05	446	33.2	Utility Bills	Debit Card	0
2902	1/18/2023 13:07	477	21.83	Grocery	Debit Card	0
2903	1/18/2023 13:12	381	17.48	Medical	Debit Card	0
2904	1/18/2023 13:23	420	38.63	Medical	UPI	0
2905	1/18/2023 13:28	407	21.06	Grocery	UPI	0
2906	1/18/2023 13:28	443	96.02	Fashion	UPI	0
2907	1/18/2023 13:33	231	36.08	Utility Bills	Debit Card	0
2908	1/18/2023 13:45	208	11.5	Fuel	NetBanking	0
2909	1/18/2023 13:46	285	71.99	Grocery	UPI	0
2910	1/18/2023 13:46	3	25.39	Restaurants	UPI	0
2911	1/18/2023 13:56	424	13.86	Utility Bills	NetBanking	0
2912	1/18/2023 14:00	362	90.71	Restaurants	Debit Card	0
2913	1/18/2023 14:00	228	37.49	Restaurants	Credit Card	0
2914	1/18/2023 14:13	187	40.24	Fuel	Credit Card	0
2915	1/18/2023 14:14	387	24.07	Fashion	UPI	0
2916	1/18/2023 14:14	351	48.14	Fuel	UPI	0
2917	1/18/2023 14:15	240	29.54	Restaurants	Credit Card	0
2918	1/18/2023 14:22	138	14.75	Travel	Debit Card	0
2919	1/18/2023 14:27	266	26.89	Utility Bills	UPI	0
2920	1/18/2023 14:37	190	10	Grocery	Credit Card	0
2921	1/18/2023 14:39	445	27.13	Utility Bills	Debit Card	0
2922	1/18/2023 14:41	232	11.32	Utility Bills	UPI	0
2923	1/18/2023 15:00	119	19.3	Medical	NetBanking	0
2924	1/18/2023 15:01	445	36.76	Restaurants	Debit Card	0
2925	1/18/2023 15:07	308	37.06	Restaurants	UPI	0
2926	1/18/2023 15:08	189	29.01	Grocery	Credit Card	0
2927	1/18/2023 15:09	311	103.01	Utility Bills	Debit Card	0
2928	1/18/2023 15:14	445	57.06	Utility Bills	Credit Card	0
2929	1/18/2023 15:15	72	14.13	Restaurants	UPI	0
2930	1/18/2023 15:36	147	12.46	Fuel	UPI	0
2931	1/18/2023 15:38	95	58.04	Grocery	UPI	0
2932	1/18/2023 15:48	409	28.59	Medical	Credit Card	0
2933	1/18/2023 15:49	432	185.4	Fuel	Credit Card	0
2934	1/18/2023 15:49	185	42.63	Electronics	UPI	0
2935	1/18/2023 15:56	59	23.45	Medical	NetBanking	0
2936	1/18/2023 15:57	173	11.84	Restaurants	Debit Card	0
2937	1/18/2023 15:58	417	39.15	Grocery	UPI	0
2938	1/18/2023 15:58	295	28.29	Restaurants	UPI	0
2939	1/18/2023 16:01	285	37.02	Fashion	NetBanking	0
2940	1/18/2023 16:01	432	20.23	Restaurants	Debit Card	0
2941	1/18/2023 16:03	355	19.68	Grocery	UPI	0
2942	1/18/2023 16:04	63	57.15	Travel	Debit Card	0
2943	1/18/2023 16:06	461	11.95	Grocery	Credit Card	0
2944	1/18/2023 16:06	305	10.03	Restaurants	UPI	0
2945	1/18/2023 16:09	258	51.89	Grocery	Credit Card	0
2946	1/18/2023 16:10	240	11.66	Fashion	UPI	0
2947	1/18/2023 16:17	493	41.48	Utility Bills	UPI	0
2948	1/18/2023 16:21	262	46.18	Utility Bills	UPI	1
2949	1/18/2023 16:26	9	10	Utility Bills	UPI	0
2950	1/18/2023 16:29	282	14.1	Medical	UPI	0
2951	1/18/2023 16:38	453	123.02	Grocery	UPI	0
2952	1/18/2023 16:46	189	85.96	Restaurants	Debit Card	0
2953	1/18/2023 16:46	217	41.14	Fashion	UPI	0
2954	1/18/2023 16:53	139	43.63	Medical	NetBanking	0
2955	1/18/2023 16:54	29	31.88	Grocery	UPI	0
2956	1/18/2023 17:02	338	248.8	Fashion	UPI	0
2957	1/18/2023 17:07	108	16.89	Utility Bills	Credit Card	0
2958	1/18/2023 17:13	72	54.96	Medical	Debit Card	0
2959	1/18/2023 17:18	307	30.98	Electronics	Debit Card	0
2960	1/18/2023 17:20	157	25.81	Grocery	UPI	0
2961	1/18/2023 17:20	71	27.58	Medical	UPI	0
2962	1/18/2023 17:21	30	15.77	Grocery	Credit Card	0
2963	1/18/2023 17:23	407	229.19	Restaurants	NetBanking	0
2964	1/18/2023 17:38	150	11.79	Fuel	Credit Card	0
2965	1/18/2023 17:39	144	20.69	Fashion	Credit Card	0
2966	1/18/2023 17:45	108	21.58	Fashion	Debit Card	0
2967	1/18/2023 17:46	302	17.72	Electronics	UPI	0
2968	1/18/2023 17:50	465	59.7	Grocery	UPI	0
2969	1/18/2023 17:50	76	27.62	Fuel	Credit Card	0
2970	1/18/2023 17:51	467	115.87	Electronics	UPI	0
2971	1/10/2023 14:15	110	22.99	Fashion	Debit Card	0
2972	1/18/2023 17:54	262	27.11	Restaurants	UPI	0
2973	1/18/2023 17:56	204	36.92	Utility Bills	UPI	0
2974	1/18/2023 17:56	115	29.09	Fashion	NetBanking	0
2975	1/18/2023 17:57	25	170.99	Travel	Debit Card	0
2976	1/18/2023 17:59	293	76.41	Restaurants	Debit Card	0
2977	1/18/2023 18:01	450	12.92	Fuel	UPI	0
2978	1/18/2023 18:07	401	20.24	Fuel	Credit Card	0
2979	1/18/2023 18:10	138	56.84	Grocery	NetBanking	0
2980	1/18/2023 18:10	15	60.29	Electronics	NetBanking	0
2981	1/18/2023 18:10	499	44.32	Fashion	NetBanking	0
2982	1/18/2023 18:12	9	71.71	Grocery	Debit Card	0
2983	1/18/2023 18:18	245	40.87	Fashion	Credit Card	0
2984	1/18/2023 18:25	49	16.62	Restaurants	Credit Card	0
2985	1/18/2023 18:32	42	113.77	Fashion	NetBanking	0
2986	1/18/2023 18:36	216	125.78	Restaurants	UPI	0
2987	1/18/2023 18:37	93	100.01	Electronics	NetBanking	0
2988	1/18/2023 18:47	62	65.08	Grocery	UPI	0
2989	1/18/2023 18:48	291	31.47	Travel	UPI	0
2990	1/18/2023 18:52	69	15.96	Fashion	Debit Card	0
2991	1/18/2023 18:53	305	64.56	Grocery	UPI	0
2992	1/18/2023 18:57	142	266.84	Utility Bills	Credit Card	0
2993	1/18/2023 19:01	199	233.08	Travel	UPI	0
2994	1/18/2023 19:02	30	10.29	Grocery	UPI	0
2995	1/18/2023 19:08	73	66.28	Fuel	Credit Card	0
2996	1/18/2023 19:11	327	54.45	Travel	Credit Card	0
2997	1/18/2023 19:14	330	18.49	Fuel	UPI	0
2998	1/18/2023 19:15	259	40.92	Electronics	UPI	0
2999	1/18/2023 19:21	57	56.89	Medical	UPI	0
3000	1/18/2023 19:29	445	32.98	Medical	Credit Card	0
3001	1/18/2023 19:31	190	153.02	Utility Bills	NetBanking	0
3002	1/18/2023 19:31	166	35.43	Grocery	UPI	0
3003	1/18/2023 19:35	379	61.88	Fuel	UPI	0
3004	1/18/2023 19:46	218	43.18	Fashion	UPI	0
3005	1/18/2023 19:48	495	43.41	Fuel	Debit Card	0
3006	1/18/2023 19:49	86	23.25	Grocery	UPI	0
3007	1/18/2023 19:58	70	26.28	Utility Bills	UPI	0
3008	1/18/2023 19:59	250	29.29	Medical	UPI	0
3009	1/18/2023 19:59	392	29.89	Fashion	Credit Card	0
3010	1/18/2023 20:03	111	40.13	Utility Bills	UPI	0
3011	1/18/2023 20:05	51	25.93	Grocery	Credit Card	0
3012	1/18/2023 20:07	109	17.27	Grocery	UPI	0
3013	1/18/2023 20:09	341	59.93	Travel	Credit Card	0
3014	1/18/2023 20:10	20	33.37	Travel	Debit Card	0
3015	1/18/2023 20:15	273	38.23	Medical	Credit Card	0
3016	1/18/2023 20:17	148	14.62	Fuel	UPI	0
3017	1/18/2023 20:18	249	49.1	Electronics	UPI	0
3018	1/18/2023 20:20	471	40.19	Electronics	UPI	1
3019	1/18/2023 20:27	231	12.25	Medical	UPI	0
3020	1/18/2023 20:30	403	38.69	Travel	Credit Card	0
3021	1/18/2023 20:33	24	15.73	Utility Bills	Debit Card	0
3022	1/18/2023 20:38	276	27.3	Restaurants	UPI	0
3023	1/18/2023 20:42	239	10.66	Restaurants	Debit Card	0
3024	1/18/2023 20:43	298	12.6	Medical	Credit Card	0
3025	1/18/2023 20:51	258	21.93	Restaurants	Debit Card	0
3026	2/1/2023 12:02	63	30.05	Travel	UPI	0
3027	1/18/2023 20:55	491	12.24	Travel	Debit Card	0
3028	1/18/2023 20:56	182	14.54	Grocery	UPI	0
3029	1/18/2023 21:02	53	31.79	Restaurants	UPI	0
3030	1/18/2023 21:04	417	21.15	Utility Bills	Credit Card	0
3031	1/18/2023 21:10	125	27.06	Fashion	UPI	0
3032	1/18/2023 21:11	49	49.77	Electronics	Debit Card	0
3033	1/18/2023 21:14	301	23.98	Fuel	Credit Card	0
3034	1/18/2023 21:19	201	18.99	Utility Bills	Credit Card	0
3035	1/18/2023 21:19	77	39.92	Restaurants	UPI	0
3036	1/18/2023 21:22	445	46.17	Grocery	Credit Card	0
3037	1/18/2023 21:24	98	23.45	Fuel	Debit Card	0
3038	1/18/2023 21:30	306	19.13	Restaurants	Credit Card	0
3039	1/18/2023 21:30	307	45.22	Electronics	Debit Card	0
3040	1/18/2023 21:32	320	63.76	Electronics	UPI	0
3041	1/18/2023 21:34	107	28.37	Medical	Credit Card	0
3042	1/18/2023 21:40	21	16.3	Fuel	UPI	0
3043	1/18/2023 21:41	208	66.77	Travel	Credit Card	0
3044	1/18/2023 21:41	51	50.61	Utility Bills	UPI	0
3045	1/18/2023 21:43	361	23.25	Grocery	Credit Card	0
3046	1/18/2023 21:48	46	51.96	Grocery	UPI	0
3047	1/18/2023 21:50	396	13.91	Electronics	Debit Card	0
3048	1/18/2023 21:58	491	14.3	Restaurants	UPI	0
3049	1/19/2023 9:01	147	33.01	Fuel	Debit Card	0
3050	1/19/2023 9:06	366	31.6	Restaurants	Debit Card	0
3051	1/19/2023 9:09	288	41.74	Grocery	UPI	0
3052	1/19/2023 9:18	133	63.33	Grocery	UPI	0
3053	1/19/2023 9:34	15	13.89	Grocery	NetBanking	0
3054	1/19/2023 9:37	264	17.28	Utility Bills	Credit Card	0
3055	1/19/2023 9:37	262	26.01	Fuel	Debit Card	0
3056	1/19/2023 9:39	154	20.63	Restaurants	UPI	0
3057	1/19/2023 9:44	414	10	Grocery	Debit Card	0
3058	1/19/2023 9:48	240	10	Restaurants	Credit Card	0
3059	1/19/2023 9:48	396	45.08	Grocery	UPI	0
3060	1/19/2023 9:52	78	93.76	Utility Bills	UPI	0
3061	1/19/2023 10:12	109	31.43	Restaurants	UPI	0
3062	1/19/2023 10:20	7	15.86	Fashion	Credit Card	0
3063	1/19/2023 10:21	446	50.43	Travel	Credit Card	0
3064	1/19/2023 10:26	461	31.71	Electronics	UPI	0
3065	1/19/2023 10:32	237	63.23	Fashion	UPI	0
3066	1/19/2023 10:47	491	32.97	Restaurants	UPI	0
3067	1/19/2023 10:49	329	37.09	Restaurants	Debit Card	0
3068	1/19/2023 11:00	470	15.48	Grocery	Credit Card	0
3069	1/19/2023 11:15	497	54.18	Utility Bills	UPI	0
3070	1/19/2023 11:16	80	48.87	Grocery	Debit Card	0
3071	1/19/2023 11:19	387	113.7	Fashion	NetBanking	0
3072	1/19/2023 11:29	9	72.85	Utility Bills	UPI	0
3073	1/19/2023 11:37	262	115	Grocery	Credit Card	0
3074	1/19/2023 11:38	206	23.09	Fashion	UPI	0
3075	1/19/2023 11:54	94	75.71	Fashion	Debit Card	0
3076	1/19/2023 11:56	177	39.82	Electronics	UPI	0
3077	1/19/2023 12:05	443	58.46	Fuel	UPI	0
3078	1/19/2023 12:15	177	20.99	Fashion	UPI	0
3079	1/19/2023 12:21	284	34.43	Travel	Debit Card	0
3080	1/19/2023 12:27	421	34.84	Medical	UPI	0
3081	1/19/2023 12:28	445	58.76	Utility Bills	UPI	0
3082	1/19/2023 12:30	148	23.9	Medical	Credit Card	0
3083	1/19/2023 12:41	88	54.68	Utility Bills	UPI	0
3084	1/19/2023 12:45	78	87.96	Utility Bills	UPI	0
3085	1/19/2023 12:46	467	13.08	Medical	NetBanking	0
3086	1/19/2023 12:52	293	13.11	Electronics	Debit Card	0
3087	1/19/2023 12:52	249	74.46	Electronics	UPI	0
3088	1/19/2023 12:57	64	173.27	Fashion	UPI	0
3089	1/19/2023 13:20	247	20.69	Grocery	UPI	0
3090	1/19/2023 13:21	223	37.29	Fashion	Credit Card	0
3091	1/19/2023 13:36	208	30.28	Fashion	UPI	0
3092	1/19/2023 13:49	279	38.75	Restaurants	UPI	0
3093	1/19/2023 13:52	108	16.01	Grocery	Credit Card	0
3094	1/19/2023 14:01	379	14.01	Travel	UPI	0
3095	1/19/2023 14:05	396	13.43	Fashion	NetBanking	0
3096	1/19/2023 14:07	461	27.12	Medical	UPI	0
3097	1/19/2023 14:06	419	21.1	Fashion	Debit Card	0
3098	1/19/2023 14:17	296	50.83	Grocery	UPI	0
3099	1/19/2023 14:17	265	64.58	Electronics	Credit Card	0
3100	1/19/2023 14:18	72	21.76	Fashion	NetBanking	0
3101	1/19/2023 14:18	209	78.75	Travel	UPI	0
3102	1/19/2023 14:21	391	13.3	Medical	Credit Card	0
3103	1/19/2023 14:25	306	15.97	Grocery	UPI	0
3104	1/19/2023 14:25	106	41.44	Electronics	NetBanking	0
3105	1/19/2023 14:28	126	335.62	Travel	UPI	0
3106	1/19/2023 14:48	371	20.44	Restaurants	UPI	0
3107	1/19/2023 14:53	145	41.05	Travel	UPI	0
3108	1/19/2023 14:55	165	113.27	Grocery	UPI	0
3109	1/19/2023 14:57	27	32.83	Grocery	Credit Card	0
3110	1/19/2023 14:58	288	50.79	Utility Bills	Credit Card	0
3111	1/19/2023 15:07	251	58.48	Grocery	Credit Card	0
3112	1/19/2023 15:13	208	30.4	Fashion	Debit Card	0
3113	1/19/2023 15:18	415	75.53	Medical	UPI	0
3114	1/19/2023 15:28	306	29.21	Travel	Credit Card	0
3115	1/19/2023 15:35	366	610.41	Fashion	UPI	0
3116	1/19/2023 15:45	54	58.51	Utility Bills	NetBanking	0
3117	1/19/2023 15:46	4	35.35	Grocery	Debit Card	0
3118	1/19/2023 15:56	369	32.55	Travel	Credit Card	0
3119	1/19/2023 15:56	367	76.14	Travel	Credit Card	0
3120	1/19/2023 16:00	96	10	Utility Bills	UPI	0
3121	1/19/2023 16:01	30	48.44	Grocery	Debit Card	0
3122	1/19/2023 16:03	86	20.76	Grocery	NetBanking	0
3123	1/19/2023 16:24	235	71.21	Fuel	UPI	0
3124	1/19/2023 16:25	191	52.09	Medical	UPI	0
3125	1/19/2023 16:26	363	33.75	Restaurants	Credit Card	0
3126	1/19/2023 16:30	423	17.27	Utility Bills	UPI	0
3127	1/19/2023 16:33	353	62.47	Fashion	Debit Card	0
3128	1/19/2023 16:33	228	27.93	Fashion	Debit Card	0
3129	1/19/2023 16:37	204	116.87	Medical	UPI	0
3130	1/19/2023 16:48	187	10.99	Restaurants	Debit Card	0
3131	1/19/2023 16:53	382	20.83	Grocery	Credit Card	0
3132	1/19/2023 16:54	94	29.8	Electronics	UPI	0
3133	1/19/2023 16:58	481	36.57	Electronics	UPI	0
3134	1/19/2023 17:01	231	27.02	Travel	UPI	0
3135	1/19/2023 17:01	231	57.16	Fashion	UPI	0
3136	1/19/2023 17:04	7	252.12	Fashion	UPI	0
3137	1/19/2023 17:06	42	30.57	Medical	UPI	0
3138	1/19/2023 17:11	165	26.93	Fashion	UPI	0
3139	1/19/2023 17:14	108	167.31	Utility Bills	UPI	0
3140	2/27/2023 19:56	267	27.89	Restaurants	UPI	0
3141	1/19/2023 17:19	150	208.77	Utility Bills	UPI	0
3142	1/19/2023 17:28	102	18.99	Medical	Credit Card	0
3143	1/19/2023 17:29	305	23.36	Grocery	UPI	0
3144	1/19/2023 17:33	200	10.52	Grocery	Debit Card	0
3145	1/19/2023 17:37	46	23.62	Fuel	UPI	0
3146	1/19/2023 17:38	446	20.95	Utility Bills	Credit Card	0
3147	1/19/2023 17:40	94	19.52	Medical	Debit Card	0
3148	1/19/2023 17:41	437	15.57	Utility Bills	UPI	0
3149	1/19/2023 17:42	367	11.23	Fuel	UPI	0
3150	1/19/2023 17:44	130	44.29	Restaurants	UPI	0
3151	1/19/2023 17:47	254	40.2	Grocery	UPI	0
3152	1/19/2023 17:54	320	58	Travel	UPI	0
3153	1/19/2023 17:57	303	13.52	Fuel	UPI	0
3154	1/19/2023 18:08	288	38.3	Grocery	Credit Card	0
3155	1/19/2023 18:15	295	46.62	Fuel	Debit Card	0
3156	1/19/2023 18:20	76	39.25	Fashion	UPI	0
3157	1/19/2023 18:27	231	47.94	Grocery	Credit Card	0
3158	1/19/2023 18:31	187	25.57	Electronics	UPI	0
3159	1/19/2023 18:36	477	69.65	Restaurants	Credit Card	0
3160	1/19/2023 18:38	174	15.99	Travel	UPI	0
3161	1/19/2023 18:48	82	68.13	Grocery	UPI	0
3162	1/19/2023 18:52	353	14.39	Grocery	Credit Card	0
3163	1/19/2023 18:55	20	12.93	Travel	UPI	0
3164	1/19/2023 18:56	390	29.85	Grocery	UPI	0
3165	1/19/2023 18:57	70	53.96	Fashion	Credit Card	0
3166	1/19/2023 19:03	444	15.79	Utility Bills	UPI	0
3167	1/19/2023 19:10	231	15.81	Travel	UPI	0
3168	1/19/2023 19:10	307	114.91	Medical	UPI	0
3169	1/19/2023 19:18	133	33.63	Medical	Debit Card	0
3170	1/19/2023 19:20	187	61.2	Fuel	NetBanking	0
3171	1/19/2023 19:24	420	28.83	Utility Bills	UPI	0
3172	1/19/2023 19:25	220	126.18	Fuel	UPI	0
3173	1/19/2023 19:31	165	253.76	Travel	Credit Card	0
3174	1/19/2023 19:40	428	10.88	Fuel	UPI	0
3175	1/19/2023 19:43	238	36.1	Fuel	UPI	0
3176	1/19/2023 19:44	404	56.68	Electronics	Credit Card	0
3177	1/19/2023 19:49	187	36.76	Restaurants	Debit Card	0
3178	1/19/2023 19:58	302	37.82	Medical	Debit Card	0
3179	1/19/2023 20:10	153	42.01	Fuel	UPI	0
3180	1/19/2023 20:19	258	41.42	Medical	Credit Card	0
3181	1/19/2023 20:25	413	98.71	Grocery	UPI	0
3182	1/19/2023 20:35	24	12.3	Electronics	Credit Card	0
3183	1/19/2023 20:37	453	11.01	Medical	Debit Card	0
3184	1/19/2023 20:43	272	25.59	Fuel	Credit Card	0
3185	1/19/2023 20:47	424	77.98	Medical	Credit Card	0
3186	1/19/2023 20:49	315	32.68	Restaurants	UPI	0
3187	1/19/2023 20:49	96	13.13	Grocery	NetBanking	0
3188	1/19/2023 20:52	94	63.15	Utility Bills	UPI	0
3189	1/19/2023 21:02	337	29.14	Travel	Credit Card	0
3190	1/19/2023 21:04	41	20.95	Fashion	Debit Card	0
3191	1/19/2023 21:06	101	41.42	Utility Bills	Credit Card	0
3192	1/19/2023 21:12	326	34.14	Electronics	UPI	0
3193	1/19/2023 21:13	238	183.36	Medical	UPI	0
3194	1/19/2023 21:13	432	63.67	Restaurants	Debit Card	0
3195	1/19/2023 21:14	372	126.01	Grocery	NetBanking	0
3196	1/19/2023 21:21	251	20.38	Grocery	NetBanking	0
3197	1/19/2023 21:26	72	46.59	Electronics	Debit Card	0
3198	1/19/2023 21:37	302	36.7	Medical	Debit Card	0
3199	1/19/2023 21:42	150	10	Fuel	NetBanking	0
3200	1/19/2023 21:48	441	27.94	Travel	NetBanking	0
3201	1/19/2023 21:51	328	14.25	Electronics	Debit Card	0
3202	1/19/2023 21:59	202	34.64	Fashion	NetBanking	0
3203	1/20/2023 9:14	240	68.03	Electronics	Credit Card	0
3204	1/20/2023 9:18	298	26.61	Fuel	UPI	0
3205	1/20/2023 9:22	369	67.87	Utility Bills	UPI	0
3206	1/20/2023 9:30	437	24.52	Fuel	UPI	0
3207	1/20/2023 9:34	349	54.62	Fuel	Debit Card	1
3208	1/20/2023 9:47	218	21.7	Utility Bills	Debit Card	0
3209	1/20/2023 9:53	387	10	Utility Bills	UPI	0
3210	1/20/2023 10:03	179	16.34	Restaurants	Debit Card	0
3211	1/20/2023 10:05	116	60.5	Fashion	Debit Card	0
3212	1/20/2023 10:05	195	10.99	Fashion	UPI	0
3213	1/20/2023 10:06	145	31.92	Medical	UPI	0
3214	1/20/2023 10:18	404	77.94	Utility Bills	Debit Card	0
3215	1/20/2023 10:36	139	160.7	Fashion	UPI	0
3216	1/20/2023 10:44	387	28.08	Electronics	Credit Card	0
3217	1/20/2023 10:56	443	13.23	Fashion	Credit Card	0
3218	1/20/2023 10:56	208	184.68	Fashion	Debit Card	0
3219	1/20/2023 11:02	21	48.73	Medical	Credit Card	0
3220	1/20/2023 11:07	276	65.43	Restaurants	UPI	0
3221	1/20/2023 11:15	369	10	Grocery	Debit Card	0
3222	1/20/2023 11:17	273	13.28	Fashion	Credit Card	0
3223	1/20/2023 11:37	494	19.54	Restaurants	UPI	0
3224	1/20/2023 11:41	309	35.06	Restaurants	Credit Card	0
3225	1/20/2023 11:52	362	39.5	Grocery	UPI	0
3226	1/20/2023 12:02	28	50.24	Fashion	UPI	0
3227	1/20/2023 12:09	67	20.79	Grocery	UPI	0
3228	1/20/2023 12:10	307	14.73	Medical	Debit Card	0
3229	1/20/2023 12:36	173	229.97	Medical	Debit Card	0
3230	1/20/2023 12:46	345	14.06	Fuel	UPI	0
3231	1/20/2023 12:50	32	28.03	Grocery	UPI	0
3232	1/20/2023 12:50	424	75.16	Electronics	UPI	0
3233	1/20/2023 12:59	295	34.09	Grocery	Credit Card	0
3234	1/20/2023 13:01	208	63.79	Restaurants	UPI	0
3235	1/20/2023 13:02	315	32.61	Fuel	Credit Card	0
3236	1/20/2023 13:08	313	38.05	Grocery	Credit Card	0
3237	1/20/2023 13:41	174	13.23	Electronics	UPI	0
3238	1/20/2023 13:43	387	22.26	Grocery	Debit Card	0
3239	1/20/2023 13:45	373	94.85	Restaurants	UPI	0
3240	1/20/2023 13:46	189	19.73	Medical	NetBanking	0
3241	1/20/2023 13:48	147	17.45	Grocery	UPI	0
3242	1/20/2023 13:56	377	21.11	Utility Bills	Debit Card	0
3243	1/20/2023 14:07	409	27.37	Utility Bills	UPI	0
3244	1/20/2023 14:22	430	52.82	Grocery	UPI	0
3245	1/20/2023 14:23	251	22.48	Fuel	Credit Card	0
3246	1/20/2023 14:35	285	37.28	Restaurants	Credit Card	0
3247	1/20/2023 14:36	285	34.65	Restaurants	Debit Card	0
3248	1/20/2023 14:56	302	22.63	Electronics	UPI	0
3249	1/20/2023 14:57	78	31.14	Grocery	Credit Card	0
3250	1/20/2023 15:01	122	14.96	Medical	UPI	0
3251	1/20/2023 15:01	141	37.95	Medical	NetBanking	0
3252	1/20/2023 15:03	72	30.4	Travel	Debit Card	0
3253	1/20/2023 15:03	9	33.51	Fashion	Credit Card	0
3254	1/20/2023 15:05	231	90.09	Fuel	Debit Card	0
3255	1/20/2023 15:24	458	18.34	Utility Bills	Debit Card	0
3256	1/20/2023 15:25	238	166.57	Fashion	Credit Card	0
3257	1/20/2023 15:28	34	24.81	Fashion	UPI	0
3258	1/20/2023 15:39	60	29.38	Medical	UPI	0
3259	1/20/2023 15:46	147	40.73	Fuel	UPI	0
3260	1/20/2023 15:47	85	31.54	Travel	Credit Card	0
3261	1/20/2023 15:48	67	88.39	Fashion	Credit Card	0
3262	1/20/2023 16:01	302	142.04	Electronics	Credit Card	0
3263	1/20/2023 16:09	481	10	Utility Bills	NetBanking	0
3264	1/20/2023 16:15	349	103.2	Grocery	UPI	0
3265	1/20/2023 16:21	127	14.31	Electronics	UPI	0
3266	1/20/2023 16:21	208	39.78	Fuel	UPI	0
3267	1/20/2023 16:22	387	33.22	Travel	UPI	0
3268	1/20/2023 16:35	443	25.85	Medical	NetBanking	0
3269	1/20/2023 16:36	178	24.84	Electronics	Credit Card	0
3270	1/20/2023 16:40	224	50.18	Fashion	UPI	0
3271	1/20/2023 16:43	402	295.85	Utility Bills	Debit Card	1
3272	1/20/2023 16:45	298	175.14	Electronics	UPI	0
3273	1/20/2023 16:50	429	34.1	Grocery	UPI	0
3274	1/20/2023 16:51	418	108.32	Medical	Credit Card	0
3275	1/20/2023 16:56	3	54.49	Electronics	Credit Card	0
3276	1/20/2023 17:07	366	11.36	Restaurants	UPI	0
3277	1/20/2023 17:12	392	11.56	Fuel	NetBanking	0
3278	1/20/2023 17:12	109	21	Utility Bills	UPI	0
3279	1/20/2023 17:13	124	105.33	Utility Bills	Credit Card	0
3280	1/20/2023 17:14	72	19.79	Restaurants	UPI	0
3281	1/20/2023 17:22	7	107.73	Restaurants	UPI	0
3282	1/20/2023 17:23	147	74.74	Utility Bills	UPI	0
3283	1/20/2023 17:26	153	13.14	Utility Bills	UPI	0
3284	1/20/2023 17:26	3	149.56	Travel	Debit Card	0
3285	1/20/2023 17:28	108	21.03	Electronics	UPI	0
3286	1/20/2023 17:38	219	26.45	Travel	NetBanking	0
3287	1/20/2023 17:46	148	21.11	Fuel	Credit Card	0
3288	1/20/2023 18:00	77	14.34	Medical	Credit Card	0
3289	1/20/2023 18:02	203	51.03	Utility Bills	UPI	0
3290	1/20/2023 18:02	9	31.73	Fuel	Debit Card	0
3291	1/20/2023 18:03	341	112.22	Grocery	Debit Card	0
3292	1/20/2023 18:04	96	71.93	Restaurants	UPI	0
3293	1/20/2023 18:17	339	77.76	Fashion	Credit Card	0
3294	1/20/2023 18:21	156	38.1	Travel	Credit Card	0
3295	1/20/2023 18:24	81	53.33	Fuel	NetBanking	0
3296	1/20/2023 18:29	131	216.19	Grocery	Credit Card	0
3297	1/20/2023 18:33	256	90.51	Electronics	Credit Card	0
3298	1/20/2023 18:37	362	147.23	Grocery	UPI	0
3299	1/20/2023 18:40	78	45.42	Electronics	Debit Card	0
3300	1/20/2023 18:47	48	161.89	Travel	Debit Card	0
3301	1/20/2023 18:48	204	39.05	Fashion	Credit Card	0
3302	1/20/2023 18:53	168	62.18	Fashion	Debit Card	0
3303	1/20/2023 18:54	440	89.74	Fashion	Credit Card	0
3304	1/20/2023 18:57	147	38.04	Restaurants	UPI	0
3305	1/20/2023 18:57	301	69.43	Grocery	Credit Card	0
3306	1/20/2023 19:01	147	87.04	Grocery	Credit Card	0
3307	1/20/2023 19:01	119	13.1	Restaurants	Credit Card	0
3308	1/20/2023 19:02	175	104	Fuel	Debit Card	0
3309	1/20/2023 19:02	94	34.96	Travel	UPI	0
3310	1/20/2023 19:04	48	103.85	Fashion	UPI	0
3311	1/20/2023 19:11	458	36.77	Medical	UPI	0
3312	1/20/2023 19:14	461	19.91	Medical	UPI	0
3313	1/20/2023 19:23	306	10	Fuel	Debit Card	0
3314	1/20/2023 19:38	184	21.77	Electronics	Debit Card	0
3315	1/20/2023 19:41	190	12.07	Electronics	Credit Card	0
3316	1/20/2023 19:42	341	145.09	Electronics	UPI	0
3317	1/20/2023 19:43	247	21.4	Medical	UPI	0
3318	1/20/2023 19:47	95	21.32	Fashion	UPI	0
3319	1/20/2023 19:48	124	16.26	Fashion	Credit Card	0
3320	1/20/2023 19:49	96	68.59	Fashion	UPI	0
3321	1/20/2023 19:50	7	14.5	Fuel	Debit Card	0
3322	1/20/2023 19:51	292	12.65	Electronics	UPI	0
3323	1/20/2023 19:53	215	116.29	Fashion	Credit Card	0
3324	1/20/2023 19:54	36	26.24	Grocery	Debit Card	0
3325	1/20/2023 19:55	375	31.78	Restaurants	UPI	0
3326	1/20/2023 19:56	455	28.23	Medical	Credit Card	0
3327	1/20/2023 19:58	258	17.86	Restaurants	Debit Card	0
3328	1/20/2023 20:09	46	11.02	Electronics	Debit Card	0
3329	1/20/2023 20:10	337	34.02	Grocery	UPI	0
3330	1/20/2023 20:15	302	29.3	Fashion	Debit Card	0
3331	1/20/2023 20:23	78	54.75	Travel	UPI	0
3332	1/20/2023 20:24	186	78.58	Medical	UPI	0
3333	1/20/2023 20:38	178	44.83	Grocery	UPI	0
3334	1/20/2023 20:38	275	80.55	Travel	Credit Card	0
3335	1/20/2023 20:39	81	175.17	Electronics	Credit Card	0
3336	1/20/2023 20:40	240	27.45	Fashion	Debit Card	0
3337	1/20/2023 20:46	443	46.6	Grocery	Debit Card	0
3338	1/20/2023 20:52	249	37.05	Medical	UPI	0
3339	1/20/2023 21:01	261	15.5	Fashion	UPI	0
3340	1/20/2023 21:18	193	15.07	Fuel	UPI	0
3341	1/20/2023 21:24	477	18.09	Medical	NetBanking	0
3342	1/20/2023 21:34	145	87.21	Medical	Debit Card	0
3343	1/20/2023 21:35	225	22.47	Electronics	UPI	0
3344	1/20/2023 21:35	150	50.15	Fashion	Credit Card	0
3345	1/20/2023 21:45	77	35.1	Fashion	NetBanking	0
3346	1/20/2023 21:49	404	76.51	Utility Bills	Credit Card	0
3347	1/20/2023 21:52	262	59.04	Electronics	UPI	0
3348	1/20/2023 21:57	150	44.4	Fuel	UPI	0
3349	1/21/2023 9:02	268	98.3	Grocery	Credit Card	0
3350	1/21/2023 9:03	302	17.79	Fuel	Debit Card	0
3351	1/21/2023 9:09	441	33.89	Grocery	Debit Card	0
3352	1/21/2023 9:09	231	19.24	Grocery	UPI	0
3353	1/21/2023 9:10	107	12.79	Electronics	UPI	0
3354	1/21/2023 9:12	209	20.75	Grocery	Credit Card	0
3355	1/21/2023 9:14	170	333.92	Grocery	UPI	0
3356	1/21/2023 9:28	231	45.01	Fashion	Debit Card	0
3357	1/21/2023 9:35	189	19.8	Restaurants	UPI	0
3358	1/21/2023 9:59	196	24.41	Fashion	UPI	0
3359	1/21/2023 10:00	371	48.97	Electronics	UPI	0
3360	1/21/2023 10:18	64	98.18	Medical	Debit Card	0
3361	1/21/2023 10:18	273	47.22	Fuel	NetBanking	0
3362	1/21/2023 10:26	280	21.25	Fuel	Credit Card	0
3363	1/21/2023 10:30	208	48.72	Grocery	UPI	0
3364	1/21/2023 10:34	332	22.49	Restaurants	UPI	0
3365	1/21/2023 10:38	330	161.72	Electronics	UPI	0
3366	1/21/2023 11:00	240	88.08	Grocery	UPI	0
3367	1/21/2023 11:09	349	11.66	Grocery	UPI	0
3368	1/21/2023 11:19	147	28.11	Utility Bills	Debit Card	0
3369	1/21/2023 11:29	362	64.9	Medical	Debit Card	0
3370	1/21/2023 11:30	292	17.19	Medical	UPI	0
3371	1/21/2023 11:30	290	25.35	Fashion	UPI	0
3372	1/21/2023 11:31	382	65.63	Fashion	NetBanking	1
3373	1/21/2023 11:36	147	103.44	Electronics	Debit Card	0
3374	1/21/2023 11:42	267	68	Electronics	Debit Card	0
3375	1/21/2023 11:50	396	58.82	Electronics	NetBanking	0
3376	1/21/2023 12:11	195	46.03	Utility Bills	Credit Card	0
3377	1/21/2023 12:17	150	27.85	Fashion	Debit Card	0
3378	1/21/2023 12:22	165	19.51	Fashion	NetBanking	0
3379	1/21/2023 12:22	213	40.42	Grocery	Debit Card	0
3380	1/21/2023 12:28	443	60.09	Restaurants	Debit Card	0
3381	1/21/2023 12:32	133	39.45	Fashion	Debit Card	0
3382	1/21/2023 12:41	333	46.98	Electronics	UPI	0
3383	1/21/2023 12:57	150	97.98	Electronics	Debit Card	0
3384	1/21/2023 13:04	267	32.08	Grocery	Credit Card	0
3385	1/21/2023 13:11	219	10	Grocery	Credit Card	0
3386	1/21/2023 13:14	144	102.9	Fashion	UPI	0
3387	1/21/2023 13:20	459	21.68	Fuel	Debit Card	0
3388	1/21/2023 13:29	298	15.91	Restaurants	Credit Card	0
3389	1/21/2023 13:29	284	42.94	Restaurants	NetBanking	0
3390	1/21/2023 13:34	147	66.18	Restaurants	NetBanking	0
3391	1/21/2023 13:38	477	34.32	Restaurants	UPI	0
3392	1/21/2023 13:38	69	146.02	Utility Bills	NetBanking	0
3393	1/21/2023 13:48	180	25.51	Grocery	Credit Card	0
3394	1/21/2023 13:50	480	47.47	Electronics	Debit Card	0
3395	1/21/2023 14:02	218	24.78	Fashion	Debit Card	0
3396	1/21/2023 14:05	294	72.34	Electronics	UPI	0
3397	1/21/2023 14:07	103	14.14	Fuel	NetBanking	0
3398	1/21/2023 14:09	250	125	Travel	UPI	0
3399	1/21/2023 14:13	60	132.28	Grocery	Debit Card	0
3400	1/21/2023 14:17	84	62.74	Fuel	UPI	0
3401	1/21/2023 14:18	72	226.02	Medical	UPI	0
3402	1/21/2023 14:20	42	15.94	Grocery	UPI	0
3403	1/21/2023 14:21	78	25.68	Fashion	Credit Card	0
3404	1/21/2023 14:42	403	47.81	Medical	UPI	1
3405	2/26/2023 9:48	247	65.25	Medical	UPI	0
3406	1/21/2023 14:56	194	31.52	Medical	UPI	0
3407	1/21/2023 15:03	357	17.13	Medical	Credit Card	0
3408	1/21/2023 15:11	141	76.68	Grocery	UPI	0
3409	1/21/2023 15:11	371	33	Medical	Debit Card	0
3410	1/21/2023 15:12	92	20.61	Fashion	UPI	0
3411	1/21/2023 15:14	463	64.26	Travel	UPI	0
3412	1/21/2023 15:20	256	12.84	Electronics	UPI	0
3413	1/21/2023 15:24	396	52.5	Grocery	NetBanking	0
3414	1/21/2023 15:24	219	22.49	Medical	UPI	0
3415	1/21/2023 15:25	23	13.64	Electronics	Debit Card	0
3416	1/21/2023 15:43	276	11.49	Fashion	Credit Card	0
3417	1/21/2023 16:07	130	11.66	Grocery	Credit Card	0
3418	1/21/2023 16:11	200	42.42	Utility Bills	Credit Card	0
3419	1/21/2023 16:26	281	79.2	Fashion	UPI	0
3420	1/21/2023 16:29	367	35.76	Utility Bills	NetBanking	0
3421	1/21/2023 16:45	438	203.55	Fuel	UPI	0
3422	1/21/2023 16:52	329	25	Fashion	Credit Card	0
3423	1/21/2023 17:13	17	38.22	Travel	Credit Card	0
3424	1/21/2023 17:27	231	79.02	Fuel	Debit Card	0
3425	1/21/2023 17:27	195	13.01	Utility Bills	NetBanking	0
3426	1/21/2023 17:28	58	15.07	Fashion	Credit Card	0
3427	1/21/2023 17:28	240	41.15	Travel	UPI	0
3428	1/21/2023 17:34	81	73.2	Utility Bills	NetBanking	0
3429	1/21/2023 17:35	349	12.9	Travel	Credit Card	0
3430	1/21/2023 17:37	393	17.25	Grocery	NetBanking	0
3431	1/21/2023 17:37	305	34.36	Grocery	UPI	0
3432	2/10/2023 10:36	314	22.49	Fuel	Credit Card	0
3433	1/21/2023 17:54	124	81.36	Fashion	Credit Card	0
3434	1/21/2023 17:59	275	11.77	Fashion	UPI	1
3435	1/21/2023 18:00	274	153.24	Travel	UPI	0
3436	1/21/2023 18:03	131	42.47	Grocery	Credit Card	0
3437	1/21/2023 18:29	359	18.36	Travel	Credit Card	0
3438	1/21/2023 18:37	446	137.8	Restaurants	Debit Card	0
3439	1/21/2023 18:39	95	58.09	Electronics	UPI	0
3440	1/21/2023 18:43	202	19.61	Travel	Credit Card	0
3441	1/21/2023 18:50	96	29.13	Restaurants	Credit Card	0
3442	1/21/2023 18:51	70	61.96	Medical	Debit Card	0
3443	1/21/2023 18:56	137	41.33	Fuel	Credit Card	0
3444	1/21/2023 19:05	452	38.96	Medical	Credit Card	0
3445	1/21/2023 19:09	285	10.14	Utility Bills	UPI	0
3446	1/21/2023 19:13	22	20.94	Utility Bills	Credit Card	0
3447	1/21/2023 19:13	231	10	Grocery	Debit Card	0
3448	1/21/2023 19:15	387	20.16	Grocery	UPI	0
3449	1/21/2023 19:17	356	95.68	Travel	UPI	0
3450	1/21/2023 19:21	150	12.73	Fashion	NetBanking	0
3451	1/21/2023 19:31	96	46.08	Fuel	UPI	0
3452	1/21/2023 19:33	54	35.56	Utility Bills	Debit Card	0
3453	1/21/2023 19:48	453	43.25	Restaurants	Credit Card	0
3454	1/21/2023 19:48	454	19.8	Medical	Credit Card	0
3455	1/21/2023 19:49	413	24.37	Restaurants	Credit Card	0
3456	1/21/2023 19:55	183	131.83	Restaurants	UPI	0
3457	1/21/2023 20:28	51	40.46	Restaurants	UPI	0
3458	2/5/2023 20:38	381	50.49	Utility Bills	Credit Card	0
3459	1/21/2023 20:40	145	36.36	Grocery	UPI	0
3460	1/21/2023 20:43	484	111.77	Fuel	UPI	0
3461	1/21/2023 20:57	233	11.93	Grocery	UPI	0
3462	1/21/2023 20:59	401	31.15	Fuel	Credit Card	0
3463	1/21/2023 21:00	304	42.35	Electronics	UPI	0
3464	1/21/2023 21:14	95	43.64	Fashion	Debit Card	0
3465	1/21/2023 21:22	250	71.12	Grocery	UPI	0
3466	1/21/2023 21:23	85	10.3	Utility Bills	UPI	0
3467	1/21/2023 21:25	337	104.86	Restaurants	UPI	0
3468	1/21/2023 21:31	133	14.97	Travel	UPI	0
3469	1/21/2023 21:37	260	15.12	Restaurants	Credit Card	0
3470	1/21/2023 21:46	400	329.34	Medical	Debit Card	0
3471	1/21/2023 21:47	18	41.61	Restaurants	NetBanking	0
3472	1/22/2023 9:05	72	28.41	Fuel	Credit Card	0
3473	1/22/2023 9:09	282	78.16	Fuel	NetBanking	0
3474	1/22/2023 9:45	256	45.48	Electronics	Credit Card	0
3475	1/22/2023 9:49	318	10.29	Restaurants	Debit Card	0
3476	1/22/2023 9:50	485	14.74	Utility Bills	Credit Card	0
3477	1/22/2023 9:52	109	18.17	Fuel	Debit Card	0
3478	1/22/2023 10:02	153	390.39	Fashion	NetBanking	0
3479	1/22/2023 10:06	208	45.65	Medical	UPI	0
3480	1/22/2023 10:26	142	31.62	Medical	Debit Card	0
3481	1/22/2023 10:36	262	334.98	Travel	Debit Card	0
3482	1/22/2023 10:57	231	74.29	Grocery	UPI	0
3483	1/22/2023 10:59	429	26.2	Utility Bills	UPI	0
3484	1/22/2023 11:02	477	13.41	Restaurants	Credit Card	0
3485	1/22/2023 11:08	410	144.62	Fuel	NetBanking	0
3486	1/22/2023 11:11	292	14.8	Electronics	UPI	0
3487	1/22/2023 11:12	247	16	Electronics	Debit Card	0
3488	1/22/2023 11:35	403	21.66	Electronics	Credit Card	0
3489	1/22/2023 11:40	145	77.62	Grocery	Credit Card	0
3490	1/22/2023 11:42	73	135.71	Medical	Credit Card	0
3491	1/22/2023 11:43	121	78.74	Utility Bills	Debit Card	0
3492	1/22/2023 11:45	191	22.77	Grocery	UPI	0
3493	1/22/2023 12:01	307	65.82	Grocery	NetBanking	0
3494	1/22/2023 12:17	46	32.09	Restaurants	NetBanking	0
3495	1/22/2023 12:17	7	76.17	Grocery	UPI	0
3496	1/22/2023 12:30	302	10	Utility Bills	NetBanking	0
3497	1/22/2023 13:00	307	55.54	Electronics	UPI	0
3498	1/22/2023 13:02	392	18.69	Utility Bills	Debit Card	0
3499	1/22/2023 13:05	197	38.36	Grocery	Credit Card	0
3500	1/22/2023 13:06	208	39.35	Fuel	Credit Card	0
3501	1/22/2023 13:26	230	50.05	Utility Bills	UPI	0
3502	1/22/2023 13:39	47	25.36	Grocery	Credit Card	0
3503	1/22/2023 13:42	315	35.07	Electronics	UPI	0
3504	1/22/2023 14:03	458	207.9	Utility Bills	Debit Card	0
3505	1/22/2023 14:10	333	70	Fuel	UPI	0
3506	1/22/2023 14:13	229	18.74	Fashion	UPI	0
3507	1/22/2023 14:22	264	27.97	Grocery	UPI	0
3508	1/22/2023 14:22	452	13.03	Restaurants	Credit Card	0
3509	1/22/2023 14:24	144	25.18	Medical	UPI	0
3510	1/22/2023 14:30	9	19.66	Fuel	UPI	1
3511	1/22/2023 14:31	166	52.98	Fashion	Credit Card	0
3512	1/22/2023 14:35	337	228.88	Fuel	UPI	0
3513	1/22/2023 14:39	445	40.76	Restaurants	UPI	0
3514	1/22/2023 14:49	307	300.47	Medical	UPI	0
3515	1/22/2023 14:54	393	11.58	Travel	UPI	0
3516	1/22/2023 14:57	483	25.2	Electronics	UPI	0
3517	1/22/2023 15:01	258	62.17	Medical	UPI	0
3518	1/22/2023 15:04	313	87.17	Fashion	UPI	0
3519	1/22/2023 15:07	39	42.38	Medical	Credit Card	0
3520	1/22/2023 15:14	165	42.84	Medical	Credit Card	0
3521	1/22/2023 15:21	313	45.84	Fuel	NetBanking	0
3522	1/22/2023 15:25	15	22.28	Electronics	UPI	0
3523	1/22/2023 15:37	312	38.39	Grocery	NetBanking	0
3524	1/22/2023 15:42	157	190	Utility Bills	UPI	0
3525	1/22/2023 15:48	460	37.44	Travel	Debit Card	0
3526	1/22/2023 15:49	130	27.76	Grocery	Credit Card	0
3527	1/22/2023 15:52	147	30.56	Grocery	Credit Card	0
3528	1/22/2023 15:54	307	20.05	Grocery	Debit Card	0
3529	1/22/2023 15:57	189	15.64	Medical	UPI	0
3530	1/22/2023 16:02	7	74.89	Utility Bills	Debit Card	0
3531	1/22/2023 16:08	240	73.2	Travel	UPI	0
3532	1/22/2023 16:12	378	70.18	Electronics	Debit Card	0
3533	1/22/2023 16:22	3	61.72	Electronics	Credit Card	0
3534	1/22/2023 16:22	307	29.91	Fuel	UPI	0
3535	1/22/2023 16:26	137	55.98	Fashion	Credit Card	1
3536	1/14/2023 12:33	212	16.91	Restaurants	UPI	0
3537	1/22/2023 17:01	183	37.94	Restaurants	UPI	0
3538	1/22/2023 17:07	477	30.36	Fuel	Credit Card	0
3539	1/22/2023 17:08	70	27.92	Electronics	Debit Card	0
3540	1/22/2023 17:11	409	23.18	Restaurants	UPI	0
3541	1/22/2023 17:12	444	69.65	Travel	UPI	0
3542	1/22/2023 17:20	158	58.72	Travel	Credit Card	0
3543	1/22/2023 17:22	190	85.87	Utility Bills	UPI	0
3544	1/22/2023 17:25	281	61.52	Fuel	UPI	0
3545	1/22/2023 17:29	153	22.11	Electronics	Credit Card	0
3546	1/22/2023 17:30	313	39.59	Grocery	Debit Card	0
3547	1/22/2023 17:36	456	23.63	Medical	UPI	0
3548	1/22/2023 17:45	59	11.61	Medical	Credit Card	0
3549	1/22/2023 17:46	122	10.83	Fashion	UPI	0
3550	1/22/2023 17:47	49	40.96	Grocery	UPI	0
3551	1/22/2023 17:47	391	72.95	Restaurants	UPI	0
3552	1/22/2023 17:47	434	13.16	Fuel	Debit Card	0
3553	1/22/2023 18:04	373	22.52	Fuel	Debit Card	0
3554	1/22/2023 18:05	378	23.78	Travel	UPI	0
3555	1/22/2023 18:09	72	19.92	Utility Bills	Credit Card	0
3556	1/22/2023 18:13	349	89.77	Fashion	UPI	0
3557	1/22/2023 18:20	147	30.15	Grocery	NetBanking	0
3558	1/22/2023 18:23	72	53.58	Travel	UPI	0
3559	1/22/2023 18:27	164	19.86	Travel	NetBanking	0
3560	1/22/2023 18:34	453	124.55	Fuel	Credit Card	0
3561	1/22/2023 18:35	81	17.78	Fashion	UPI	0
3562	1/22/2023 18:40	211	10	Grocery	Debit Card	0
3563	1/22/2023 18:49	81	15.61	Travel	UPI	0
3564	1/22/2023 18:54	164	43.96	Utility Bills	Debit Card	0
3565	1/22/2023 18:59	202	57.97	Utility Bills	UPI	0
3566	1/22/2023 19:05	277	121.2	Travel	UPI	0
3567	1/22/2023 19:12	424	40.93	Utility Bills	UPI	0
3568	1/22/2023 19:23	95	34.91	Grocery	UPI	0
3569	1/22/2023 19:29	218	16.66	Fashion	UPI	0
3570	1/22/2023 19:36	20	22.61	Travel	UPI	0
3571	1/22/2023 19:36	260	197.84	Electronics	UPI	0
3572	1/13/2023 10:18	374	11.52	Restaurants	Credit Card	0
3573	1/22/2023 19:55	108	16.04	Travel	UPI	0
3574	1/22/2023 19:57	203	18.73	Medical	Debit Card	0
3575	1/22/2023 20:00	247	29.79	Utility Bills	UPI	0
3576	1/22/2023 20:01	306	131.26	Grocery	Debit Card	0
3577	1/22/2023 20:03	22	26.31	Fuel	Debit Card	0
3578	1/22/2023 20:07	409	11.62	Medical	UPI	0
3579	1/22/2023 20:09	145	24.89	Restaurants	UPI	0
3580	1/22/2023 20:12	87	34.46	Utility Bills	Credit Card	0
3581	1/22/2023 20:13	108	73.43	Grocery	Credit Card	0
3582	1/22/2023 20:23	79	114.43	Fuel	UPI	0
3583	1/22/2023 20:28	464	12.21	Electronics	UPI	0
3584	1/22/2023 20:32	341	140.46	Grocery	UPI	0
3585	1/22/2023 20:33	293	14.65	Grocery	UPI	0
3586	1/22/2023 20:34	148	72.48	Utility Bills	Debit Card	0
3587	1/22/2023 20:38	126	10.39	Grocery	UPI	0
3588	1/22/2023 20:41	95	41.46	Electronics	Credit Card	0
3589	1/22/2023 20:47	332	11.68	Grocery	Credit Card	0
3590	1/22/2023 20:54	218	11.39	Fuel	Credit Card	0
3591	1/22/2023 21:11	489	181.55	Restaurants	NetBanking	0
3592	1/22/2023 21:12	116	24.67	Fashion	NetBanking	0
3593	1/22/2023 21:16	15	16.32	Fashion	NetBanking	0
3594	1/22/2023 21:22	444	32.23	Restaurants	UPI	0
3595	1/22/2023 21:31	108	116.18	Medical	UPI	0
3596	1/22/2023 21:43	366	42.35	Medical	Credit Card	0
3597	1/22/2023 21:45	240	99.18	Medical	Credit Card	0
3598	1/22/2023 21:46	231	45.83	Grocery	Debit Card	0
3599	1/23/2023 9:09	446	22.7	Restaurants	Debit Card	0
3600	1/23/2023 9:13	131	19.31	Utility Bills	Debit Card	0
3601	1/23/2023 9:19	422	71.79	Medical	UPI	0
3602	1/23/2023 9:20	450	25.31	Electronics	Credit Card	0
3603	1/23/2023 9:28	382	14.27	Grocery	UPI	0
3604	1/23/2023 9:28	223	10.14	Fuel	Debit Card	0
3605	1/23/2023 9:33	426	37.06	Grocery	Debit Card	0
3606	1/23/2023 9:41	407	34.75	Travel	UPI	0
3607	1/23/2023 9:50	229	38.65	Fashion	Credit Card	0
3608	1/23/2023 9:56	147	24.21	Fuel	Debit Card	0
3609	1/23/2023 9:59	68	41.32	Grocery	Debit Card	0
3610	1/23/2023 10:11	483	50.53	Utility Bills	NetBanking	0
3611	1/23/2023 10:13	119	52.7	Restaurants	UPI	0
3612	1/23/2023 10:25	446	13.51	Travel	NetBanking	0
3613	1/23/2023 10:43	437	60.63	Fuel	UPI	0
3614	1/23/2023 10:47	270	47.07	Medical	UPI	0
3615	1/23/2023 10:47	398	160.98	Grocery	Debit Card	0
3616	1/23/2023 10:48	461	96.09	Fashion	Credit Card	0
3617	1/23/2023 10:54	306	11.04	Fashion	NetBanking	0
3618	1/23/2023 11:04	238	25.31	Grocery	UPI	0
3619	1/23/2023 11:07	186	20.33	Restaurants	Debit Card	0
3620	1/23/2023 11:32	298	17.37	Electronics	Credit Card	0
3621	1/23/2023 11:36	72	29.6	Utility Bills	Credit Card	0
3622	1/23/2023 11:44	347	27.88	Grocery	Credit Card	0
3623	1/23/2023 11:53	118	17.86	Restaurants	UPI	0
3624	1/23/2023 11:58	314	23.15	Fashion	UPI	0
3625	1/23/2023 12:06	307	45.95	Grocery	UPI	0
3626	1/23/2023 12:12	51	89.43	Restaurants	Debit Card	0
3627	1/23/2023 12:16	190	28.31	Travel	UPI	0
3628	1/23/2023 12:22	77	16.84	Utility Bills	Credit Card	0
3629	1/23/2023 12:33	285	74.13	Utility Bills	Credit Card	0
3630	1/23/2023 12:38	194	66.04	Electronics	UPI	0
3631	1/23/2023 12:57	413	106.54	Restaurants	Credit Card	0
3632	1/23/2023 13:01	99	49.68	Fuel	UPI	0
3633	1/4/2023 21:42	71	96.42	Grocery	NetBanking	0
3634	1/23/2023 13:13	417	103.13	Travel	UPI	0
3635	1/23/2023 13:23	138	48.2	Fuel	UPI	0
3636	1/23/2023 13:27	359	266.1	Electronics	Debit Card	0
3637	1/23/2023 13:28	259	10	Restaurants	Credit Card	0
3638	1/23/2023 13:39	296	10	Utility Bills	UPI	0
3639	1/23/2023 13:40	95	187.51	Medical	UPI	0
3640	1/23/2023 13:45	49	20.01	Grocery	Debit Card	0
3641	1/23/2023 13:45	491	32.83	Fashion	UPI	0
3642	1/23/2023 13:55	477	53.3	Restaurants	Credit Card	0
3643	1/23/2023 13:59	282	22.09	Medical	Debit Card	0
3644	1/23/2023 14:03	276	11.61	Fashion	NetBanking	0
3645	1/23/2023 14:04	375	22.1	Electronics	NetBanking	0
3646	1/23/2023 14:20	26	30.38	Restaurants	Debit Card	0
3647	1/23/2023 14:23	208	43.08	Fashion	Credit Card	0
3648	1/23/2023 14:35	147	1450.26	Fashion	Debit Card	0
3649	1/23/2023 14:35	72	125.91	Fuel	Credit Card	0
3650	1/23/2023 14:49	453	14	Travel	Credit Card	0
3651	1/23/2023 14:51	437	10.4	Grocery	UPI	0
3652	1/23/2023 15:06	244	190.92	Grocery	Credit Card	0
3653	1/23/2023 15:11	397	40.26	Medical	Credit Card	0
3654	1/23/2023 15:19	392	54.65	Medical	Debit Card	0
3655	1/23/2023 15:19	72	55.44	Fuel	Credit Card	0
3656	1/23/2023 15:28	147	42.7	Grocery	Debit Card	0
3657	1/23/2023 15:28	436	87.6	Medical	UPI	0
3658	1/23/2023 15:29	379	56.15	Fashion	UPI	0
3659	1/23/2023 15:44	418	37.15	Travel	UPI	0
3660	1/23/2023 15:47	23	76.49	Fashion	Debit Card	0
3661	1/23/2023 15:49	233	69.13	Restaurants	UPI	0
3662	1/23/2023 15:50	9	111.34	Utility Bills	UPI	0
3663	1/23/2023 15:51	473	12.57	Utility Bills	Credit Card	0
3664	1/23/2023 15:52	165	13.45	Fashion	UPI	0
3665	1/23/2023 15:56	208	11.58	Fashion	NetBanking	0
3666	1/23/2023 16:02	161	12.25	Grocery	UPI	0
3667	1/23/2023 16:07	42	60.21	Medical	UPI	0
3668	1/23/2023 16:08	175	167.89	Electronics	UPI	0
3669	1/23/2023 16:29	460	28.74	Utility Bills	UPI	0
3670	1/23/2023 16:32	148	26.38	Utility Bills	Credit Card	0
3671	1/23/2023 16:38	43	16.14	Restaurants	Debit Card	0
3672	1/23/2023 16:40	250	12.88	Electronics	UPI	0
3673	1/23/2023 16:42	226	30.51	Medical	UPI	0
3674	1/23/2023 16:50	369	63.14	Fuel	NetBanking	0
3675	1/23/2023 16:51	202	58.99	Grocery	Debit Card	0
3676	2/26/2023 9:47	247	13.39	Fuel	UPI	0
3677	1/23/2023 16:56	387	195.08	Medical	UPI	0
3678	1/23/2023 16:57	192	32.94	Fuel	UPI	0
3679	1/23/2023 17:04	10	24.6	Electronics	UPI	0
3680	1/23/2023 17:06	403	147.23	Fashion	UPI	0
3681	1/23/2023 17:06	193	56.2	Fuel	Credit Card	0
3682	1/23/2023 17:10	173	19.54	Fashion	Credit Card	0
3683	1/23/2023 17:16	109	12.97	Grocery	UPI	0
3684	1/23/2023 17:20	203	66.68	Travel	Debit Card	0
3685	1/23/2023 17:26	378	12.71	Medical	Credit Card	0
3686	1/23/2023 17:26	96	52.85	Grocery	UPI	0
3687	1/23/2023 17:27	379	23.66	Restaurants	Debit Card	0
3688	1/23/2023 17:33	225	55.86	Electronics	Credit Card	0
3689	1/23/2023 17:39	231	20.15	Utility Bills	Credit Card	0
3690	1/23/2023 17:43	327	21.37	Travel	UPI	0
3691	1/23/2023 17:43	147	26.71	Grocery	UPI	0
3692	1/23/2023 17:46	23	48.46	Utility Bills	Credit Card	0
3693	1/23/2023 17:47	444	10.18	Restaurants	NetBanking	0
3694	1/23/2023 18:00	351	41.96	Medical	UPI	0
3695	1/23/2023 18:00	194	51.74	Medical	UPI	0
3696	1/23/2023 18:10	189	42.7	Medical	Debit Card	0
3697	1/23/2023 18:10	187	474.59	Fuel	Debit Card	0
3698	1/23/2023 18:13	332	59.35	Electronics	UPI	0
3699	1/23/2023 18:15	85	39.45	Utility Bills	Debit Card	0
3700	1/23/2023 18:16	295	12.07	Medical	UPI	0
3701	1/23/2023 18:17	189	35.35	Travel	NetBanking	0
3702	1/23/2023 18:19	367	98	Fashion	Debit Card	0
3703	1/23/2023 18:20	402	11.53	Medical	NetBanking	0
3704	1/23/2023 18:20	243	35.7	Fuel	UPI	0
3705	1/23/2023 18:23	453	83.39	Travel	Credit Card	0
3706	1/23/2023 18:24	313	68.16	Grocery	Credit Card	0
3707	1/23/2023 18:26	325	19.9	Electronics	UPI	0
3708	1/23/2023 18:28	287	108.2	Travel	Credit Card	0
3709	1/23/2023 18:30	230	110.74	Fashion	UPI	0
3710	1/23/2023 18:32	367	26.98	Restaurants	Debit Card	1
3711	1/23/2023 18:36	343	74.19	Travel	NetBanking	0
3712	1/23/2023 18:39	96	32.81	Grocery	NetBanking	0
3713	1/23/2023 18:39	42	43.33	Travel	Debit Card	0
3714	1/23/2023 18:46	351	17.8	Utility Bills	UPI	0
3715	1/23/2023 19:04	147	59.87	Restaurants	UPI	0
3716	1/23/2023 19:04	372	34.4	Utility Bills	UPI	1
3717	2/27/2023 20:06	9	21.37	Utility Bills	Credit Card	0
3718	1/23/2023 19:13	360	40.12	Medical	NetBanking	0
3719	1/23/2023 19:13	23	35.17	Electronics	Debit Card	0
3720	1/23/2023 19:13	267	33.65	Utility Bills	Credit Card	0
3721	1/23/2023 19:14	67	13.11	Travel	UPI	0
3722	1/23/2023 19:15	184	59.89	Electronics	UPI	0
3723	1/23/2023 19:20	242	124.45	Fashion	UPI	0
3724	1/23/2023 19:25	460	75.36	Fashion	Credit Card	0
3725	1/23/2023 19:38	46	10	Fuel	UPI	0
3726	1/23/2023 19:40	427	25.6	Travel	UPI	0
3727	1/23/2023 19:44	139	44.6	Medical	UPI	0
3728	1/23/2023 19:46	71	33.08	Medical	UPI	0
3729	1/23/2023 19:50	76	16.38	Fashion	Credit Card	0
3730	1/23/2023 19:50	18	44.68	Grocery	Credit Card	0
3731	1/23/2023 19:55	367	74.12	Electronics	NetBanking	0
3732	1/23/2023 19:57	250	62.14	Electronics	Credit Card	0
3733	1/23/2023 20:00	228	67.97	Electronics	Debit Card	0
3734	1/23/2023 20:04	96	69.06	Grocery	Debit Card	0
3735	1/23/2023 20:04	392	55.57	Grocery	UPI	0
3736	1/23/2023 20:15	282	22.03	Medical	Debit Card	0
3737	1/23/2023 20:19	440	42.3	Electronics	Credit Card	0
3738	1/23/2023 20:22	152	16.84	Utility Bills	Debit Card	0
3739	1/23/2023 20:23	391	11.05	Utility Bills	NetBanking	0
3740	1/23/2023 20:27	284	64.14	Fuel	Debit Card	0
3741	1/23/2023 20:27	393	40.36	Electronics	Debit Card	0
3742	1/23/2023 20:30	166	153.19	Restaurants	UPI	0
3743	1/23/2023 20:52	467	54.22	Utility Bills	NetBanking	0
3744	1/23/2023 21:08	291	10.07	Utility Bills	UPI	0
3745	1/23/2023 21:13	308	23.83	Utility Bills	NetBanking	0
3746	1/23/2023 21:16	329	22.09	Fashion	UPI	0
3747	1/23/2023 21:22	48	19.69	Grocery	NetBanking	0
3748	1/23/2023 21:22	449	76.26	Medical	UPI	0
3749	1/23/2023 21:25	153	14.1	Travel	NetBanking	0
3750	1/23/2023 21:47	207	37.72	Medical	Debit Card	0
3751	1/23/2023 21:49	72	31.75	Medical	Credit Card	0
3752	1/23/2023 21:57	94	15.75	Fashion	UPI	0
3753	1/24/2023 9:00	379	26.38	Travel	NetBanking	0
3754	1/24/2023 9:01	427	62.18	Restaurants	UPI	0
3755	1/24/2023 9:04	51	53.87	Fuel	UPI	0
3756	1/24/2023 9:10	137	14.17	Grocery	NetBanking	0
3757	1/24/2023 9:15	350	34.47	Restaurants	Debit Card	0
3758	1/24/2023 9:21	109	240.28	Medical	Credit Card	0
3759	1/24/2023 9:24	223	17.56	Fashion	NetBanking	0
3760	1/24/2023 9:37	454	34.94	Electronics	UPI	0
3761	1/24/2023 9:45	227	75.42	Travel	NetBanking	0
3762	1/24/2023 9:56	262	43.41	Restaurants	UPI	0
3763	1/24/2023 9:56	102	62.43	Medical	UPI	0
3764	1/24/2023 10:04	183	14.01	Grocery	UPI	0
3765	1/24/2023 10:05	18	79.68	Fashion	Credit Card	0
3766	1/24/2023 10:11	147	29.98	Travel	UPI	0
3767	1/24/2023 10:13	125	93.39	Medical	UPI	0
3768	1/24/2023 10:25	46	108.24	Restaurants	UPI	0
3769	1/24/2023 10:32	404	111.38	Electronics	Credit Card	0
3770	1/24/2023 10:33	231	22	Utility Bills	Credit Card	0
3771	1/24/2023 10:37	314	400.47	Grocery	NetBanking	0
3772	1/24/2023 10:37	189	45.54	Utility Bills	Debit Card	0
3773	1/24/2023 10:51	262	21.02	Restaurants	NetBanking	0
3774	1/24/2023 11:03	298	17.33	Grocery	UPI	0
3775	1/24/2023 11:04	7	38.89	Electronics	Debit Card	0
3776	1/24/2023 11:12	416	12.24	Travel	UPI	0
3777	1/24/2023 11:33	166	43.84	Grocery	UPI	0
3778	1/24/2023 11:41	238	93.26	Travel	NetBanking	0
3779	1/24/2023 11:44	96	42.59	Grocery	Credit Card	0
3780	1/24/2023 11:50	152	13.97	Restaurants	UPI	0
3781	1/24/2023 11:51	51	57.04	Travel	UPI	0
3782	1/24/2023 11:51	247	36.16	Fuel	NetBanking	0
3783	1/24/2023 11:53	238	71.19	Utility Bills	NetBanking	0
3784	1/24/2023 11:57	220	31.19	Restaurants	UPI	0
3785	1/24/2023 12:02	315	12.99	Fuel	UPI	0
3786	1/24/2023 12:02	230	58.76	Electronics	UPI	0
3787	1/24/2023 12:09	108	89.83	Medical	Credit Card	0
3788	1/24/2023 12:13	262	51.88	Fuel	Credit Card	0
3789	1/24/2023 12:29	285	40.65	Restaurants	UPI	0
3790	1/24/2023 12:30	302	60.14	Electronics	Credit Card	0
3791	1/24/2023 12:30	174	59.52	Utility Bills	UPI	0
3792	1/24/2023 12:43	258	124.79	Restaurants	Credit Card	0
3793	1/24/2023 12:47	130	26.74	Electronics	UPI	0
3794	1/24/2023 13:03	494	88.7	Fashion	UPI	0
3795	1/24/2023 13:06	165	24.1	Fashion	UPI	0
3796	1/24/2023 13:07	404	65.45	Grocery	Credit Card	0
3797	1/24/2023 13:15	231	119.79	Utility Bills	UPI	0
3798	1/24/2023 13:17	85	52.42	Fashion	Debit Card	0
3799	1/24/2023 13:22	9	115.45	Grocery	Debit Card	0
3800	1/24/2023 13:22	142	92.37	Fuel	UPI	0
3801	1/24/2023 13:23	273	22.55	Utility Bills	Credit Card	0
3802	1/24/2023 13:44	333	26.03	Medical	Debit Card	0
3803	1/24/2023 13:46	372	35.77	Restaurants	UPI	0
3804	1/24/2023 13:48	298	289.36	Grocery	Debit Card	0
3805	1/24/2023 14:00	304	31.38	Travel	UPI	0
3806	1/24/2023 14:04	7	13.32	Electronics	Credit Card	0
3807	1/24/2023 14:05	276	110.67	Grocery	UPI	0
3808	1/24/2023 14:14	444	94.21	Electronics	NetBanking	0
3809	1/24/2023 14:15	30	17.91	Grocery	UPI	0
3810	1/24/2023 14:20	51	84.14	Grocery	Credit Card	0
3811	1/24/2023 14:32	68	66.76	Medical	UPI	0
3812	1/24/2023 14:33	173	22	Restaurants	UPI	0
3813	1/24/2023 14:40	211	69.15	Utility Bills	UPI	0
3814	1/24/2023 14:42	471	53.17	Fuel	Credit Card	0
3815	1/24/2023 14:46	103	79.58	Fuel	UPI	0
3816	1/24/2023 14:54	373	264.67	Restaurants	Credit Card	0
3817	1/24/2023 15:04	295	11.87	Electronics	UPI	0
3818	1/24/2023 15:09	81	64.43	Electronics	UPI	0
3819	1/24/2023 15:14	118	52.48	Restaurants	Credit Card	0
3820	1/24/2023 15:14	51	32.85	Travel	Credit Card	0
3821	1/24/2023 15:16	321	14.24	Electronics	Credit Card	0
3822	1/24/2023 15:36	202	19.25	Medical	NetBanking	0
3823	1/24/2023 15:37	186	28.54	Fuel	Debit Card	0
3824	1/24/2023 15:42	302	17.76	Utility Bills	Debit Card	0
3825	1/24/2023 15:45	166	26.31	Medical	UPI	0
3826	1/24/2023 15:53	137	10	Fuel	UPI	0
3827	1/24/2023 16:03	151	48.36	Utility Bills	Debit Card	0
3828	1/24/2023 16:08	79	13.48	Fashion	Debit Card	0
3829	1/24/2023 16:10	443	43.66	Electronics	UPI	0
3830	1/24/2023 16:13	437	264.42	Medical	Credit Card	0
3831	1/24/2023 16:13	15	13.96	Travel	UPI	0
3832	2/19/2023 9:54	382	38.82	Grocery	UPI	0
3833	1/24/2023 16:19	304	28.41	Fuel	Debit Card	0
3834	1/24/2023 16:35	441	43.36	Fuel	UPI	0
3835	1/24/2023 16:37	42	11.37	Fashion	Credit Card	0
3836	1/24/2023 16:45	313	115.57	Restaurants	UPI	0
3837	1/24/2023 16:54	46	146.34	Medical	UPI	0
3838	1/24/2023 17:01	427	19.73	Grocery	UPI	0
3839	1/24/2023 17:10	299	46.21	Fashion	Credit Card	0
3840	1/24/2023 17:14	256	37.98	Electronics	Debit Card	0
3841	1/24/2023 17:18	328	10	Utility Bills	Debit Card	0
3842	1/24/2023 17:19	87	19.72	Utility Bills	Debit Card	0
3843	1/24/2023 17:32	467	25.19	Fashion	UPI	0
3844	1/24/2023 17:36	446	10	Grocery	Debit Card	0
3845	1/24/2023 17:36	398	98.69	Fashion	UPI	0
3846	1/24/2023 17:37	278	25.85	Utility Bills	UPI	0
3847	1/24/2023 17:38	217	60.32	Restaurants	Debit Card	0
3848	1/24/2023 17:38	214	108.74	Electronics	UPI	0
3849	1/24/2023 17:39	274	32.64	Grocery	Credit Card	0
3850	1/24/2023 17:40	101	26.87	Grocery	UPI	0
3851	1/24/2023 17:44	91	17.19	Travel	Debit Card	0
3852	1/24/2023 17:49	249	72.8	Utility Bills	Credit Card	0
3853	1/24/2023 17:55	482	25.27	Restaurants	UPI	0
3854	1/24/2023 17:57	286	43.69	Grocery	UPI	0
3855	1/24/2023 18:08	193	43.64	Utility Bills	Debit Card	0
3856	1/24/2023 18:11	379	93.87	Grocery	UPI	0
3857	1/24/2023 18:12	231	18.76	Restaurants	Debit Card	0
3858	1/24/2023 18:19	133	43.76	Travel	UPI	0
3859	1/24/2023 18:22	262	81.35	Electronics	Credit Card	0
3860	1/24/2023 18:22	162	33.04	Fashion	NetBanking	0
3861	1/24/2023 18:23	70	192.11	Fashion	UPI	0
3862	1/24/2023 18:24	489	19.77	Utility Bills	Credit Card	0
3863	1/24/2023 18:27	208	25.43	Travel	UPI	0
3864	1/24/2023 18:27	276	68.66	Electronics	Debit Card	0
3865	1/24/2023 18:28	445	11.34	Fuel	UPI	0
3866	1/24/2023 18:29	68	10	Restaurants	Debit Card	0
3867	1/24/2023 18:31	68	36.96	Restaurants	UPI	0
3868	1/24/2023 18:34	257	78.24	Medical	Debit Card	0
3869	1/24/2023 18:43	301	55.25	Utility Bills	Credit Card	0
3870	1/24/2023 18:44	428	38.04	Grocery	Credit Card	0
3871	1/24/2023 18:46	147	34.64	Electronics	UPI	0
3872	1/24/2023 18:48	81	84.66	Electronics	UPI	0
3873	1/24/2023 18:56	77	34.27	Fuel	UPI	0
3874	1/24/2023 19:01	382	10	Grocery	UPI	0
3875	1/24/2023 19:03	231	138.69	Fuel	UPI	0
3876	1/24/2023 19:11	108	34.7	Fashion	UPI	0
3877	1/24/2023 19:15	250	13.5	Electronics	UPI	0
3878	1/24/2023 19:26	162	120.37	Medical	UPI	0
3879	1/24/2023 19:30	422	39.99	Medical	Debit Card	0
3880	1/24/2023 19:33	437	84.69	Utility Bills	Credit Card	0
3881	1/24/2023 19:45	309	58.88	Electronics	Credit Card	0
3882	1/24/2023 19:45	429	106.27	Grocery	Credit Card	0
3883	1/24/2023 19:47	37	59.27	Grocery	Credit Card	0
3884	1/24/2023 19:55	36	128.18	Restaurants	Credit Card	0
3885	1/24/2023 19:58	482	41.76	Fuel	Debit Card	0
3886	1/24/2023 20:09	147	68.63	Grocery	Debit Card	0
3887	1/24/2023 20:10	11	77.97	Fuel	Debit Card	1
3888	1/24/2023 20:12	124	47.31	Grocery	UPI	0
3889	1/24/2023 20:15	290	24.64	Electronics	NetBanking	0
3890	1/24/2023 20:31	133	18.04	Restaurants	UPI	0
3891	1/24/2023 20:32	256	36.57	Travel	UPI	0
3892	1/24/2023 20:36	109	30.71	Travel	UPI	0
3893	1/24/2023 20:44	51	35.04	Fuel	UPI	0
3894	1/24/2023 20:53	283	14.41	Grocery	Debit Card	0
3895	1/24/2023 20:55	48	24.87	Fashion	UPI	0
3896	1/24/2023 21:10	73	28.57	Restaurants	UPI	0
3897	1/24/2023 21:14	150	32.63	Restaurants	UPI	0
3898	1/24/2023 21:23	421	278.11	Utility Bills	Debit Card	0
3899	1/24/2023 21:25	243	40.18	Medical	Debit Card	0
3900	1/24/2023 21:25	233	37.34	Fuel	Credit Card	0
3901	1/24/2023 21:31	156	68.62	Utility Bills	UPI	0
3902	1/24/2023 21:40	492	55.22	Fashion	Credit Card	0
3903	1/24/2023 21:44	320	44.39	Restaurants	UPI	0
3904	1/24/2023 21:44	9	17.84	Fuel	Credit Card	0
3905	1/24/2023 21:44	230	81.86	Electronics	NetBanking	0
3906	1/24/2023 21:49	409	122.32	Grocery	Credit Card	0
3907	1/24/2023 21:55	444	16.15	Restaurants	Credit Card	0
3908	1/24/2023 21:58	109	21.18	Electronics	UPI	0
3909	1/25/2023 9:19	258	21.39	Grocery	UPI	0
3910	1/25/2023 9:25	117	36.98	Fashion	Debit Card	0
3911	1/25/2023 9:30	262	20.91	Restaurants	UPI	0
3912	1/25/2023 9:35	302	36.85	Fuel	UPI	0
3913	1/25/2023 9:37	325	64.01	Fuel	Credit Card	0
3914	1/25/2023 9:38	96	39.87	Utility Bills	UPI	0
3915	1/25/2023 9:41	174	17.77	Utility Bills	UPI	0
3916	1/25/2023 9:42	4	19.15	Medical	UPI	0
3917	1/25/2023 9:43	343	27.59	Grocery	Credit Card	0
3918	1/25/2023 9:51	361	10	Fuel	NetBanking	0
3919	1/25/2023 9:51	85	37.85	Restaurants	UPI	0
3920	1/25/2023 9:55	347	33.57	Fuel	Credit Card	0
3921	1/25/2023 10:16	296	23.43	Travel	NetBanking	0
3922	1/25/2023 10:16	347	34.13	Restaurants	UPI	0
3923	1/25/2023 10:28	391	106.28	Fashion	UPI	0
3924	1/25/2023 10:47	15	83.22	Grocery	UPI	0
3925	1/25/2023 10:47	78	24.94	Restaurants	UPI	1
3926	1/25/2023 10:53	450	141.63	Grocery	UPI	0
3927	1/25/2023 10:57	483	36.04	Grocery	NetBanking	0
3928	1/25/2023 11:06	371	10	Grocery	UPI	0
3929	1/25/2023 11:08	456	24.23	Fuel	Credit Card	0
3930	1/25/2023 11:11	320	65.38	Electronics	NetBanking	0
3931	1/25/2023 11:14	277	80.45	Restaurants	UPI	0
3932	1/25/2023 11:21	105	11.78	Utility Bills	NetBanking	0
3933	1/25/2023 11:23	215	13.03	Fuel	UPI	0
3934	1/25/2023 11:39	418	51.73	Fashion	UPI	0
3935	1/25/2023 11:43	428	12.93	Medical	NetBanking	0
3936	1/25/2023 11:46	43	92.48	Travel	Debit Card	0
3937	1/25/2023 11:47	327	12.45	Electronics	NetBanking	0
3938	1/25/2023 11:48	208	31.17	Fuel	Credit Card	0
3939	1/25/2023 11:50	302	17.01	Utility Bills	Credit Card	0
3940	1/25/2023 11:51	199	11.91	Grocery	Credit Card	0
3941	1/25/2023 11:59	177	65.16	Fashion	Credit Card	0
3942	1/25/2023 12:22	218	46.35	Travel	Credit Card	0
3943	1/25/2023 12:29	250	24.62	Fashion	Debit Card	0
3944	1/25/2023 12:31	247	79.64	Travel	UPI	0
3945	1/25/2023 12:33	46	66.12	Utility Bills	Credit Card	0
3946	1/25/2023 12:33	250	259.86	Fashion	Credit Card	0
3947	1/25/2023 12:36	6	54.62	Restaurants	Credit Card	0
3948	1/25/2023 12:39	99	41.49	Medical	UPI	0
3949	1/25/2023 12:42	233	26.04	Utility Bills	NetBanking	0
3950	1/25/2023 12:44	491	91.55	Utility Bills	Credit Card	0
3951	1/25/2023 12:50	5	28.08	Restaurants	Debit Card	0
3952	1/25/2023 13:01	231	88.83	Fuel	UPI	0
3953	1/25/2023 13:05	499	12.19	Medical	UPI	0
3954	1/25/2023 13:08	30	189.76	Electronics	Debit Card	0
3955	1/25/2023 13:10	87	74.07	Fashion	Debit Card	0
3956	1/25/2023 13:17	370	41.53	Electronics	Credit Card	0
3957	1/25/2023 13:21	147	11.99	Electronics	Credit Card	0
3958	1/25/2023 13:25	69	35.88	Fuel	UPI	0
3959	1/25/2023 13:33	388	100.23	Grocery	Credit Card	0
3960	1/25/2023 13:34	100	20.06	Electronics	NetBanking	0
3961	1/25/2023 13:38	24	15.28	Medical	Credit Card	0
3962	1/25/2023 13:39	337	58.96	Utility Bills	UPI	0
3963	1/25/2023 13:39	282	12.96	Medical	Debit Card	0
3964	1/25/2023 13:52	494	121.53	Travel	Credit Card	0
3965	1/25/2023 13:54	178	155.06	Grocery	UPI	0
3966	1/25/2023 13:54	242	11.39	Fuel	UPI	0
3967	1/25/2023 13:55	192	34.23	Fuel	Credit Card	0
3968	1/25/2023 13:58	192	91.48	Restaurants	UPI	0
3969	1/25/2023 13:58	231	41.79	Fuel	UPI	0
3970	1/25/2023 14:02	292	34.95	Utility Bills	UPI	0
3971	1/25/2023 14:07	279	143.31	Restaurants	UPI	0
3972	1/25/2023 14:08	32	45.04	Travel	Credit Card	0
3973	1/25/2023 14:09	305	86.83	Grocery	NetBanking	0
3974	1/25/2023 14:17	30	11.18	Fuel	Credit Card	0
3975	1/25/2023 14:21	433	24.44	Utility Bills	Credit Card	0
3976	1/25/2023 14:22	462	10	Utility Bills	UPI	0
3977	1/25/2023 14:24	302	46.91	Fuel	UPI	0
3978	1/25/2023 14:24	395	169.16	Fashion	UPI	0
3979	1/25/2023 14:29	140	18.65	Fashion	Credit Card	0
3980	1/25/2023 14:40	475	33.82	Fashion	UPI	0
3981	1/25/2023 14:42	202	44.33	Restaurants	Credit Card	0
3982	1/25/2023 14:43	231	124.06	Fuel	NetBanking	0
3983	1/25/2023 14:56	213	59.51	Grocery	Debit Card	0
3984	1/25/2023 14:59	25	32.29	Electronics	UPI	0
3985	1/25/2023 15:04	9	44.08	Fashion	UPI	0
3986	1/25/2023 15:05	154	73.86	Medical	Debit Card	0
3987	1/25/2023 15:15	463	20.44	Electronics	Credit Card	0
3988	1/25/2023 15:18	416	45.7	Travel	UPI	0
3989	1/25/2023 15:18	147	69.12	Utility Bills	NetBanking	0
3990	1/25/2023 15:19	320	27.89	Restaurants	UPI	0
3991	1/25/2023 15:24	396	37.3	Fuel	Debit Card	0
3992	1/25/2023 15:24	183	107.11	Medical	UPI	0
3993	1/25/2023 15:31	481	80.62	Medical	Debit Card	0
3994	1/25/2023 15:31	423	12.7	Electronics	Debit Card	0
3995	1/25/2023 15:34	467	31.3	Electronics	Debit Card	0
3996	1/25/2023 15:35	38	161.28	Utility Bills	Credit Card	0
3997	1/25/2023 15:43	477	26.36	Grocery	Credit Card	0
3998	1/25/2023 15:43	483	138.9	Electronics	Credit Card	0
3999	1/25/2023 15:46	405	15.94	Electronics	Credit Card	0
4000	1/25/2023 15:48	306	44.02	Fuel	NetBanking	0
4001	1/25/2023 15:56	315	46.4	Utility Bills	Credit Card	0
4002	1/25/2023 15:59	339	60.44	Electronics	UPI	0
4003	1/25/2023 16:02	49	28.93	Utility Bills	UPI	0
4004	1/25/2023 16:03	378	36.97	Fashion	Credit Card	0
4005	1/25/2023 16:04	391	30.48	Fashion	UPI	0
4006	1/25/2023 16:10	366	16.63	Electronics	NetBanking	0
4007	1/25/2023 16:14	322	33.72	Restaurants	Credit Card	0
4008	1/25/2023 16:14	96	16.77	Grocery	Credit Card	0
4009	1/25/2023 16:15	434	61.18	Grocery	Credit Card	0
4010	1/25/2023 16:15	147	62.12	Medical	UPI	0
4011	1/25/2023 16:17	302	146.31	Grocery	UPI	0
4012	1/25/2023 16:21	262	99.76	Restaurants	UPI	0
4013	1/25/2023 16:23	166	24.89	Utility Bills	UPI	0
4014	1/25/2023 16:24	147	28.52	Grocery	Debit Card	0
4015	1/25/2023 16:28	247	68.7	Grocery	Debit Card	0
4016	1/25/2023 16:30	400	10.08	Utility Bills	Credit Card	0
4017	1/25/2023 16:30	321	80.76	Utility Bills	Debit Card	0
4018	1/25/2023 16:46	319	25.87	Fashion	Debit Card	0
4019	1/25/2023 16:47	365	39.21	Travel	UPI	0
4020	1/25/2023 16:48	404	23.78	Fuel	NetBanking	0
4021	1/25/2023 16:49	282	66.31	Medical	Credit Card	0
4022	1/25/2023 16:53	281	268.85	Utility Bills	UPI	0
4023	1/25/2023 16:54	238	18.25	Electronics	Credit Card	0
4024	1/25/2023 16:56	258	38.28	Medical	NetBanking	0
4025	1/25/2023 17:01	233	43.48	Fashion	UPI	0
4026	1/25/2023 17:04	424	18.23	Restaurants	Debit Card	0
4027	1/25/2023 17:15	130	99.78	Electronics	Debit Card	0
4028	1/25/2023 17:17	338	40.33	Medical	UPI	0
4029	1/25/2023 17:26	228	115.2	Fuel	UPI	0
4030	1/25/2023 17:27	96	10.61	Fuel	Credit Card	0
4031	1/25/2023 17:39	261	75.64	Utility Bills	UPI	0
4032	1/25/2023 17:46	404	12.94	Restaurants	UPI	0
4033	1/25/2023 17:53	126	17.98	Fashion	UPI	0
4034	1/25/2023 17:55	135	25.05	Grocery	Debit Card	0
4035	1/25/2023 18:06	243	61.33	Medical	Debit Card	0
4036	1/25/2023 18:08	428	23.77	Utility Bills	UPI	0
4037	1/25/2023 18:08	72	19.63	Restaurants	Credit Card	0
4038	1/25/2023 18:12	231	49.26	Restaurants	Credit Card	0
4039	1/25/2023 18:12	478	20.19	Grocery	Credit Card	0
4040	1/25/2023 18:18	7	40.45	Grocery	Credit Card	0
4041	1/25/2023 18:27	311	41.7	Grocery	UPI	0
4042	1/25/2023 18:30	351	46.51	Grocery	UPI	0
4043	1/25/2023 18:34	302	107.67	Restaurants	NetBanking	0
4044	1/25/2023 18:48	449	23.14	Medical	UPI	0
4045	1/25/2023 18:55	362	27.22	Grocery	UPI	0
4046	1/25/2023 18:56	142	22.55	Grocery	UPI	0
4047	1/25/2023 18:58	471	74.24	Utility Bills	Debit Card	0
4048	1/25/2023 19:01	64	11.16	Restaurants	Credit Card	1
4049	1/25/2023 19:06	213	18.18	Grocery	UPI	0
4050	2/1/2023 12:06	63	31.61	Grocery	UPI	0
4051	1/25/2023 19:09	214	55.49	Medical	UPI	0
4052	1/25/2023 19:18	327	23.45	Travel	Credit Card	0
4053	1/25/2023 19:20	25	12.61	Restaurants	NetBanking	0
4054	1/25/2023 19:30	305	16.85	Utility Bills	UPI	0
4055	1/25/2023 19:34	231	62.28	Fuel	Debit Card	0
4056	1/25/2023 19:36	178	12.27	Fashion	Credit Card	0
4057	1/25/2023 19:39	406	88.9	Grocery	Credit Card	0
4058	1/25/2023 19:40	138	46.66	Restaurants	Debit Card	0
4059	1/25/2023 19:44	333	27.88	Electronics	UPI	0
4060	1/25/2023 19:47	100	34.54	Fashion	Debit Card	0
4061	1/25/2023 19:48	320	18.85	Electronics	UPI	0
4062	1/25/2023 19:49	282	54.81	Fuel	UPI	0
4063	1/25/2023 19:53	332	18.49	Medical	Credit Card	0
4064	1/25/2023 19:55	145	15.05	Grocery	UPI	1
4065	1/25/2023 19:57	150	11.16	Medical	UPI	0
4066	1/25/2023 20:01	492	11	Utility Bills	Credit Card	0
4067	1/25/2023 20:03	166	38.72	Travel	UPI	0
4068	1/25/2023 20:05	437	87.32	Medical	Credit Card	0
4069	1/25/2023 20:09	137	51.86	Electronics	Credit Card	0
4070	1/25/2023 20:11	177	30.12	Medical	UPI	0
4071	1/25/2023 20:13	41	27.64	Medical	Credit Card	0
4072	1/25/2023 20:15	190	27	Utility Bills	NetBanking	0
4073	1/5/2023 12:05	107	25.13	Grocery	Credit Card	0
4074	1/25/2023 20:29	147	17.53	Medical	UPI	0
4075	1/25/2023 20:32	445	47.15	Grocery	UPI	0
4076	1/25/2023 20:34	417	11.76	Restaurants	Credit Card	0
4077	1/25/2023 20:37	494	29.95	Restaurants	Credit Card	0
4078	1/25/2023 20:39	161	130.65	Electronics	UPI	0
4079	2/10/2023 10:29	314	68.14	Medical	Debit Card	0
4080	1/25/2023 20:41	481	33.14	Medical	Credit Card	0
4081	1/25/2023 20:44	139	16.74	Electronics	UPI	0
4082	1/25/2023 20:45	210	39.3	Fashion	UPI	0
4083	1/25/2023 20:46	104	12.4	Utility Bills	UPI	1
4084	1/25/2023 20:50	125	11.57	Fashion	Debit Card	0
4085	1/25/2023 20:51	108	42.2	Utility Bills	Debit Card	0
4086	1/25/2023 20:52	395	59.3	Grocery	UPI	0
4087	1/25/2023 20:52	109	11.16	Utility Bills	UPI	0
4088	1/25/2023 20:58	382	65.39	Utility Bills	UPI	0
4089	1/25/2023 21:01	190	150.92	Electronics	UPI	0
4090	1/25/2023 21:02	261	23.77	Fashion	UPI	0
4091	1/25/2023 21:05	388	36.26	Fashion	UPI	0
4092	1/25/2023 21:13	250	11.66	Grocery	UPI	0
4093	1/25/2023 21:16	285	29.25	Medical	NetBanking	0
4094	1/25/2023 21:17	210	63.87	Grocery	UPI	0
4095	1/25/2023 21:17	208	10	Utility Bills	Credit Card	0
4096	1/25/2023 21:17	489	149.76	Fashion	Credit Card	0
4097	1/25/2023 21:18	15	69.05	Medical	UPI	0
4098	1/25/2023 21:36	441	62.4	Travel	Credit Card	0
4099	1/25/2023 21:46	483	29.09	Fashion	Credit Card	0
4100	1/25/2023 21:46	295	13.84	Fuel	Credit Card	0
4101	1/25/2023 21:52	26	28.4	Travel	UPI	0
4102	1/26/2023 9:06	405	48.7	Fashion	Debit Card	0
4103	1/26/2023 9:09	134	13.82	Restaurants	UPI	0
4104	1/26/2023 9:26	150	39.71	Restaurants	UPI	0
4105	2/8/2023 9:33	95	35.14	Fuel	UPI	0
4106	1/26/2023 9:30	479	32.49	Fuel	NetBanking	0
4107	1/26/2023 9:47	373	70.97	Travel	Debit Card	0
4108	1/26/2023 9:48	247	36.24	Grocery	UPI	0
4109	1/26/2023 10:02	424	21.89	Medical	UPI	0
4110	1/26/2023 10:06	202	31.63	Grocery	UPI	0
4111	1/26/2023 10:18	189	124.09	Travel	NetBanking	0
4112	1/26/2023 10:18	147	66.98	Fuel	Debit Card	0
4113	1/26/2023 10:42	432	11.96	Fashion	Credit Card	0
4114	1/26/2023 10:49	42	24.68	Grocery	UPI	0
4115	1/26/2023 10:49	290	17.71	Fashion	NetBanking	0
4116	1/26/2023 10:51	369	12.28	Grocery	Credit Card	0
4117	1/26/2023 10:54	307	22.96	Fashion	NetBanking	0
4118	1/26/2023 11:12	393	46.61	Restaurants	UPI	0
4119	1/26/2023 11:17	456	136.66	Travel	Debit Card	0
4120	1/26/2023 11:28	95	26.8	Grocery	Debit Card	0
4121	1/26/2023 11:30	54	97.13	Grocery	UPI	0
4122	1/26/2023 11:34	449	32	Restaurants	UPI	0
4123	1/26/2023 11:36	243	127.73	Medical	UPI	0
4124	1/26/2023 11:47	342	21.59	Restaurants	NetBanking	0
4125	1/26/2023 11:57	477	123.54	Utility Bills	UPI	0
4126	1/26/2023 11:59	456	31.37	Utility Bills	UPI	0
4127	1/26/2023 12:06	280	12.38	Medical	Debit Card	0
4128	1/26/2023 12:07	35	23.64	Electronics	UPI	0
4129	1/26/2023 12:09	153	56.17	Utility Bills	UPI	0
4130	1/26/2023 12:14	194	13.84	Restaurants	UPI	0
4131	1/26/2023 12:14	158	18.04	Electronics	UPI	0
4132	1/26/2023 12:14	352	48.34	Fuel	Credit Card	0
4133	1/26/2023 12:24	387	48.35	Fuel	Debit Card	0
4134	1/26/2023 12:25	248	85.93	Travel	Debit Card	0
4135	1/26/2023 12:28	219	25.67	Utility Bills	UPI	0
4136	1/26/2023 12:38	96	64.83	Fuel	UPI	0
4137	1/26/2023 12:39	339	43.94	Utility Bills	Credit Card	0
4138	1/26/2023 12:42	148	69.39	Electronics	Debit Card	0
4139	1/26/2023 12:47	147	25.1	Medical	Credit Card	1
4140	1/26/2023 12:50	371	69.03	Travel	UPI	0
4141	1/26/2023 13:01	494	49	Fashion	Credit Card	0
4142	1/26/2023 13:01	9	124.53	Utility Bills	Debit Card	0
4143	1/26/2023 13:03	329	43.81	Utility Bills	UPI	0
4144	1/26/2023 13:16	276	21.16	Electronics	Credit Card	0
4145	1/26/2023 13:19	470	14.32	Restaurants	NetBanking	0
4146	1/26/2023 13:44	29	28.06	Fashion	Credit Card	0
4147	1/26/2023 13:50	9	88.13	Grocery	UPI	0
4148	1/26/2023 13:51	228	56.43	Restaurants	Debit Card	0
4149	1/26/2023 13:58	492	47.25	Grocery	Debit Card	0
4150	1/26/2023 14:02	477	44.92	Utility Bills	Credit Card	0
4151	1/26/2023 14:03	250	13.14	Restaurants	UPI	0
4152	1/26/2023 14:10	379	13.92	Grocery	NetBanking	0
4153	1/26/2023 14:11	444	184.99	Travel	UPI	0
4154	1/26/2023 14:11	147	135.38	Grocery	Debit Card	0
4155	1/26/2023 14:15	231	75.45	Grocery	UPI	0
4156	1/26/2023 14:16	250	175.36	Fashion	UPI	0
4157	1/26/2023 14:18	209	45.02	Fuel	Credit Card	0
4158	1/26/2023 14:23	46	30.06	Electronics	UPI	0
4159	1/26/2023 14:41	273	48.88	Electronics	UPI	0
4160	1/26/2023 14:44	298	133.31	Medical	NetBanking	0
4161	1/26/2023 14:56	238	81.6	Utility Bills	Debit Card	0
4162	1/26/2023 14:57	125	54.84	Restaurants	UPI	0
4163	1/26/2023 14:57	314	24.42	Utility Bills	UPI	0
4164	1/26/2023 15:20	151	135.88	Fashion	Debit Card	0
4165	1/26/2023 15:20	108	146.26	Medical	UPI	0
4166	1/26/2023 15:22	296	13.75	Electronics	Debit Card	0
4167	1/26/2023 15:26	192	56.05	Restaurants	UPI	0
4168	1/26/2023 15:34	96	12.95	Restaurants	UPI	0
4169	1/26/2023 15:36	273	56.78	Fuel	Credit Card	0
4170	1/26/2023 15:42	182	23.62	Restaurants	UPI	0
4171	1/26/2023 15:44	471	26.09	Utility Bills	Debit Card	0
4172	1/26/2023 15:47	238	23.53	Fashion	Credit Card	0
4173	1/26/2023 15:47	200	37.72	Fuel	UPI	0
4174	1/26/2023 15:50	231	41.09	Utility Bills	Debit Card	0
4175	1/26/2023 15:50	190	74.04	Fashion	Credit Card	0
4176	1/26/2023 15:53	39	21.17	Travel	Credit Card	0
4177	1/26/2023 15:54	314	57.09	Restaurants	Debit Card	0
4178	1/26/2023 15:56	241	25.84	Fuel	UPI	0
4179	1/26/2023 15:58	144	34.77	Medical	Credit Card	0
4180	1/26/2023 15:59	49	15.24	Utility Bills	UPI	0
4181	1/26/2023 16:01	235	44.61	Restaurants	UPI	0
4182	1/26/2023 16:04	72	59.53	Medical	UPI	0
4183	1/26/2023 16:11	255	18.14	Medical	Debit Card	0
4184	1/26/2023 16:24	426	26.07	Grocery	NetBanking	0
4185	1/26/2023 16:34	327	71.41	Fuel	UPI	0
4186	1/26/2023 16:44	124	16.1	Medical	Credit Card	0
4187	1/26/2023 16:52	337	74.3	Travel	UPI	0
4188	1/26/2023 16:56	315	32.13	Grocery	Credit Card	0
4189	1/26/2023 16:56	28	27.1	Electronics	UPI	0
4190	1/26/2023 17:00	231	92.36	Electronics	Debit Card	0
4191	1/26/2023 17:00	165	36.02	Medical	UPI	0
4192	1/26/2023 17:07	224	31.52	Restaurants	Debit Card	0
4193	1/26/2023 17:08	218	15.47	Fashion	UPI	0
4194	1/26/2023 17:12	37	13.67	Utility Bills	UPI	0
4195	1/26/2023 17:19	439	40.61	Fuel	Credit Card	0
4196	1/26/2023 17:21	17	12.17	Grocery	UPI	0
4197	1/26/2023 17:29	37	21.53	Utility Bills	NetBanking	0
4198	1/26/2023 17:33	37	16.32	Grocery	UPI	0
4199	1/26/2023 17:36	154	87.62	Fuel	UPI	0
4200	1/26/2023 17:39	470	13.97	Travel	Debit Card	0
4201	1/26/2023 17:42	98	295.68	Electronics	UPI	0
4202	1/26/2023 17:47	150	82.95	Restaurants	NetBanking	0
4203	1/26/2023 17:50	20	178.98	Medical	Debit Card	0
4204	1/26/2023 17:50	444	28.52	Travel	Debit Card	0
4205	1/26/2023 18:00	382	50.13	Fashion	Debit Card	0
4206	1/26/2023 18:03	41	25.43	Travel	UPI	0
4207	1/26/2023 18:06	150	20.63	Fuel	UPI	0
4208	1/26/2023 18:10	21	10.37	Restaurants	UPI	0
4209	1/26/2023 18:11	262	23.01	Fuel	UPI	0
4210	1/26/2023 18:18	76	43.05	Travel	Debit Card	0
4211	1/26/2023 18:18	258	67.66	Medical	UPI	0
4212	1/26/2023 18:19	108	39.89	Utility Bills	Credit Card	0
4213	1/26/2023 18:22	203	36.33	Grocery	UPI	0
4214	1/26/2023 18:29	81	60.33	Medical	Debit Card	0
4215	1/26/2023 18:29	145	47.53	Medical	Credit Card	0
4216	1/26/2023 18:29	147	12.72	Travel	Credit Card	0
4217	1/26/2023 18:37	139	29.78	Utility Bills	Debit Card	0
4218	1/26/2023 18:43	362	23.14	Medical	UPI	0
4219	1/26/2023 18:46	382	13.74	Electronics	Credit Card	0
4220	1/26/2023 18:47	483	10	Grocery	UPI	0
4221	1/26/2023 18:47	494	10	Grocery	NetBanking	0
4222	1/26/2023 19:01	7	25.89	Utility Bills	UPI	0
4223	1/26/2023 19:19	472	184	Fashion	UPI	0
4224	1/26/2023 19:27	94	112.79	Grocery	UPI	0
4225	1/26/2023 19:35	96	15.3	Grocery	UPI	0
4226	1/26/2023 19:39	407	63.16	Travel	Credit Card	0
4227	1/26/2023 19:39	372	13.17	Medical	Debit Card	0
4228	1/26/2023 19:40	147	66.43	Restaurants	UPI	0
4229	1/26/2023 19:42	70	61.75	Utility Bills	UPI	0
4230	1/26/2023 19:48	92	203.29	Fashion	Credit Card	0
4231	1/26/2023 20:03	93	324.84	Medical	Credit Card	0
4232	1/26/2023 20:25	349	42.5	Fuel	Credit Card	0
4233	1/26/2023 20:26	362	41.72	Fuel	UPI	0
4234	1/26/2023 20:49	72	93.49	Fashion	UPI	0
4235	1/26/2023 20:51	456	61.08	Fuel	NetBanking	0
4236	1/26/2023 20:54	250	23.73	Fuel	Debit Card	0
4237	1/26/2023 20:56	187	36.38	Fashion	NetBanking	0
4238	1/26/2023 20:56	355	105.4	Medical	Debit Card	0
4239	1/26/2023 21:00	137	80.72	Utility Bills	UPI	0
4240	1/26/2023 21:05	85	40.01	Restaurants	Credit Card	0
4241	1/26/2023 21:08	147	31.71	Restaurants	Credit Card	0
4242	1/26/2023 21:12	15	265.29	Fuel	Debit Card	0
4243	1/26/2023 21:17	72	46.01	Utility Bills	NetBanking	0
4244	1/26/2023 21:21	71	81.12	Travel	Debit Card	0
4245	1/26/2023 21:23	189	75.84	Medical	Credit Card	0
4246	1/26/2023 21:26	78	66.23	Medical	UPI	0
4247	1/26/2023 21:29	454	17	Electronics	Credit Card	0
4248	1/26/2023 21:42	443	50.6	Fuel	Debit Card	0
4249	1/26/2023 21:58	102	134.4	Medical	UPI	0
4250	1/26/2023 21:59	183	35.43	Travel	UPI	0
4251	1/27/2023 9:11	445	85.82	Electronics	Credit Card	0
4252	1/27/2023 9:23	41	55.95	Travel	Debit Card	0
4253	1/27/2023 9:29	72	135.23	Restaurants	Debit Card	0
4254	1/27/2023 9:47	228	59.76	Travel	UPI	0
4255	1/27/2023 9:53	21	10.5	Grocery	Debit Card	0
4256	1/27/2023 9:55	302	12.23	Fashion	Credit Card	0
4257	1/27/2023 9:58	15	26.66	Grocery	UPI	0
4258	1/27/2023 10:04	471	17.59	Electronics	UPI	0
4259	1/27/2023 10:12	81	339.95	Fashion	Credit Card	0
4260	1/27/2023 10:30	261	15.97	Restaurants	NetBanking	0
4261	1/27/2023 10:37	20	65.78	Fuel	Credit Card	0
4262	1/27/2023 10:39	427	26.08	Medical	UPI	0
4263	1/27/2023 10:45	150	19.67	Electronics	UPI	0
4264	1/27/2023 10:47	5	37.58	Electronics	Debit Card	0
4265	1/27/2023 11:01	477	39.7	Travel	Debit Card	0
4266	1/27/2023 11:09	197	662.4	Fashion	Debit Card	0
4267	1/27/2023 11:12	108	13.68	Fashion	Debit Card	0
4268	1/27/2023 11:13	9	11.21	Grocery	Credit Card	0
4269	1/27/2023 11:17	183	12.38	Fashion	UPI	0
4270	1/27/2023 11:20	494	21.63	Fuel	UPI	0
4271	1/27/2023 11:22	241	25.94	Travel	Credit Card	0
4272	1/27/2023 11:26	293	94.69	Electronics	UPI	0
4273	1/27/2023 11:51	285	43.02	Electronics	UPI	0
4274	1/27/2023 11:59	20	13.47	Electronics	UPI	1
4275	1/27/2023 12:03	290	20.06	Grocery	UPI	0
4276	1/27/2023 12:04	477	56.94	Electronics	UPI	0
4277	1/27/2023 12:14	296	22.8	Restaurants	UPI	0
4278	1/27/2023 12:15	423	40.52	Medical	UPI	0
4279	1/27/2023 12:17	219	26.73	Travel	Credit Card	0
4280	1/27/2023 12:24	246	16.5	Utility Bills	UPI	0
4281	1/27/2023 12:26	456	23.7	Grocery	NetBanking	0
4282	1/27/2023 12:26	410	101.41	Electronics	Debit Card	0
4283	1/27/2023 12:26	158	42	Grocery	UPI	0
4284	1/27/2023 12:33	332	36.28	Grocery	UPI	0
4285	1/27/2023 12:36	445	12.46	Travel	Credit Card	0
4286	1/27/2023 12:44	133	23.47	Fashion	UPI	0
4287	1/27/2023 12:46	214	25.82	Restaurants	NetBanking	0
4288	1/27/2023 12:49	46	30.34	Fuel	UPI	0
4289	1/27/2023 12:53	138	70.45	Grocery	Debit Card	0
4290	1/27/2023 12:58	165	62.1	Fashion	NetBanking	0
4291	1/27/2023 13:04	60	46.23	Grocery	UPI	0
4292	1/27/2023 13:25	1	64.85	Utility Bills	Debit Card	0
4293	1/27/2023 13:28	456	131.88	Restaurants	Credit Card	0
4294	1/27/2023 13:29	108	56.03	Fashion	UPI	0
4295	1/27/2023 13:34	170	54.02	Grocery	UPI	0
4296	2/1/2023 11:45	63	55.14	Utility Bills	Debit Card	0
4297	1/27/2023 13:44	71	28.42	Grocery	UPI	0
4298	1/27/2023 13:45	343	45.39	Grocery	Credit Card	0
4299	1/27/2023 13:52	339	15.39	Restaurants	UPI	0
4300	1/27/2023 13:54	445	38.01	Grocery	UPI	0
4301	1/27/2023 13:59	358	67.88	Restaurants	Credit Card	1
4302	1/27/2023 13:59	81	47.7	Utility Bills	Credit Card	0
4303	1/27/2023 14:09	246	95.45	Travel	Debit Card	0
4304	1/27/2023 14:15	333	34.84	Grocery	UPI	0
4305	1/27/2023 14:18	104	46.93	Medical	UPI	0
4306	1/27/2023 14:20	187	16.8	Medical	UPI	0
4307	1/27/2023 14:26	273	87.6	Fashion	Credit Card	0
4308	1/27/2023 14:30	366	35.22	Fashion	Credit Card	0
4309	1/27/2023 14:31	108	23.22	Utility Bills	UPI	0
4310	1/27/2023 14:33	249	49.65	Electronics	UPI	0
4311	1/27/2023 14:33	445	15.26	Electronics	Credit Card	0
4312	2/14/2023 13:22	211	29.77	Fashion	Credit Card	0
4313	1/27/2023 14:53	218	22.7	Grocery	UPI	0
4314	1/27/2023 14:55	453	42.32	Fuel	Debit Card	0
4315	1/27/2023 15:06	262	30.77	Utility Bills	Credit Card	0
4316	1/27/2023 15:10	187	27.72	Restaurants	Credit Card	0
4317	1/27/2023 15:13	78	22.39	Restaurants	Credit Card	0
4318	1/27/2023 15:16	460	48.03	Utility Bills	UPI	0
4319	1/27/2023 15:26	165	37.44	Electronics	Credit Card	0
4320	1/27/2023 15:31	233	42.59	Utility Bills	UPI	0
4321	1/27/2023 15:38	147	15.43	Restaurants	Credit Card	0
4322	1/27/2023 15:52	465	59.67	Medical	UPI	0
4323	1/27/2023 15:57	7	13.96	Electronics	Credit Card	0
4324	1/27/2023 15:59	365	46.02	Travel	UPI	0
4325	1/27/2023 16:01	241	24.54	Fashion	Credit Card	0
4326	1/27/2023 16:03	395	34.87	Electronics	Debit Card	0
4327	1/27/2023 16:09	484	14.29	Utility Bills	Credit Card	0
4328	1/27/2023 16:11	121	32.82	Travel	NetBanking	0
4329	1/27/2023 16:16	208	105.92	Fuel	UPI	0
4330	1/27/2023 16:29	115	50.22	Medical	UPI	0
4331	1/27/2023 16:30	60	86.45	Medical	UPI	0
4332	1/27/2023 16:36	85	48.65	Utility Bills	NetBanking	0
4333	1/27/2023 16:37	477	12.08	Utility Bills	Debit Card	0
4334	1/27/2023 16:44	482	37.66	Travel	UPI	0
4335	1/27/2023 16:44	492	43.94	Grocery	UPI	0
4336	1/27/2023 16:47	243	51.86	Utility Bills	NetBanking	0
4337	1/27/2023 16:47	462	54.74	Restaurants	Credit Card	0
4338	1/27/2023 16:56	349	43.78	Fuel	UPI	0
4339	1/27/2023 17:03	209	16.78	Restaurants	NetBanking	0
4340	1/27/2023 17:04	247	219.31	Fashion	Credit Card	0
4341	1/27/2023 17:07	247	122.68	Fuel	Credit Card	0
4342	1/27/2023 17:07	39	16.32	Electronics	Debit Card	0
4343	1/27/2023 17:10	368	23.4	Utility Bills	UPI	0
4344	1/27/2023 17:21	199	27.32	Restaurants	UPI	0
4345	1/27/2023 17:25	109	15.03	Grocery	Credit Card	0
4346	1/27/2023 17:35	138	238.27	Fashion	Debit Card	0
4347	1/27/2023 17:36	150	13.74	Grocery	UPI	0
4348	1/27/2023 17:37	238	79.23	Utility Bills	NetBanking	0
4349	1/27/2023 17:38	225	39.45	Utility Bills	UPI	0
4350	1/27/2023 17:43	407	12.71	Restaurants	NetBanking	0
4351	1/27/2023 17:44	327	187.65	Restaurants	Credit Card	0
4352	1/27/2023 17:49	339	19.9	Travel	Credit Card	0
4353	1/27/2023 17:49	72	20.66	Medical	Credit Card	0
4354	1/27/2023 17:58	404	47.9	Electronics	Credit Card	0
4355	1/27/2023 18:02	189	15.3	Travel	Debit Card	0
4356	1/27/2023 18:07	77	15.5	Grocery	Debit Card	0
4357	1/27/2023 18:20	476	39.3	Grocery	UPI	0
4358	1/27/2023 18:21	315	12.31	Fashion	Credit Card	0
4359	1/27/2023 18:27	298	22.54	Travel	UPI	0
4360	1/27/2023 18:27	462	164.75	Grocery	NetBanking	0
4361	1/27/2023 18:28	58	45.24	Medical	Credit Card	0
4362	1/27/2023 18:28	292	32.46	Restaurants	Debit Card	0
4363	1/27/2023 18:30	147	14.02	Electronics	NetBanking	0
4364	1/27/2023 18:31	72	28.07	Fuel	Credit Card	0
4365	1/27/2023 18:32	178	30.48	Utility Bills	UPI	0
4366	1/27/2023 18:32	240	36.58	Utility Bills	Debit Card	0
4367	1/27/2023 18:54	187	950.04	Restaurants	Credit Card	0
4368	1/27/2023 18:57	302	111.07	Electronics	UPI	0
4369	1/27/2023 19:05	443	26.66	Electronics	Credit Card	0
4370	1/27/2023 19:05	150	43.56	Restaurants	UPI	0
4371	1/27/2023 19:13	461	65	Travel	UPI	0
4372	1/27/2023 19:20	424	34.51	Electronics	UPI	0
4373	1/27/2023 19:21	373	10	Restaurants	Credit Card	0
4374	1/27/2023 19:22	243	67.53	Utility Bills	Credit Card	0
4375	1/27/2023 19:41	67	56.7	Fashion	Debit Card	0
4376	1/27/2023 19:46	292	23.44	Fuel	NetBanking	0
4377	1/27/2023 19:57	438	23.26	Fuel	NetBanking	0
4378	1/27/2023 20:04	489	249.98	Restaurants	UPI	0
4379	1/27/2023 20:22	459	16.41	Grocery	UPI	0
4380	1/27/2023 20:38	187	20.32	Fuel	UPI	0
4381	1/27/2023 20:43	28	18.51	Electronics	NetBanking	0
4382	1/27/2023 20:45	302	53.6	Medical	Credit Card	0
4383	1/8/2023 19:16	392	25.77	Utility Bills	UPI	0
4384	1/27/2023 20:51	446	165.72	Fuel	UPI	0
4385	1/27/2023 21:03	42	53.31	Utility Bills	Credit Card	0
4386	1/27/2023 21:35	494	32.71	Electronics	Credit Card	0
4387	1/27/2023 21:37	70	10.82	Utility Bills	UPI	0
4388	1/27/2023 21:41	161	56.75	Travel	UPI	0
4389	1/27/2023 21:53	426	52.11	Grocery	Credit Card	0
4390	1/28/2023 9:05	356	49.1	Electronics	Credit Card	0
4391	1/28/2023 9:07	127	16.99	Medical	NetBanking	0
4392	1/28/2023 9:29	323	10.93	Electronics	UPI	0
4393	1/28/2023 9:30	150	183.57	Fashion	UPI	0
4394	1/28/2023 9:48	5	41.06	Fuel	UPI	0
4395	1/28/2023 9:59	126	96.36	Medical	UPI	0
4396	1/28/2023 10:02	302	29.52	Restaurants	UPI	0
4397	1/28/2023 10:13	109	122.06	Grocery	Credit Card	0
4398	1/28/2023 10:17	293	47.92	Fashion	Debit Card	0
4399	1/28/2023 10:22	34	27.39	Travel	UPI	0
4400	1/28/2023 10:35	382	10.38	Grocery	Credit Card	0
4401	1/28/2023 10:49	321	36.72	Grocery	UPI	0
4402	1/28/2023 10:55	202	21.77	Restaurants	UPI	0
4403	1/28/2023 11:11	288	70.86	Restaurants	UPI	0
4404	1/28/2023 11:23	396	12.95	Fuel	Credit Card	0
4405	1/28/2023 11:26	371	20.84	Fashion	Debit Card	0
4406	1/28/2023 11:31	126	42.88	Grocery	UPI	0
4407	1/28/2023 11:31	440	49.92	Grocery	UPI	0
4408	1/28/2023 11:31	284	122.48	Medical	Debit Card	0
4409	1/28/2023 11:46	96	30.36	Restaurants	Debit Card	0
4410	1/28/2023 11:48	362	18.6	Utility Bills	UPI	0
4411	1/28/2023 12:06	145	10.87	Utility Bills	NetBanking	0
4412	1/28/2023 12:10	150	33.41	Restaurants	Credit Card	0
4413	1/28/2023 12:11	145	21.81	Utility Bills	UPI	0
4414	1/28/2023 12:20	302	16.03	Medical	Debit Card	0
4415	1/28/2023 12:24	269	28.49	Fashion	Debit Card	0
4416	1/28/2023 12:26	77	22.97	Grocery	Credit Card	0
4417	1/28/2023 12:29	343	44.04	Medical	Debit Card	0
4418	1/28/2023 12:31	111	37.72	Electronics	UPI	0
4419	1/28/2023 12:38	231	10.5	Restaurants	UPI	0
4420	1/28/2023 12:40	81	36.21	Medical	Debit Card	0
4421	1/28/2023 12:55	409	10.59	Grocery	UPI	0
4422	1/28/2023 12:59	208	42.71	Grocery	UPI	0
4423	1/28/2023 13:02	145	119.72	Travel	UPI	0
4424	1/28/2023 13:06	98	120.32	Utility Bills	Debit Card	0
4425	1/28/2023 13:08	396	185.4	Fashion	Credit Card	0
4426	1/28/2023 13:15	10	61.33	Fashion	Credit Card	0
4427	1/28/2023 13:16	215	26.35	Fashion	Credit Card	0
4428	1/28/2023 13:16	457	56.31	Travel	UPI	0
4429	1/28/2023 13:22	388	10	Grocery	UPI	0
4430	1/28/2023 13:45	68	48.55	Utility Bills	Credit Card	0
4431	1/28/2023 13:54	147	15.79	Grocery	UPI	0
4432	1/28/2023 14:20	262	61.08	Restaurants	Debit Card	0
4433	1/28/2023 14:43	67	19.85	Medical	UPI	0
4434	1/28/2023 14:47	188	33.86	Electronics	UPI	0
4435	1/28/2023 14:50	325	31.36	Grocery	Credit Card	0
4436	1/28/2023 15:08	254	15.76	Utility Bills	UPI	0
4437	1/28/2023 15:16	473	37.47	Medical	Credit Card	0
4438	1/28/2023 15:17	324	40.3	Restaurants	NetBanking	0
4439	1/28/2023 15:18	154	41.24	Grocery	Debit Card	0
4440	1/28/2023 15:27	388	46.49	Grocery	Credit Card	0
4441	1/28/2023 15:29	179	18.6	Electronics	Debit Card	0
4442	1/28/2023 15:35	250	27.9	Grocery	NetBanking	0
4443	1/28/2023 15:36	404	60.84	Utility Bills	Debit Card	0
4444	1/28/2023 15:36	276	67.86	Electronics	Debit Card	0
4445	1/28/2023 15:39	179	17.61	Fashion	Credit Card	0
4446	1/28/2023 15:43	160	20.41	Restaurants	Credit Card	0
4447	1/28/2023 15:47	219	61.95	Electronics	Credit Card	0
4448	1/28/2023 15:51	293	79.14	Electronics	UPI	0
4449	1/28/2023 15:51	382	29.42	Utility Bills	UPI	0
4450	1/28/2023 16:05	108	23.92	Fashion	Credit Card	0
4451	1/28/2023 16:05	458	26.28	Restaurants	Credit Card	0
4452	1/28/2023 16:09	473	41.83	Electronics	Debit Card	0
4453	1/28/2023 16:10	111	668.73	Utility Bills	Credit Card	0
4454	1/28/2023 16:22	262	10.78	Electronics	UPI	0
4455	1/28/2023 16:24	67	163.82	Restaurants	Credit Card	0
4456	1/28/2023 16:34	276	75.05	Grocery	UPI	0
4457	1/28/2023 16:35	20	55.8	Fuel	Credit Card	0
4458	1/28/2023 16:37	223	11.8	Electronics	UPI	0
4459	1/28/2023 16:38	479	48.21	Utility Bills	Debit Card	0
4460	1/28/2023 16:39	405	54.1	Electronics	UPI	0
4461	1/28/2023 16:40	369	12.6	Grocery	UPI	0
4462	1/28/2023 16:56	145	32.4	Fashion	UPI	0
4463	1/28/2023 17:05	369	12.66	Grocery	UPI	0
4464	1/28/2023 17:07	302	45.47	Utility Bills	NetBanking	0
4465	1/28/2023 17:11	409	62.67	Fuel	UPI	0
4466	1/28/2023 17:14	250	195.92	Grocery	Credit Card	0
4467	1/28/2023 17:25	138	11.94	Fashion	UPI	0
4468	1/28/2023 17:25	312	70.47	Fuel	Credit Card	0
4469	1/28/2023 17:31	156	27.66	Travel	NetBanking	0
4470	1/28/2023 17:31	147	19.35	Electronics	UPI	0
4471	1/28/2023 17:32	36	10	Utility Bills	Credit Card	0
4472	1/28/2023 17:35	133	54.24	Grocery	UPI	0
4473	1/28/2023 17:38	78	10.62	Grocery	Credit Card	0
4474	1/28/2023 17:41	404	38.04	Grocery	NetBanking	0
4475	1/28/2023 17:45	21	43.39	Grocery	UPI	0
4476	1/28/2023 17:54	154	51.56	Grocery	Debit Card	0
4477	1/28/2023 17:56	215	95.41	Restaurants	UPI	0
4478	1/28/2023 17:58	444	25.45	Electronics	Credit Card	0
4479	1/28/2023 17:59	243	33.54	Utility Bills	UPI	0
4480	1/28/2023 18:10	39	11.16	Grocery	Credit Card	0
4481	1/28/2023 18:10	133	75.83	Fashion	Credit Card	0
4482	1/28/2023 18:11	413	16.56	Electronics	UPI	0
4483	1/28/2023 18:13	165	22.14	Grocery	Credit Card	0
4484	1/28/2023 18:19	349	24.85	Utility Bills	Credit Card	0
4485	1/28/2023 18:25	482	13.02	Grocery	UPI	0
4486	1/28/2023 18:29	119	46.78	Electronics	Debit Card	0
4487	1/28/2023 18:29	137	26.94	Grocery	Credit Card	0
4488	1/28/2023 18:34	489	85.91	Electronics	UPI	0
4489	1/28/2023 18:39	130	13.89	Restaurants	UPI	0
4490	1/28/2023 18:42	330	10.55	Fuel	Debit Card	0
4491	1/28/2023 18:45	382	12.48	Restaurants	UPI	0
4492	1/28/2023 18:50	319	64.43	Utility Bills	Debit Card	0
4493	1/28/2023 18:51	15	41.88	Utility Bills	Debit Card	0
4494	1/28/2023 18:55	137	44.79	Fashion	NetBanking	0
4495	1/28/2023 18:58	356	80.6	Fashion	NetBanking	0
4496	1/28/2023 18:59	46	55.42	Electronics	UPI	0
4497	1/28/2023 19:01	249	51.23	Fashion	NetBanking	0
4498	1/28/2023 19:07	424	63.35	Travel	UPI	0
4499	1/28/2023 19:08	275	14.99	Grocery	NetBanking	0
4500	1/28/2023 19:12	189	60.94	Fuel	Credit Card	0
4501	1/28/2023 19:15	302	46.97	Fashion	UPI	0
4502	1/28/2023 19:19	85	18	Grocery	Credit Card	0
4503	1/28/2023 19:21	362	35.39	Electronics	UPI	0
4504	1/28/2023 19:21	150	15.32	Medical	Credit Card	0
4505	2/21/2023 9:13	96	37.64	Fuel	UPI	0
4506	1/28/2023 19:28	375	70	Fuel	Credit Card	0
4507	1/28/2023 19:28	314	10	Grocery	UPI	0
4508	1/28/2023 19:29	53	19.93	Restaurants	UPI	0
4509	1/28/2023 19:30	189	39.97	Utility Bills	Debit Card	0
4510	1/28/2023 19:30	403	14.06	Restaurants	Credit Card	0
4511	1/28/2023 19:31	165	43.05	Travel	Credit Card	0
4512	1/28/2023 19:31	30	13.35	Fuel	Credit Card	0
4513	1/28/2023 19:39	341	31.1	Utility Bills	NetBanking	0
4514	1/28/2023 19:45	147	20.5	Electronics	Debit Card	0
4515	1/28/2023 20:03	327	35.61	Restaurants	NetBanking	0
4516	1/28/2023 20:07	139	11.68	Fashion	UPI	0
4517	1/28/2023 20:10	15	34.17	Grocery	UPI	0
4518	1/28/2023 20:11	293	10.1	Fuel	UPI	0
4519	1/28/2023 20:13	231	44.79	Fashion	Debit Card	0
4520	1/28/2023 20:15	124	149.18	Grocery	NetBanking	0
4521	1/28/2023 20:41	362	23.04	Travel	Credit Card	0
4522	1/28/2023 20:41	367	12.32	Electronics	Credit Card	0
4523	1/28/2023 20:42	219	32.06	Utility Bills	UPI	0
4524	1/28/2023 20:47	66	113.12	Fashion	UPI	0
4525	1/28/2023 21:05	51	53.63	Grocery	Credit Card	0
4526	1/28/2023 21:13	369	11.22	Utility Bills	NetBanking	0
4527	1/28/2023 21:16	164	73.32	Fashion	NetBanking	0
4528	1/28/2023 21:19	477	51.3	Medical	Credit Card	0
4529	1/28/2023 21:20	294	11.18	Grocery	UPI	0
4530	1/28/2023 21:25	46	25.46	Electronics	Credit Card	0
4531	1/28/2023 21:26	396	50.42	Grocery	UPI	0
4532	1/28/2023 21:28	72	261.76	Fuel	Debit Card	0
4533	1/28/2023 21:30	201	82.1	Fuel	UPI	0
4534	1/28/2023 21:33	189	26.24	Grocery	Credit Card	0
4535	1/28/2023 21:34	208	78.05	Restaurants	Credit Card	0
4536	1/28/2023 21:37	70	10.26	Fuel	UPI	0
4537	1/28/2023 21:37	247	42.74	Grocery	UPI	0
4538	1/28/2023 21:38	477	71.71	Fuel	Credit Card	0
4539	1/28/2023 21:39	9	132.36	Restaurants	UPI	0
4540	1/28/2023 21:43	449	17.44	Fuel	NetBanking	0
4541	1/28/2023 21:48	131	52.04	Medical	NetBanking	0
4542	1/29/2023 9:01	147	38.69	Grocery	Credit Card	0
4543	1/29/2023 9:05	147	33.87	Fashion	UPI	0
4544	1/29/2023 9:06	32	32.52	Utility Bills	UPI	0
4545	1/29/2023 9:47	147	11.68	Fuel	Credit Card	0
4546	1/29/2023 9:57	250	22.75	Travel	Debit Card	0
4547	1/29/2023 10:21	87	27.49	Grocery	NetBanking	0
4548	2/5/2023 20:29	381	83.46	Fashion	UPI	0
4549	1/29/2023 10:30	257	98.32	Grocery	Credit Card	0
4550	1/29/2023 10:31	330	89.59	Fashion	UPI	0
4551	1/29/2023 10:33	147	52.03	Restaurants	NetBanking	0
4552	1/29/2023 10:45	240	36.22	Grocery	Credit Card	0
4553	1/29/2023 11:28	182	18.71	Electronics	UPI	0
4554	1/29/2023 11:31	208	63.21	Travel	UPI	0
4555	1/29/2023 11:40	282	23.23	Grocery	NetBanking	0
4556	1/29/2023 11:55	470	46.39	Electronics	Credit Card	0
4557	1/29/2023 11:57	39	34.74	Grocery	UPI	0
4558	1/29/2023 12:12	233	33.2	Grocery	UPI	0
4559	1/29/2023 12:25	204	49.89	Utility Bills	NetBanking	0
4560	1/29/2023 12:28	240	40.27	Restaurants	NetBanking	0
4561	1/29/2023 12:29	197	85.59	Utility Bills	Debit Card	0
4562	1/29/2023 12:46	92	101.49	Electronics	Credit Card	0
4563	1/29/2023 13:03	382	110.8	Restaurants	NetBanking	0
4564	1/29/2023 13:24	318	28.09	Travel	NetBanking	0
4565	1/29/2023 13:26	208	61.29	Medical	UPI	0
4566	1/29/2023 13:26	27	63.48	Fashion	Credit Card	0
4567	1/29/2023 13:32	298	23.33	Fashion	Debit Card	0
4568	1/29/2023 13:33	446	36.41	Electronics	Credit Card	0
4569	1/29/2023 13:39	383	109.57	Grocery	UPI	0
4570	1/29/2023 13:56	280	21.44	Fashion	UPI	0
4571	1/29/2023 13:57	254	258.6	Electronics	UPI	0
4572	1/29/2023 13:59	25	69.05	Restaurants	Debit Card	0
4573	1/29/2023 14:04	421	307.37	Fuel	NetBanking	0
4574	1/29/2023 14:11	9	80.98	Medical	NetBanking	0
4575	1/29/2023 14:33	54	120.64	Travel	UPI	0
4576	1/29/2023 14:33	285	37.04	Restaurants	UPI	0
4577	1/29/2023 14:34	355	47.77	Fuel	UPI	0
4578	1/29/2023 14:35	462	27.65	Travel	Credit Card	0
4579	1/29/2023 14:38	85	58.41	Restaurants	Debit Card	0
4580	1/29/2023 14:39	366	50.15	Restaurants	Debit Card	0
4581	1/29/2023 14:40	210	75.17	Electronics	Debit Card	0
4582	1/29/2023 14:59	313	45.65	Utility Bills	Debit Card	0
4583	1/29/2023 15:04	231	10.52	Utility Bills	UPI	0
4584	1/29/2023 15:08	369	28.96	Restaurants	UPI	0
4585	1/29/2023 15:09	333	71.74	Grocery	Credit Card	0
4586	1/29/2023 15:20	390	49.99	Utility Bills	Credit Card	0
4587	1/29/2023 15:21	445	13.44	Restaurants	UPI	0
4588	1/29/2023 15:42	202	82.88	Fashion	UPI	0
4589	1/29/2023 15:48	402	60.42	Utility Bills	Debit Card	0
4590	1/29/2023 15:49	298	52.98	Fashion	UPI	0
4591	1/29/2023 15:55	320	56.89	Electronics	Debit Card	0
4592	1/29/2023 16:11	183	10.66	Utility Bills	Debit Card	0
4593	1/29/2023 16:11	496	20.15	Utility Bills	Credit Card	0
4594	1/29/2023 16:27	7	18.12	Grocery	UPI	0
4595	1/29/2023 16:33	187	85.92	Utility Bills	UPI	0
4596	1/29/2023 16:40	81	56.82	Fashion	Credit Card	0
4597	1/29/2023 16:45	147	94.3	Medical	NetBanking	0
4598	1/29/2023 16:46	425	19.69	Restaurants	UPI	0
4599	1/29/2023 16:46	233	51.92	Fashion	Credit Card	0
4600	1/29/2023 16:47	393	53.46	Utility Bills	UPI	0
4601	1/29/2023 17:03	87	24.77	Fuel	UPI	0
4602	1/29/2023 17:08	165	17.11	Travel	UPI	0
4603	1/29/2023 17:13	305	28.92	Grocery	UPI	0
4604	1/29/2023 17:20	165	11.04	Travel	Debit Card	0
4605	1/29/2023 17:24	96	45.18	Travel	UPI	0
4606	1/29/2023 17:29	210	26.07	Medical	Debit Card	0
4607	1/29/2023 17:30	462	41.7	Travel	Debit Card	0
4608	1/29/2023 17:31	150	26.08	Grocery	Credit Card	0
4609	1/29/2023 17:42	492	48.74	Fashion	Credit Card	0
4610	1/29/2023 17:43	119	84.86	Restaurants	UPI	0
4611	1/29/2023 17:46	338	41.86	Electronics	UPI	0
4612	1/29/2023 17:47	194	23.64	Grocery	Debit Card	0
4613	1/29/2023 17:54	89	31.73	Restaurants	Debit Card	0
4614	1/29/2023 18:01	234	27.69	Fuel	Debit Card	0
4615	1/29/2023 18:14	147	15.85	Restaurants	Debit Card	0
4616	1/29/2023 18:22	115	10.78	Grocery	Debit Card	0
4617	1/29/2023 18:24	483	13.89	Fashion	Credit Card	0
4618	1/29/2023 18:30	375	13.09	Fashion	UPI	0
4619	1/29/2023 18:31	391	18.26	Restaurants	NetBanking	0
4620	1/29/2023 19:05	150	41.44	Utility Bills	UPI	0
4621	1/29/2023 19:12	315	35.56	Electronics	Credit Card	0
4622	1/29/2023 19:15	445	46.98	Utility Bills	NetBanking	0
4623	1/29/2023 19:22	413	12.47	Fashion	UPI	0
4624	1/29/2023 19:28	104	42.89	Fuel	UPI	0
4625	1/29/2023 19:35	177	50.36	Grocery	Credit Card	0
4626	1/29/2023 19:40	437	18.58	Fuel	Debit Card	0
4627	1/29/2023 19:43	474	11.62	Fuel	UPI	0
4628	1/29/2023 19:57	234	41.01	Fashion	UPI	0
4629	1/29/2023 20:01	455	88.55	Grocery	UPI	0
4630	1/29/2023 20:01	147	13.75	Grocery	UPI	0
4631	1/29/2023 20:07	139	95.07	Fashion	Debit Card	0
4632	1/29/2023 20:09	108	38.43	Electronics	UPI	0
4633	1/29/2023 20:23	266	30.78	Restaurants	Credit Card	0
4634	1/29/2023 20:26	42	12.54	Restaurants	Credit Card	0
4635	1/29/2023 20:30	218	35.58	Grocery	UPI	0
4636	1/29/2023 20:34	211	43.12	Travel	Debit Card	0
4637	1/29/2023 20:45	339	31.11	Travel	NetBanking	0
4638	1/29/2023 20:54	48	54.12	Medical	Credit Card	0
4639	1/29/2023 21:01	460	41.62	Restaurants	UPI	0
4640	1/29/2023 21:05	188	66.72	Fashion	Credit Card	0
4641	1/29/2023 21:08	177	41.14	Restaurants	UPI	0
4642	1/29/2023 21:10	93	21.25	Grocery	Debit Card	0
4643	1/29/2023 21:20	147	23.02	Utility Bills	UPI	0
4644	1/29/2023 21:26	477	25.27	Fuel	Debit Card	0
4645	1/29/2023 21:26	47	53.4	Travel	NetBanking	0
4646	1/29/2023 21:28	433	26.5	Restaurants	UPI	0
4647	1/29/2023 21:28	187	99.31	Restaurants	Credit Card	0
4648	1/29/2023 21:42	462	55.33	Fuel	Debit Card	0
4649	1/29/2023 21:49	51	33.96	Grocery	UPI	0
4650	1/29/2023 21:51	416	36.4	Fashion	UPI	0
4651	1/30/2023 9:00	210	35.94	Electronics	UPI	0
4652	1/30/2023 9:28	417	47.94	Medical	Debit Card	0
4653	1/30/2023 9:39	470	56.76	Travel	Credit Card	0
4654	1/30/2023 9:40	456	12.88	Restaurants	Credit Card	0
4655	1/30/2023 9:43	189	40.51	Grocery	UPI	0
4656	1/30/2023 9:54	440	33.27	Fashion	Credit Card	0
4657	1/30/2023 10:02	470	188.71	Grocery	Debit Card	0
4658	1/30/2023 10:22	492	48.28	Utility Bills	UPI	0
4659	1/30/2023 10:41	292	23.62	Fuel	UPI	0
4660	1/30/2023 10:44	74	50.42	Medical	UPI	0
4661	1/30/2023 10:46	87	59.77	Utility Bills	Credit Card	0
4662	1/30/2023 10:46	37	45.31	Electronics	UPI	0
4663	1/30/2023 10:54	70	22.19	Utility Bills	UPI	0
4664	1/30/2023 10:55	333	16.81	Electronics	UPI	0
4665	1/30/2023 11:02	276	12.55	Utility Bills	Debit Card	0
4666	1/30/2023 11:19	178	15.18	Restaurants	UPI	0
4667	1/30/2023 11:20	108	12.52	Electronics	Credit Card	0
4668	1/30/2023 11:23	174	22.11	Travel	UPI	0
4669	1/30/2023 11:33	37	44.29	Grocery	UPI	0
4670	1/30/2023 11:37	153	48.16	Grocery	UPI	0
4671	1/30/2023 11:40	401	25.18	Medical	UPI	0
4672	1/30/2023 11:42	147	29.28	Restaurants	UPI	0
4673	1/30/2023 11:47	24	52.33	Grocery	NetBanking	0
4674	1/30/2023 12:00	247	38.24	Fashion	UPI	0
4675	1/30/2023 12:01	362	14.9	Electronics	Debit Card	0
4676	1/30/2023 12:04	119	78.82	Restaurants	NetBanking	0
4677	1/30/2023 12:12	9	70.59	Grocery	UPI	0
4678	1/30/2023 12:13	64	36.93	Grocery	Debit Card	0
4679	1/30/2023 12:14	240	23.26	Medical	UPI	0
4680	1/30/2023 12:24	208	48.04	Utility Bills	UPI	0
4681	1/30/2023 12:34	496	63.55	Grocery	NetBanking	0
4682	1/30/2023 12:36	108	123.84	Fuel	UPI	0
4683	1/30/2023 12:45	96	11.3	Grocery	Debit Card	0
4684	1/30/2023 12:46	302	17.17	Utility Bills	UPI	0
4685	1/30/2023 13:09	315	18.54	Grocery	UPI	0
4686	1/30/2023 13:17	461	54.48	Restaurants	UPI	0
4687	1/30/2023 13:29	165	21.28	Electronics	NetBanking	0
4688	1/30/2023 13:33	108	27.15	Grocery	UPI	0
4689	1/30/2023 13:36	392	26.75	Fashion	UPI	0
4690	1/30/2023 13:39	234	68.08	Electronics	UPI	0
4691	1/30/2023 13:42	126	188.02	Restaurants	NetBanking	0
4692	1/30/2023 13:58	145	16	Fashion	NetBanking	0
4693	1/30/2023 14:05	78	26.58	Utility Bills	Credit Card	0
4694	1/30/2023 14:14	56	15.01	Fashion	UPI	0
4695	1/30/2023 14:22	145	43.1	Grocery	Credit Card	0
4696	1/30/2023 14:22	34	77.31	Medical	Debit Card	0
4697	1/30/2023 14:23	178	35.43	Fuel	Debit Card	0
4698	1/30/2023 14:27	173	39.28	Travel	UPI	0
4699	1/30/2023 14:37	7	16.13	Utility Bills	UPI	0
4700	1/30/2023 14:39	329	25.29	Restaurants	UPI	0
4701	1/30/2023 14:53	290	20.69	Restaurants	UPI	0
4702	1/30/2023 14:55	224	139.85	Fuel	UPI	0
4703	1/30/2023 14:56	267	47.9	Fashion	UPI	0
4704	1/30/2023 15:05	477	44.5	Electronics	Credit Card	0
4705	1/30/2023 15:11	150	122.96	Restaurants	Credit Card	0
4706	1/30/2023 15:13	25	12.53	Fuel	UPI	0
4707	1/30/2023 15:21	89	50.35	Grocery	UPI	0
4708	1/30/2023 15:22	366	76.5	Restaurants	Debit Card	0
4709	1/30/2023 15:26	231	21.62	Travel	NetBanking	0
4710	1/30/2023 15:26	139	48.38	Grocery	Debit Card	0
4711	1/30/2023 15:36	208	10.15	Utility Bills	Credit Card	0
4712	1/30/2023 15:42	152	58.03	Electronics	NetBanking	0
4713	1/30/2023 15:47	305	27.83	Fashion	UPI	0
4714	1/30/2023 15:52	49	31.14	Restaurants	UPI	0
4715	1/30/2023 15:54	417	21.61	Restaurants	Credit Card	0
4716	1/30/2023 15:57	456	20.42	Travel	UPI	0
4717	1/30/2023 15:58	275	17.11	Utility Bills	Debit Card	0
4718	1/30/2023 16:06	16	57.22	Travel	NetBanking	0
4719	1/30/2023 16:14	168	12.68	Grocery	Debit Card	0
4720	1/30/2023 16:18	130	34.94	Electronics	Credit Card	0
4721	1/30/2023 16:21	109	37.93	Electronics	UPI	0
4722	1/30/2023 16:25	7	81.95	Electronics	Credit Card	0
4723	1/30/2023 16:28	448	14.06	Electronics	Credit Card	0
4724	1/30/2023 16:28	423	105.7	Travel	Credit Card	0
4725	1/30/2023 16:30	432	18.78	Travel	UPI	0
4726	1/30/2023 16:36	181	114.31	Utility Bills	UPI	0
4727	1/30/2023 16:57	424	116.21	Fashion	Credit Card	0
4728	1/30/2023 17:04	219	21.14	Fuel	UPI	0
4729	1/30/2023 17:05	25	250.92	Electronics	UPI	0
4730	1/30/2023 17:09	340	123.32	Restaurants	UPI	0
4731	1/30/2023 17:13	315	78.99	Restaurants	Debit Card	0
4732	1/30/2023 17:13	265	22.02	Fashion	Debit Card	0
4733	1/30/2023 17:14	302	32.07	Fuel	Credit Card	0
4734	1/30/2023 17:15	77	75.23	Fashion	UPI	0
4735	1/30/2023 17:34	156	32.25	Grocery	UPI	0
4736	1/30/2023 17:41	278	33.49	Medical	UPI	0
4737	1/30/2023 17:42	302	16.54	Utility Bills	UPI	0
4738	1/30/2023 17:44	351	25.39	Utility Bills	UPI	0
4739	1/5/2023 12:15	107	91.05	Travel	Credit Card	0
4740	1/30/2023 17:58	246	12.98	Grocery	Credit Card	0
4741	1/30/2023 18:03	326	31.37	Restaurants	Debit Card	0
4742	1/30/2023 18:04	444	14.97	Grocery	Credit Card	0
4743	1/30/2023 18:07	456	76.31	Grocery	Debit Card	0
4744	1/30/2023 18:20	108	10	Grocery	Credit Card	0
4745	1/30/2023 18:34	277	104.76	Fashion	UPI	0
4746	1/30/2023 18:41	235	95.47	Medical	UPI	0
4747	1/30/2023 18:50	22	21.67	Fashion	UPI	0
4748	1/30/2023 18:57	60	75.46	Grocery	Debit Card	0
4749	1/30/2023 19:01	420	53.73	Grocery	UPI	0
4750	1/30/2023 19:03	147	49.09	Electronics	UPI	0
4751	1/30/2023 19:03	170	38.48	Utility Bills	Credit Card	0
4752	1/30/2023 19:03	104	54.55	Restaurants	UPI	0
4753	1/30/2023 19:13	234	10	Fuel	Credit Card	0
4754	1/30/2023 19:17	21	19.95	Grocery	UPI	0
4755	1/30/2023 19:22	417	26.15	Fashion	UPI	0
4756	1/30/2023 19:25	234	28.65	Restaurants	Credit Card	0
4757	1/30/2023 19:32	9	22.36	Fashion	Credit Card	0
4758	1/30/2023 19:34	30	91.27	Electronics	Credit Card	0
4759	1/30/2023 19:34	60	37.33	Restaurants	Debit Card	0
4760	1/30/2023 19:35	282	26.74	Utility Bills	UPI	0
4761	1/30/2023 19:39	262	156.87	Travel	UPI	0
4762	1/30/2023 19:47	64	44.64	Restaurants	NetBanking	0
4763	1/30/2023 19:54	480	29.99	Travel	UPI	0
4764	1/30/2023 19:56	296	26.3	Utility Bills	Credit Card	0
4765	1/30/2023 19:58	180	18.65	Grocery	Debit Card	0
4766	1/30/2023 20:01	304	214.04	Grocery	UPI	0
4767	1/30/2023 20:02	89	28.96	Electronics	UPI	0
4768	1/30/2023 20:06	302	48.02	Medical	Credit Card	0
4769	1/30/2023 20:09	215	29.97	Restaurants	UPI	0
4770	1/30/2023 20:10	241	24.82	Utility Bills	Credit Card	0
4771	1/30/2023 20:13	396	87.35	Fashion	Debit Card	0
4772	1/30/2023 20:15	219	68.5	Utility Bills	UPI	0
4773	1/30/2023 20:16	306	30.45	Medical	UPI	0
4774	1/30/2023 20:20	275	14.73	Restaurants	Debit Card	0
4775	1/30/2023 20:34	156	24.65	Utility Bills	NetBanking	0
4776	1/30/2023 20:37	53	18.02	Utility Bills	UPI	0
4777	1/30/2023 20:39	333	28.74	Fashion	UPI	0
4778	1/30/2023 20:44	290	107.45	Restaurants	Debit Card	0
4779	1/30/2023 20:44	315	12.98	Medical	Credit Card	0
4780	1/30/2023 20:55	15	74.87	Utility Bills	Credit Card	0
4781	1/30/2023 21:00	432	44.91	Utility Bills	Credit Card	0
4782	1/30/2023 21:04	329	23.73	Utility Bills	UPI	0
4783	1/30/2023 21:14	433	34.11	Medical	Credit Card	0
4784	1/30/2023 21:30	477	54.49	Restaurants	NetBanking	0
4785	2/8/2023 9:53	273	12.1	Fuel	Debit Card	0
4786	1/30/2023 21:36	95	10.65	Fuel	Credit Card	0
4787	1/30/2023 21:47	247	83.97	Fashion	NetBanking	0
4788	1/30/2023 21:50	290	14.44	Fuel	UPI	0
4789	1/30/2023 21:52	137	144.59	Grocery	Credit Card	0
4790	1/31/2023 9:12	41	19.85	Utility Bills	UPI	0
4791	1/31/2023 9:15	221	21.19	Fuel	NetBanking	0
4792	1/31/2023 9:16	488	61.63	Electronics	UPI	0
4793	1/31/2023 9:16	435	45.91	Restaurants	Credit Card	0
4794	1/31/2023 9:18	231	25.15	Fuel	UPI	0
4795	1/31/2023 9:24	273	30.34	Electronics	UPI	0
4796	1/31/2023 9:33	99	15.54	Medical	Credit Card	0
4797	1/31/2023 9:37	166	56.74	Grocery	UPI	0
4798	1/31/2023 9:37	147	45.3	Travel	Debit Card	0
4799	1/31/2023 9:38	288	16.87	Grocery	NetBanking	0
4800	1/31/2023 9:40	139	78.49	Restaurants	UPI	0
4801	1/31/2023 9:43	210	37.73	Restaurants	UPI	0
4802	1/31/2023 9:44	254	39.46	Utility Bills	UPI	0
4803	1/31/2023 9:46	158	28.5	Fashion	Credit Card	0
4804	1/31/2023 9:48	126	62.72	Medical	NetBanking	0
4805	1/31/2023 9:50	445	264.23	Fashion	Credit Card	0
4806	1/31/2023 9:57	147	39.25	Fashion	UPI	0
4807	1/31/2023 10:12	444	54.02	Electronics	Credit Card	0
4808	1/31/2023 10:22	369	14.89	Grocery	Credit Card	0
4809	1/31/2023 10:25	435	28.93	Restaurants	Credit Card	0
4810	1/31/2023 10:30	304	87.01	Electronics	Credit Card	0
4811	1/31/2023 10:35	222	71.93	Electronics	Debit Card	0
4812	1/31/2023 10:45	145	42.09	Restaurants	UPI	0
4813	1/31/2023 10:47	304	22.5	Utility Bills	UPI	0
4814	1/31/2023 11:02	379	12.33	Grocery	UPI	0
4815	1/31/2023 11:08	338	124.93	Electronics	Debit Card	0
4816	1/31/2023 11:10	145	34.75	Restaurants	Debit Card	0
4817	1/31/2023 11:13	162	12.54	Travel	UPI	0
4818	1/31/2023 11:13	207	18.37	Utility Bills	UPI	0
4819	1/31/2023 11:16	150	66.5	Travel	NetBanking	0
4820	1/31/2023 11:19	4	26.79	Restaurants	Credit Card	0
4821	1/31/2023 11:37	391	30.4	Electronics	UPI	0
4822	1/31/2023 11:39	231	40.46	Utility Bills	Credit Card	0
4823	1/31/2023 11:42	250	39.71	Electronics	Credit Card	0
4824	1/31/2023 11:49	147	87.53	Grocery	Debit Card	0
4825	1/31/2023 11:50	147	57.34	Utility Bills	Credit Card	0
4826	1/31/2023 12:02	273	34.52	Medical	Credit Card	0
4827	1/31/2023 12:12	90	17.32	Grocery	Debit Card	0
4828	1/31/2023 12:14	144	28.6	Utility Bills	UPI	0
4829	1/31/2023 12:20	381	67.29	Utility Bills	Credit Card	0
4830	1/31/2023 12:20	208	38.14	Medical	UPI	0
4831	1/31/2023 12:25	9	32.97	Medical	UPI	0
4832	1/31/2023 12:32	218	15.95	Restaurants	UPI	0
4833	1/31/2023 12:36	165	18.2	Restaurants	Credit Card	0
4834	1/31/2023 12:38	231	20.38	Grocery	Credit Card	0
4835	1/31/2023 12:45	19	28.34	Utility Bills	UPI	0
4836	1/31/2023 12:47	262	39.79	Travel	NetBanking	0
4837	1/31/2023 13:01	77	22.51	Fuel	Debit Card	0
4838	1/31/2023 13:04	427	13.63	Electronics	Debit Card	0
4839	1/31/2023 13:08	130	34.38	Fashion	Credit Card	0
4840	1/31/2023 13:12	233	25.48	Fashion	UPI	0
4841	1/31/2023 13:13	278	76.61	Fuel	UPI	0
4842	1/31/2023 13:13	147	23.99	Fashion	Debit Card	0
4843	1/31/2023 13:16	131	41.94	Fashion	Credit Card	0
4844	1/31/2023 13:17	373	28.22	Fuel	UPI	0
4845	1/31/2023 13:24	218	80.01	Fashion	UPI	0
4846	1/31/2023 13:25	356	95.2	Travel	UPI	0
4847	1/31/2023 13:43	467	29.73	Grocery	Debit Card	0
4848	1/31/2023 13:45	366	45.96	Fashion	Debit Card	0
4849	1/31/2023 13:47	426	187.84	Utility Bills	Credit Card	0
4850	1/31/2023 13:51	483	41.95	Grocery	Credit Card	0
4851	1/31/2023 13:55	156	41.04	Medical	Debit Card	0
4852	1/31/2023 13:57	387	73.6	Electronics	Credit Card	0
4853	1/31/2023 14:07	282	16.15	Restaurants	NetBanking	0
4854	1/31/2023 14:10	260	31.26	Grocery	UPI	0
4855	1/31/2023 14:10	302	362.33	Fashion	UPI	0
4856	1/31/2023 14:11	135	37.16	Fashion	UPI	0
4857	1/31/2023 14:12	147	24.57	Grocery	Debit Card	0
4858	1/31/2023 14:15	81	33.18	Fashion	Debit Card	0
4859	1/31/2023 14:18	417	82.55	Grocery	UPI	0
4860	1/31/2023 14:19	100	69.38	Restaurants	Credit Card	0
4861	1/31/2023 14:22	10	28.5	Fuel	UPI	0
4862	1/31/2023 14:26	368	37.87	Electronics	NetBanking	0
4863	1/31/2023 14:26	114	52.08	Restaurants	UPI	0
4864	1/31/2023 14:26	145	107.15	Utility Bills	Debit Card	0
4865	1/31/2023 14:26	305	24.92	Fashion	NetBanking	0
4866	1/31/2023 14:33	72	191.11	Electronics	UPI	0
4867	1/31/2023 14:41	362	149.26	Grocery	Credit Card	0
4868	1/31/2023 14:56	84	23.03	Utility Bills	Debit Card	0
4869	1/31/2023 14:57	108	72.98	Medical	UPI	0
4870	2/21/2023 8:50	96	15.96	Electronics	UPI	0
4871	1/31/2023 15:09	103	30.67	Utility Bills	UPI	0
4872	1/31/2023 15:10	311	55.59	Restaurants	Credit Card	0
4873	1/31/2023 15:10	7	64.48	Grocery	Debit Card	0
4874	1/31/2023 15:20	230	14.06	Grocery	Credit Card	0
4875	1/31/2023 15:35	122	43.31	Grocery	UPI	0
4876	1/31/2023 15:46	494	274.19	Fashion	Credit Card	0
4877	1/31/2023 15:47	175	12.46	Fashion	NetBanking	0
4878	1/31/2023 15:52	231	105.98	Fashion	Credit Card	0
4879	1/31/2023 15:59	397	23.98	Medical	UPI	0
4880	1/31/2023 16:02	280	29.25	Restaurants	UPI	0
4881	1/31/2023 16:02	99	10	Utility Bills	Credit Card	0
4882	1/31/2023 16:26	126	203.94	Restaurants	UPI	0
4883	1/31/2023 16:28	9	64.48	Fuel	Credit Card	0
4884	1/31/2023 16:28	26	67.55	Restaurants	Credit Card	0
4885	1/31/2023 16:35	330	44.97	Electronics	NetBanking	0
4886	1/31/2023 16:37	330	10	Fuel	UPI	0
4887	1/31/2023 16:39	231	22.82	Fuel	Debit Card	0
4888	1/31/2023 16:47	61	65.55	Grocery	NetBanking	0
4889	1/31/2023 16:48	262	31.41	Utility Bills	Credit Card	0
4890	1/31/2023 16:48	147	50.29	Fashion	Credit Card	0
4891	1/31/2023 16:49	343	14.2	Electronics	UPI	0
4892	1/31/2023 16:56	338	25.3	Restaurants	UPI	0
4893	1/31/2023 16:56	315	47.86	Fuel	UPI	0
4894	1/31/2023 16:58	51	26.47	Travel	NetBanking	0
4895	1/31/2023 17:07	484	85.12	Fashion	UPI	0
4896	1/31/2023 17:16	428	167.87	Fashion	UPI	0
4897	1/31/2023 17:18	72	67.66	Fuel	UPI	0
4898	1/31/2023 17:26	84	50.37	Electronics	Credit Card	0
4899	1/31/2023 17:30	7	14.9	Grocery	Credit Card	0
4900	1/31/2023 17:32	491	23.32	Electronics	Credit Card	0
4901	1/31/2023 17:35	102	11.93	Utility Bills	UPI	0
4902	1/31/2023 17:43	351	10.78	Fuel	Credit Card	0
4903	1/31/2023 17:45	23	91.09	Utility Bills	NetBanking	0
4904	1/31/2023 17:45	72	58.75	Medical	Debit Card	0
4905	1/31/2023 18:04	392	94.24	Fashion	Credit Card	0
4906	1/31/2023 18:05	208	10	Fuel	Credit Card	0
4907	1/31/2023 18:06	124	25.87	Electronics	UPI	0
4908	1/31/2023 18:06	294	35	Grocery	Credit Card	0
4909	1/31/2023 18:08	70	13.01	Fashion	Credit Card	0
4910	1/31/2023 18:10	205	13.33	Fuel	UPI	0
4911	1/31/2023 18:12	292	17.82	Fuel	Debit Card	0
4912	1/31/2023 18:15	15	14.84	Fashion	UPI	0
4913	1/31/2023 18:24	396	32.19	Electronics	UPI	0
4914	1/31/2023 18:24	55	54.4	Restaurants	NetBanking	0
4915	1/31/2023 18:25	403	31.37	Fuel	Debit Card	0
4916	1/31/2023 18:28	247	128.41	Utility Bills	UPI	0
4917	1/31/2023 18:35	233	22.96	Fashion	UPI	0
4918	1/31/2023 18:40	99	10.48	Grocery	Credit Card	0
4919	1/31/2023 18:45	380	10	Restaurants	Credit Card	0
4920	1/31/2023 18:48	392	20.11	Restaurants	UPI	0
4921	1/31/2023 18:50	401	189.39	Utility Bills	NetBanking	0
4922	1/31/2023 18:55	78	43.33	Electronics	UPI	0
4923	1/31/2023 18:56	130	52.98	Utility Bills	UPI	0
4924	1/31/2023 18:57	42	97.23	Electronics	UPI	0
4925	1/31/2023 19:00	417	34.81	Utility Bills	Debit Card	0
4926	1/31/2023 19:08	297	25.82	Electronics	Debit Card	0
4927	1/31/2023 19:12	228	12.92	Utility Bills	UPI	0
4928	1/31/2023 19:15	494	58.96	Restaurants	Credit Card	0
4929	1/31/2023 19:17	72	47.83	Medical	UPI	0
4930	1/31/2023 19:18	439	66.69	Utility Bills	Debit Card	0
4931	1/31/2023 19:31	339	221.3	Travel	UPI	0
4932	1/31/2023 20:05	150	95.06	Grocery	NetBanking	0
4933	1/31/2023 20:13	315	71.82	Utility Bills	Credit Card	0
4934	1/31/2023 20:13	359	60.62	Fashion	UPI	0
4935	1/31/2023 20:16	396	29.14	Fashion	Debit Card	0
4936	1/31/2023 20:17	295	57.45	Travel	Debit Card	0
4937	1/31/2023 20:35	9	40.13	Utility Bills	Debit Card	0
4938	1/31/2023 20:35	262	43.29	Medical	UPI	0
4939	1/31/2023 20:44	300	12.63	Fashion	Debit Card	0
4940	1/31/2023 20:44	178	14.9	Restaurants	UPI	0
4941	1/31/2023 20:45	445	10	Restaurants	Debit Card	0
4942	1/31/2023 20:46	407	15.11	Travel	UPI	0
4943	1/31/2023 20:47	313	16.78	Utility Bills	Credit Card	0
4944	1/31/2023 20:52	315	40.88	Grocery	Credit Card	0
4945	1/31/2023 20:53	53	87.01	Fashion	Credit Card	0
4946	1/31/2023 21:03	432	28.67	Fashion	Debit Card	0
4947	1/31/2023 21:10	477	10.24	Grocery	Debit Card	0
4948	1/31/2023 21:18	164	19.13	Electronics	UPI	0
4949	1/31/2023 21:20	256	41.03	Grocery	UPI	0
4950	1/31/2023 21:28	165	14.6	Grocery	UPI	0
4951	1/31/2023 21:31	467	12.23	Travel	UPI	0
4952	1/31/2023 21:32	477	46.17	Fashion	UPI	0
4953	1/31/2023 21:35	180	21.87	Travel	Credit Card	0
4954	1/31/2023 21:36	195	12.06	Utility Bills	UPI	0
4955	1/31/2023 21:39	208	47.44	Restaurants	Credit Card	0
4956	1/31/2023 21:40	22	36.02	Medical	Credit Card	0
4957	1/31/2023 21:40	426	32.52	Restaurants	UPI	0
4958	1/31/2023 21:46	17	32.42	Grocery	Debit Card	0
4959	1/31/2023 21:47	90	23.93	Travel	Credit Card	0
4960	1/31/2023 21:49	294	11.89	Grocery	UPI	1
4961	1/31/2023 21:57	210	45.94	Restaurants	Credit Card	0
4962	2/1/2023 9:02	208	51.4	Electronics	UPI	0
4963	2/1/2023 9:08	354	35.1	Fashion	UPI	0
4964	2/1/2023 9:09	492	23.83	Utility Bills	UPI	0
4965	2/1/2023 9:11	218	13.71	Restaurants	UPI	0
4966	2/1/2023 9:13	147	15.61	Fashion	UPI	0
4967	2/1/2023 9:16	231	59.9	Travel	Debit Card	0
4968	2/1/2023 9:18	7	41.77	Utility Bills	NetBanking	0
4969	2/1/2023 9:27	274	55	Fuel	Credit Card	0
4970	2/1/2023 9:29	240	127.8	Fuel	Debit Card	0
4971	2/1/2023 9:33	402	51.82	Electronics	Credit Card	0
4972	2/1/2023 9:33	134	43.74	Utility Bills	UPI	0
4973	2/1/2023 9:34	250	38.07	Restaurants	UPI	0
4974	2/1/2023 9:42	158	20.73	Grocery	UPI	0
4975	2/1/2023 9:45	9	51.25	Travel	UPI	0
4976	2/1/2023 9:50	229	11.26	Medical	UPI	0
4977	2/1/2023 9:51	265	10.83	Utility Bills	UPI	0
4978	2/1/2023 9:57	231	25.4	Fashion	Credit Card	0
4979	2/1/2023 9:59	420	19.81	Medical	NetBanking	0
4980	2/1/2023 10:03	439	20.4	Utility Bills	UPI	0
4981	2/1/2023 10:04	421	38.49	Fuel	Debit Card	0
4982	2/1/2023 10:08	313	24.82	Utility Bills	UPI	0
4983	2/1/2023 10:09	324	208.28	Grocery	Credit Card	0
4984	2/1/2023 10:13	119	226.18	Travel	UPI	0
4985	2/1/2023 10:26	285	84.66	Restaurants	UPI	0
4986	2/1/2023 10:26	349	58.03	Fashion	UPI	0
4987	2/1/2023 10:26	96	20.55	Fashion	NetBanking	0
4988	2/1/2023 10:29	108	210.66	Restaurants	NetBanking	0
4989	2/1/2023 10:30	463	33.47	Medical	UPI	0
4990	2/1/2023 10:31	340	121.1	Electronics	UPI	0
4991	2/1/2023 10:37	208	47.1	Medical	NetBanking	0
4992	2/1/2023 10:38	108	12.04	Electronics	UPI	0
4993	2/1/2023 10:39	72	43.68	Travel	Credit Card	0
4994	2/1/2023 10:41	15	11.03	Medical	Debit Card	0
4995	2/1/2023 10:42	288	45.03	Electronics	UPI	0
4996	2/1/2023 10:48	258	39.72	Utility Bills	Credit Card	0
4997	2/1/2023 10:48	32	32.17	Grocery	UPI	0
4998	2/1/2023 10:48	437	26.8	Utility Bills	UPI	0
4999	2/1/2023 10:49	145	15.13	Utility Bills	Credit Card	0
5000	2/1/2023 10:53	199	63.07	Electronics	UPI	0
5001	2/1/2023 10:53	369	10	Restaurants	UPI	0
5002	2/1/2023 10:54	37	59.78	Travel	Credit Card	0
5003	2/1/2023 10:57	489	24.96	Utility Bills	Debit Card	0
5004	2/1/2023 10:59	489	115.62	Medical	Credit Card	0
5005	2/1/2023 11:00	392	45.18	Restaurants	Credit Card	0
5006	2/1/2023 11:00	43	34.3	Grocery	UPI	0
5007	2/1/2023 11:03	138	52.34	Fuel	Debit Card	0
5008	2/1/2023 11:04	30	16.74	Grocery	Debit Card	0
5009	2/1/2023 11:05	189	69.09	Fuel	Debit Card	0
5010	2/1/2023 11:06	13	59.33	Restaurants	Debit Card	0
5011	2/1/2023 11:08	459	53.75	Fuel	UPI	0
5012	2/1/2023 11:08	68	14.58	Grocery	UPI	0
5013	2/1/2023 11:09	241	41.93	Electronics	UPI	0
5014	2/1/2023 11:10	313	85.24	Restaurants	UPI	0
5015	2/1/2023 11:10	273	118.18	Travel	Credit Card	0
5016	2/1/2023 11:14	148	85.59	Medical	UPI	0
5017	2/1/2023 11:16	270	59.75	Fashion	Credit Card	0
5018	2/1/2023 11:16	381	19.35	Fashion	UPI	0
5019	2/1/2023 11:17	256	39.27	Grocery	Credit Card	0
5020	2/1/2023 11:19	130	126.72	Fashion	UPI	0
5021	2/1/2023 11:19	211	70.31	Medical	UPI	0
5022	2/1/2023 11:19	153	18.32	Electronics	UPI	0
5023	2/1/2023 11:20	302	74.49	Medical	NetBanking	0
5024	2/1/2023 11:28	150	26.53	Fashion	NetBanking	0
5025	2/1/2023 11:28	40	15.71	Grocery	UPI	0
5026	2/1/2023 11:34	32	12.85	Fashion	Credit Card	0
5027	2/1/2023 11:34	187	15.9	Grocery	Debit Card	0
5028	2/1/2023 11:35	7	69.71	Medical	UPI	0
5029	2/1/2023 11:35	456	109.07	Fashion	UPI	0
5030	2/1/2023 11:39	387	49.37	Electronics	Credit Card	0
5031	2/1/2023 11:39	7	27.72	Grocery	Debit Card	0
5032	2/1/2023 11:40	87	46.12	Fuel	UPI	0
5033	2/1/2023 11:54	37	14.04	Restaurants	Debit Card	0
5034	2/1/2023 11:56	404	106.52	Grocery	Debit Card	0
5035	2/1/2023 11:59	217	22.02	Travel	UPI	0
5036	2/1/2023 12:00	458	21.52	Grocery	UPI	0
5037	2/1/2023 12:00	63	27.56	Fashion	NetBanking	0
5038	2/1/2023 12:01	427	44.07	Travel	UPI	0
5039	2/1/2023 12:02	296	41.99	Fashion	Debit Card	0
5040	2/1/2023 12:04	3	94.84	Grocery	UPI	0
5041	2/1/2023 12:08	69	26.09	Medical	Debit Card	0
5042	2/1/2023 12:08	495	12.91	Grocery	UPI	0
5043	2/1/2023 12:11	88	21.33	Grocery	Credit Card	0
5044	2/1/2023 12:11	428	17.37	Restaurants	Credit Card	0
5045	2/1/2023 12:20	287	13.57	Utility Bills	UPI	0
5046	2/1/2023 12:22	94	30.07	Restaurants	UPI	0
5047	2/1/2023 12:25	294	21.33	Utility Bills	UPI	0
5048	2/1/2023 12:26	402	46.24	Restaurants	Credit Card	0
5049	2/1/2023 12:28	36	14.26	Restaurants	UPI	0
5050	2/1/2023 12:31	491	61.88	Travel	UPI	0
5051	2/1/2023 12:33	417	18.6	Electronics	UPI	0
5052	2/1/2023 12:39	217	125.32	Medical	UPI	0
5053	2/1/2023 12:39	30	34.99	Grocery	Credit Card	0
5054	2/1/2023 12:39	356	17.48	Utility Bills	Credit Card	0
5055	2/1/2023 12:41	230	23	Grocery	NetBanking	0
5056	2/1/2023 12:47	248	25.41	Grocery	Credit Card	0
5057	2/1/2023 12:48	231	10	Utility Bills	Credit Card	0
5058	2/1/2023 12:48	99	28.26	Fuel	UPI	0
5059	2/1/2023 12:52	70	38.26	Fashion	UPI	0
5060	2/1/2023 12:54	133	15.11	Fashion	Credit Card	0
5061	2/1/2023 12:57	449	49.35	Electronics	NetBanking	0
5062	2/1/2023 13:00	217	21.41	Medical	UPI	0
5063	2/1/2023 13:01	49	14.61	Utility Bills	Credit Card	0
5064	2/1/2023 13:08	104	12.99	Travel	UPI	0
5065	2/1/2023 13:09	481	89.63	Grocery	NetBanking	0
5066	2/1/2023 13:20	313	29.05	Utility Bills	Debit Card	0
5067	2/1/2023 13:22	165	14.75	Grocery	NetBanking	0
5068	2/1/2023 13:23	72	11.52	Grocery	UPI	0
5069	2/1/2023 13:25	153	54.01	Fashion	Credit Card	0
5070	2/1/2023 13:31	372	18.99	Medical	Debit Card	0
5071	2/1/2023 13:35	417	13.93	Grocery	NetBanking	0
5072	2/1/2023 13:39	94	29.7	Fuel	Credit Card	0
5073	2/1/2023 13:40	231	31.27	Medical	Credit Card	0
5074	2/1/2023 13:43	147	24.76	Grocery	UPI	0
5075	2/1/2023 13:43	187	151.2	Fuel	UPI	0
5076	2/1/2023 13:43	150	11.19	Grocery	Debit Card	0
5077	2/1/2023 13:45	231	13.47	Medical	Credit Card	0
5078	2/1/2023 13:46	255	62.52	Restaurants	Debit Card	0
5079	2/1/2023 13:49	454	87.76	Restaurants	Debit Card	0
5080	2/1/2023 13:58	59	10.09	Fuel	UPI	0
5081	2/1/2023 14:01	477	38.76	Fashion	Credit Card	0
5082	2/1/2023 14:02	250	63.19	Utility Bills	UPI	0
5083	2/1/2023 14:05	124	50.61	Electronics	Debit Card	0
5084	2/1/2023 14:08	247	270.06	Grocery	UPI	0
5085	2/1/2023 14:11	376	92.86	Electronics	NetBanking	0
5086	2/1/2023 14:11	417	39.87	Grocery	UPI	0
5087	2/1/2023 14:12	220	20.41	Electronics	UPI	0
5088	2/1/2023 14:12	72	44.06	Fuel	Credit Card	0
5089	2/1/2023 14:13	473	45.18	Grocery	UPI	0
5090	2/1/2023 14:13	76	18.86	Grocery	NetBanking	0
5091	2/1/2023 14:15	145	25.48	Utility Bills	Debit Card	0
5092	2/1/2023 14:17	290	248.44	Grocery	UPI	0
5093	2/1/2023 14:18	42	75.26	Electronics	UPI	0
5094	2/1/2023 14:18	167	28.43	Utility Bills	UPI	0
5095	2/1/2023 14:22	250	21.09	Utility Bills	Credit Card	0
5096	2/1/2023 14:23	28	37.68	Medical	UPI	0
5097	2/1/2023 14:23	223	28.81	Electronics	Debit Card	0
5098	2/1/2023 14:24	403	35.33	Medical	UPI	0
5099	2/1/2023 14:26	231	118.38	Fuel	NetBanking	0
5100	2/1/2023 14:26	437	257.1	Travel	Debit Card	0
5101	2/1/2023 14:31	49	94.59	Grocery	Credit Card	0
5102	2/1/2023 14:33	477	35.68	Fashion	Debit Card	0
5103	2/1/2023 14:32	120	28.36	Grocery	Debit Card	0
5104	2/1/2023 14:35	22	14.24	Restaurants	NetBanking	0
5105	2/1/2023 14:35	313	158.03	Fashion	UPI	0
5106	2/1/2023 14:39	429	51.62	Electronics	UPI	0
5107	2/1/2023 14:39	78	63.28	Medical	NetBanking	0
5108	2/1/2023 14:41	446	31.99	Utility Bills	Debit Card	0
5109	2/1/2023 14:43	463	28.66	Electronics	UPI	0
5110	2/1/2023 14:44	230	10	Utility Bills	Debit Card	0
5111	2/1/2023 14:44	276	56.11	Fuel	Credit Card	0
5112	2/1/2023 14:48	458	22.09	Grocery	Debit Card	0
5113	2/1/2023 14:55	445	36	Medical	Debit Card	0
5114	2/1/2023 14:59	7	30.57	Fuel	UPI	0
5115	2/1/2023 15:01	147	129.19	Fashion	Credit Card	0
5116	2/1/2023 15:01	94	147.59	Electronics	Credit Card	0
5117	2/1/2023 15:01	76	78.3	Restaurants	Credit Card	0
5118	2/1/2023 15:09	231	38.07	Grocery	Debit Card	0
5119	2/1/2023 15:11	153	18.83	Grocery	NetBanking	0
5120	2/1/2023 15:12	494	57.76	Fashion	Credit Card	0
5121	2/1/2023 15:13	63	26.61	Fuel	UPI	0
5122	2/1/2023 15:13	81	18.19	Utility Bills	Credit Card	0
5123	2/1/2023 15:19	441	55.13	Travel	Credit Card	0
5124	2/1/2023 15:21	314	27.25	Electronics	Debit Card	0
5125	2/1/2023 15:26	192	85.67	Electronics	Credit Card	0
5126	2/1/2023 15:26	306	19.59	Utility Bills	UPI	0
5127	2/1/2023 15:26	483	74.86	Restaurants	UPI	0
5128	2/1/2023 15:28	233	69.75	Restaurants	UPI	0
5129	2/1/2023 15:28	483	86.83	Utility Bills	Debit Card	0
5130	2/1/2023 15:30	288	20.31	Utility Bills	Credit Card	0
5131	2/1/2023 15:31	233	119.83	Medical	Credit Card	0
5132	2/1/2023 15:32	292	43.26	Electronics	Credit Card	0
5133	2/1/2023 15:34	10	13.73	Electronics	Credit Card	0
5134	2/1/2023 15:35	332	41.24	Utility Bills	Debit Card	0
5135	2/1/2023 15:35	147	116.49	Grocery	Credit Card	1
5136	2/1/2023 15:35	287	70.19	Travel	Credit Card	0
5137	2/1/2023 15:36	15	14.51	Restaurants	UPI	0
5138	2/1/2023 15:38	332	45.23	Fashion	Debit Card	0
5139	2/1/2023 15:40	153	24.55	Electronics	UPI	0
5140	2/1/2023 15:42	95	37.91	Fashion	UPI	0
5141	2/1/2023 15:43	102	29.72	Grocery	NetBanking	0
5142	2/1/2023 15:43	79	71.3	Travel	UPI	0
5143	2/1/2023 15:44	261	52.04	Restaurants	UPI	0
5144	2/1/2023 15:47	382	40.13	Utility Bills	UPI	0
5145	2/1/2023 15:53	9	68.42	Travel	UPI	0
5146	2/1/2023 15:58	203	30.39	Travel	NetBanking	0
5147	2/1/2023 15:58	426	29.81	Utility Bills	Credit Card	0
5148	2/1/2023 16:01	245	12.57	Fuel	Credit Card	0
5149	2/1/2023 16:02	457	75.53	Fashion	Debit Card	0
5150	2/1/2023 16:06	367	65.4	Grocery	UPI	0
5151	2/1/2023 16:11	475	110.64	Medical	Credit Card	0
5152	2/1/2023 16:12	218	98.6	Grocery	UPI	0
5153	2/1/2023 16:14	298	11.6	Grocery	Credit Card	0
5154	2/1/2023 16:14	231	43.07	Utility Bills	Credit Card	0
5155	2/1/2023 16:16	298	18.2	Electronics	Debit Card	0
5156	2/1/2023 16:18	250	32.84	Fashion	UPI	0
5157	2/1/2023 16:19	228	105.93	Restaurants	UPI	0
5158	2/1/2023 16:20	445	29.54	Utility Bills	NetBanking	0
5159	2/1/2023 16:22	68	56.65	Restaurants	UPI	0
5160	2/1/2023 16:26	3	30.4	Electronics	NetBanking	0
5161	2/1/2023 16:27	404	57.1	Medical	UPI	0
5162	2/1/2023 16:28	217	58.07	Utility Bills	UPI	0
5163	2/1/2023 16:31	329	69.66	Utility Bills	Credit Card	0
5164	2/1/2023 16:31	349	40.72	Fuel	Credit Card	0
5165	2/1/2023 16:31	262	705.16	Grocery	Credit Card	0
5166	2/1/2023 16:32	145	42.6	Fashion	UPI	0
5167	2/1/2023 16:33	407	15.14	Restaurants	UPI	0
5168	2/1/2023 16:35	34	64.42	Electronics	UPI	0
5169	2/1/2023 16:36	180	21.31	Utility Bills	UPI	0
5170	2/1/2023 16:36	150	97.23	Fuel	Credit Card	0
5171	2/1/2023 16:37	130	18.14	Fuel	UPI	0
5172	2/1/2023 16:40	119	48.52	Grocery	Credit Card	0
5173	2/1/2023 16:44	174	47.75	Fashion	Credit Card	0
5174	2/1/2023 16:46	231	42.79	Electronics	Credit Card	0
5175	2/1/2023 16:48	5	15.38	Utility Bills	UPI	0
5176	2/1/2023 16:49	332	63.48	Fashion	UPI	0
5177	2/1/2023 16:50	158	50.37	Fashion	Debit Card	0
5178	2/1/2023 16:52	248	93.2	Medical	UPI	0
5179	2/1/2023 16:53	231	45.59	Fuel	Credit Card	0
5180	2/1/2023 16:54	124	35.79	Restaurants	UPI	0
5181	2/1/2023 16:55	276	12.37	Medical	NetBanking	0
5182	2/1/2023 16:57	379	10.74	Fashion	Credit Card	0
5183	2/1/2023 16:57	443	54.38	Utility Bills	Credit Card	0
5184	2/1/2023 16:58	388	56.24	Utility Bills	UPI	0
5185	2/1/2023 16:58	393	33.05	Restaurants	UPI	0
5186	2/1/2023 16:59	81	18.66	Restaurants	UPI	0
5187	2/1/2023 17:00	413	44.06	Restaurants	Credit Card	0
5188	2/1/2023 17:01	32	55.53	Utility Bills	UPI	0
5189	2/1/2023 17:03	15	26.26	Fashion	Credit Card	0
5190	2/1/2023 17:11	178	86.54	Grocery	UPI	0
5191	2/1/2023 17:11	27	140.81	Fuel	NetBanking	0
5192	2/1/2023 17:12	79	12.79	Utility Bills	UPI	0
5193	2/1/2023 17:15	202	12.29	Travel	UPI	0
5194	2/1/2023 17:15	133	48.27	Grocery	UPI	0
5195	2/1/2023 17:19	301	119.31	Fuel	NetBanking	0
5196	2/1/2023 17:19	139	21.03	Fashion	UPI	0
5197	2/1/2023 17:21	137	14.88	Restaurants	UPI	0
5198	2/1/2023 17:22	261	50.23	Travel	UPI	0
5199	2/1/2023 17:22	150	51.48	Medical	Debit Card	0
5200	2/1/2023 17:25	302	39.28	Utility Bills	Credit Card	0
5201	2/1/2023 17:28	108	161.29	Restaurants	Credit Card	0
5202	2/1/2023 17:30	60	42.71	Utility Bills	UPI	0
5203	2/22/2023 22:03	490	66.73	Restaurants	UPI	0
5204	2/1/2023 17:32	356	24.12	Grocery	UPI	1
5205	2/1/2023 17:33	139	12.12	Fashion	Debit Card	0
5206	1/19/2023 14:25	419	157.42	Electronics	NetBanking	0
5207	2/1/2023 17:37	147	22.45	Fashion	Debit Card	0
5208	2/1/2023 17:37	395	12.81	Grocery	Debit Card	0
5209	2/1/2023 17:37	139	47.71	Fashion	Credit Card	0
5210	2/1/2023 17:37	429	145.58	Fuel	UPI	0
5211	2/1/2023 17:40	287	36.39	Restaurants	UPI	0
5212	2/1/2023 17:42	231	78.4	Travel	Credit Card	0
5213	2/1/2023 17:47	261	31.61	Fuel	NetBanking	0
5214	2/1/2023 17:48	215	34.72	Fashion	NetBanking	0
5215	2/1/2023 17:48	349	26.56	Fashion	Debit Card	0
5216	2/1/2023 17:48	313	25.01	Restaurants	UPI	0
5217	2/1/2023 17:51	293	51.02	Medical	Debit Card	0
5218	2/1/2023 17:59	456	16.92	Fashion	UPI	0
5219	2/1/2023 18:00	496	13.2	Medical	NetBanking	0
5220	2/1/2023 18:01	192	57.62	Travel	UPI	0
5221	2/1/2023 18:02	7	30.18	Fuel	NetBanking	0
5222	2/1/2023 18:02	160	30.42	Travel	UPI	0
5223	2/1/2023 18:04	223	97.96	Medical	Debit Card	0
5224	2/1/2023 18:04	106	80.92	Medical	Credit Card	0
5225	2/1/2023 18:07	477	58.09	Utility Bills	Credit Card	0
5226	2/1/2023 18:08	108	161.15	Fashion	NetBanking	0
5227	2/1/2023 18:08	315	11.48	Utility Bills	Debit Card	0
5228	2/1/2023 18:08	439	66.64	Fuel	Debit Card	0
5229	2/1/2023 18:10	366	15.99	Electronics	UPI	0
5230	2/1/2023 18:12	298	33.81	Grocery	UPI	0
5231	2/1/2023 18:14	339	192.37	Electronics	Credit Card	0
5232	1/14/2023 12:05	212	39.65	Utility Bills	Credit Card	0
5233	2/1/2023 18:16	79	12.07	Grocery	UPI	0
5234	2/1/2023 18:18	456	23.6	Fuel	Credit Card	0
5235	2/26/2023 9:36	401	16.18	Restaurants	UPI	0
5236	2/1/2023 18:19	247	11.53	Electronics	UPI	0
5237	2/1/2023 18:20	49	78.62	Utility Bills	UPI	0
5238	2/1/2023 18:22	345	15.06	Utility Bills	UPI	0
5239	2/1/2023 18:24	307	10.14	Grocery	Debit Card	0
5240	2/1/2023 18:25	262	11.17	Fuel	Credit Card	0
5241	2/1/2023 18:26	286	118.51	Travel	UPI	0
5242	2/1/2023 18:28	214	21.14	Travel	NetBanking	0
5243	2/1/2023 18:30	208	75.93	Fashion	UPI	0
5244	2/1/2023 18:34	491	10	Fuel	UPI	0
5245	2/1/2023 18:36	42	47.03	Restaurants	NetBanking	0
5246	2/1/2023 18:37	26	19.86	Fashion	Debit Card	0
5247	2/1/2023 18:42	9	71.26	Utility Bills	NetBanking	0
5248	2/1/2023 18:44	46	47.13	Grocery	Debit Card	0
5249	2/1/2023 18:45	231	21.06	Grocery	NetBanking	0
5250	2/1/2023 18:46	208	28.91	Fuel	UPI	0
5251	2/1/2023 18:47	387	51.75	Utility Bills	Credit Card	0
5252	2/1/2023 18:49	179	14.21	Restaurants	UPI	0
5253	2/1/2023 18:49	349	76.54	Utility Bills	Debit Card	0
5254	2/1/2023 18:50	174	28.81	Fuel	NetBanking	0
5255	2/1/2023 18:54	67	96.35	Fuel	UPI	0
5256	2/1/2023 18:56	233	11.25	Grocery	Credit Card	0
5257	2/1/2023 18:58	409	25.08	Grocery	Debit Card	1
5258	2/1/2023 18:58	424	13.1	Grocery	Debit Card	0
5259	2/1/2023 18:58	243	20.61	Utility Bills	UPI	0
5260	2/1/2023 18:59	403	35.56	Utility Bills	UPI	0
5261	2/1/2023 19:00	37	13.36	Fashion	Debit Card	0
5262	2/1/2023 19:01	27	20.92	Utility Bills	UPI	0
5263	2/1/2023 19:01	258	45.73	Travel	Credit Card	0
5264	2/1/2023 19:02	459	33.38	Restaurants	Credit Card	0
5265	2/1/2023 19:04	147	29.32	Fashion	UPI	0
5266	2/1/2023 19:06	70	53.05	Utility Bills	UPI	1
5267	2/1/2023 19:07	9	37.97	Utility Bills	Debit Card	0
5268	2/1/2023 19:08	324	29.11	Electronics	UPI	0
5269	2/1/2023 19:09	250	122.26	Utility Bills	NetBanking	0
5270	1/5/2023 12:19	107	23.51	Grocery	Credit Card	0
5271	2/1/2023 19:11	271	68.75	Fuel	Debit Card	0
5272	2/1/2023 19:11	233	42.17	Utility Bills	UPI	0
5273	2/1/2023 19:12	492	37.5	Medical	UPI	0
5274	2/1/2023 19:14	68	20.73	Travel	UPI	0
5275	2/1/2023 19:14	332	11.04	Utility Bills	UPI	0
5276	2/1/2023 19:15	493	35.75	Grocery	UPI	0
5277	2/1/2023 19:17	449	74.77	Grocery	Debit Card	0
5278	2/1/2023 19:24	189	21.6	Grocery	Credit Card	0
5279	2/1/2023 19:24	173	65.71	Electronics	Debit Card	0
5280	2/1/2023 19:24	450	33.23	Grocery	UPI	0
5281	2/1/2023 19:25	494	33.71	Medical	Credit Card	0
5282	2/1/2023 19:28	233	29.88	Utility Bills	UPI	0
5283	2/1/2023 19:29	181	20.82	Utility Bills	UPI	0
5284	2/1/2023 19:30	306	56.47	Grocery	Credit Card	0
5285	2/1/2023 19:30	229	10	Fuel	UPI	0
5286	2/1/2023 19:31	256	59.78	Restaurants	Credit Card	0
5287	2/1/2023 19:32	148	47.79	Electronics	UPI	0
5288	2/1/2023 19:32	315	11.58	Utility Bills	Credit Card	0
5289	2/1/2023 19:33	83	24.9	Fashion	UPI	0
5290	2/1/2023 19:36	240	24.92	Electronics	Credit Card	0
5291	2/1/2023 19:36	277	62.05	Utility Bills	UPI	0
5292	2/1/2023 19:36	458	71.6	Medical	UPI	0
5293	2/1/2023 19:37	437	27.1	Fashion	NetBanking	0
5294	2/1/2023 19:37	445	16.12	Travel	UPI	0
5295	2/1/2023 19:39	474	116.31	Restaurants	UPI	0
5296	2/1/2023 19:42	189	21.03	Restaurants	Debit Card	0
5297	2/1/2023 19:43	208	64.09	Grocery	UPI	0
5298	2/1/2023 19:46	145	12.8	Fuel	UPI	0
5299	2/1/2023 19:48	349	86.5	Fuel	UPI	0
5300	2/1/2023 19:49	212	52.9	Restaurants	Credit Card	0
5301	2/1/2023 19:50	261	10.45	Fuel	UPI	0
5302	2/1/2023 19:51	285	22.09	Fashion	Debit Card	0
5303	2/1/2023 19:51	94	66.55	Fuel	UPI	0
5304	2/1/2023 19:53	375	10	Fuel	UPI	0
5305	2/1/2023 19:54	209	34.8	Restaurants	UPI	0
5306	2/1/2023 19:57	96	53.14	Grocery	UPI	0
5307	2/1/2023 19:57	81	26.05	Fashion	Credit Card	0
5308	2/1/2023 19:58	262	28.38	Fashion	Credit Card	0
5309	2/1/2023 20:00	298	71.33	Fuel	UPI	0
5310	2/1/2023 20:01	477	10	Fuel	Credit Card	0
5311	2/1/2023 20:05	160	15.56	Grocery	Debit Card	0
5312	2/1/2023 20:13	40	161.6	Fashion	Credit Card	0
5313	2/1/2023 20:14	313	202.42	Grocery	UPI	0
5314	2/1/2023 20:15	392	300.87	Electronics	Debit Card	0
5315	2/1/2023 20:18	165	28.58	Restaurants	UPI	0
5316	2/1/2023 20:19	197	52.42	Utility Bills	UPI	0
5317	2/1/2023 20:20	409	31.53	Grocery	Credit Card	0
5318	2/1/2023 20:25	379	11.94	Grocery	Credit Card	0
5319	2/1/2023 20:28	486	109.92	Grocery	Credit Card	0
5320	2/1/2023 20:30	230	38.04	Restaurants	Debit Card	0
5321	2/1/2023 20:34	429	211.06	Medical	UPI	0
5322	2/1/2023 20:35	47	13.9	Grocery	UPI	0
5323	2/1/2023 20:38	166	54.31	Medical	UPI	0
5324	2/28/2023 18:40	83	61.15	Fashion	NetBanking	0
5325	2/1/2023 20:41	403	88.41	Travel	UPI	0
5326	2/1/2023 20:45	366	35.12	Electronics	Credit Card	0
5327	2/1/2023 20:46	34	73.59	Travel	Credit Card	0
5328	2/1/2023 20:47	160	12.65	Restaurants	Debit Card	0
5329	2/1/2023 20:52	150	123.35	Fashion	Debit Card	0
5330	2/1/2023 20:53	139	11.83	Utility Bills	Credit Card	0
5331	2/1/2023 20:53	411	37.08	Fuel	UPI	0
5332	2/1/2023 20:53	320	12.46	Travel	Credit Card	0
5333	2/1/2023 20:55	208	10	Utility Bills	Credit Card	0
5334	2/1/2023 20:56	371	132.31	Grocery	UPI	0
5335	2/1/2023 20:57	376	200.22	Grocery	Debit Card	0
5336	2/1/2023 20:58	307	10	Utility Bills	UPI	0
5337	2/1/2023 21:01	184	19.23	Electronics	UPI	0
5338	2/1/2023 21:03	494	86.32	Medical	UPI	0
5339	2/1/2023 21:07	339	53.65	Electronics	UPI	0
5340	2/1/2023 21:10	307	46.48	Electronics	UPI	0
5341	2/1/2023 21:12	305	34.9	Utility Bills	Debit Card	0
5342	2/1/2023 21:12	416	42.31	Electronics	Debit Card	0
5343	2/1/2023 21:13	233	67.87	Fashion	Credit Card	0
5344	2/1/2023 21:18	382	79.89	Fuel	Credit Card	0
5345	2/1/2023 21:20	101	64.14	Utility Bills	UPI	0
5346	2/1/2023 21:21	243	86.08	Restaurants	UPI	0
5347	2/1/2023 21:25	37	80.46	Electronics	UPI	0
5348	2/1/2023 21:25	126	18.04	Fashion	Credit Card	0
5349	2/1/2023 21:28	457	79.19	Medical	UPI	0
5350	2/1/2023 21:29	160	14.46	Medical	UPI	0
5351	2/1/2023 21:29	362	14.1	Electronics	UPI	0
5352	2/1/2023 21:30	178	52.24	Restaurants	Debit Card	0
5353	2/1/2023 21:30	148	80.83	Travel	UPI	0
5354	2/1/2023 21:32	70	29.04	Fashion	UPI	0
5355	2/1/2023 21:37	464	115.88	Fashion	Credit Card	0
5356	2/19/2023 9:54	382	101.36	Fashion	UPI	0
5357	2/1/2023 21:40	302	73.86	Fashion	UPI	0
5358	2/1/2023 21:40	205	53.96	Restaurants	UPI	0
5359	2/1/2023 21:45	147	14.99	Restaurants	NetBanking	0
5360	2/1/2023 21:47	219	22.44	Fashion	Debit Card	0
5361	2/1/2023 21:48	349	14.99	Fashion	UPI	0
5362	2/1/2023 21:49	164	13.13	Travel	NetBanking	0
5363	2/1/2023 21:51	109	44.5	Medical	UPI	0
5364	2/1/2023 21:52	7	52.18	Utility Bills	UPI	0
5365	2/14/2023 13:22	211	91.54	Fuel	UPI	0
5366	2/2/2023 9:32	252	12.95	Electronics	Debit Card	0
5367	2/2/2023 9:40	208	14.88	Utility Bills	Credit Card	0
5368	2/2/2023 9:41	402	21.63	Restaurants	UPI	0
5369	2/2/2023 9:42	372	33.46	Fuel	UPI	0
5370	2/2/2023 9:50	181	10	Grocery	Debit Card	0
5371	2/2/2023 9:56	409	31.36	Electronics	Credit Card	0
5372	2/2/2023 10:19	218	66.28	Travel	Credit Card	0
5373	2/2/2023 10:22	307	22.86	Fuel	UPI	0
5374	2/2/2023 10:22	174	13.52	Electronics	Credit Card	0
5375	2/2/2023 10:33	147	73.55	Grocery	UPI	0
5376	2/2/2023 10:48	373	19.2	Fashion	NetBanking	0
5377	2/2/2023 10:50	231	17.04	Fashion	Debit Card	0
5378	2/2/2023 10:52	408	75.59	Fashion	NetBanking	0
5379	2/2/2023 10:59	433	12.78	Electronics	UPI	0
5380	2/2/2023 10:59	81	26.98	Electronics	Debit Card	0
5381	2/2/2023 11:10	275	40.19	Restaurants	Debit Card	0
5382	2/2/2023 11:27	208	108.02	Restaurants	Debit Card	0
5383	2/2/2023 11:48	421	92.2	Fuel	Credit Card	0
5384	2/2/2023 11:49	108	61.91	Utility Bills	Credit Card	0
5385	2/2/2023 11:57	81	45.5	Fuel	UPI	0
5386	2/2/2023 12:26	31	55.21	Electronics	UPI	0
5387	2/2/2023 12:21	442	48.29	Electronics	Credit Card	0
5388	2/2/2023 12:30	499	62.89	Fuel	Debit Card	0
5389	2/2/2023 12:31	93	46.69	Travel	Credit Card	0
5390	2/2/2023 12:35	147	42.49	Utility Bills	UPI	0
5391	2/2/2023 12:43	148	41.43	Utility Bills	UPI	0
5392	2/27/2023 19:59	267	39.72	Grocery	Credit Card	0
5393	2/2/2023 12:52	179	17.59	Utility Bills	UPI	0
5394	2/2/2023 12:53	70	64.93	Fashion	NetBanking	0
5395	2/2/2023 13:01	302	23.88	Utility Bills	Credit Card	0
5396	2/2/2023 13:04	460	75.42	Medical	Credit Card	0
5397	2/2/2023 13:09	358	13.26	Utility Bills	Credit Card	0
5398	2/2/2023 13:13	268	69.01	Travel	Credit Card	0
5399	2/2/2023 13:27	423	42.91	Grocery	UPI	0
5400	2/2/2023 13:27	387	21.6	Travel	UPI	0
5401	2/2/2023 13:40	175	14.4	Fashion	Credit Card	0
5402	2/2/2023 13:43	126	46.43	Restaurants	Credit Card	0
5403	2/2/2023 13:44	46	14.48	Utility Bills	UPI	0
5404	2/2/2023 13:44	378	15.47	Utility Bills	NetBanking	0
5405	2/2/2023 13:45	313	55.45	Fuel	NetBanking	0
5406	2/2/2023 13:49	49	85.92	Grocery	Credit Card	0
5407	2/2/2023 13:51	306	11.68	Fashion	Credit Card	0
5408	2/2/2023 13:55	336	21.21	Electronics	Debit Card	1
5409	2/2/2023 14:02	369	64.06	Fashion	NetBanking	0
5410	2/2/2023 14:07	464	11	Restaurants	NetBanking	0
5411	2/2/2023 14:11	147	51.99	Restaurants	UPI	0
5412	2/5/2023 20:44	381	73.98	Electronics	NetBanking	0
5413	2/2/2023 14:22	477	16.61	Fashion	UPI	0
5414	2/24/2023 17:23	331	56.76	Grocery	Debit Card	0
5415	2/2/2023 14:44	178	33.87	Restaurants	UPI	0
5416	2/2/2023 14:49	150	28.7	Fuel	Credit Card	0
5417	2/2/2023 14:56	108	56.35	Electronics	Debit Card	0
5418	2/2/2023 15:14	145	44.54	Medical	Debit Card	0
5419	2/2/2023 15:18	446	74.07	Grocery	UPI	0
5420	2/2/2023 15:21	36	28.89	Grocery	UPI	0
5421	2/2/2023 15:31	94	11.19	Electronics	UPI	0
5422	2/2/2023 15:31	49	32.49	Restaurants	Debit Card	0
5423	2/2/2023 15:35	26	31.67	Grocery	Debit Card	0
5424	2/2/2023 15:38	165	17.43	Grocery	NetBanking	0
5425	2/2/2023 15:40	349	71.64	Grocery	Credit Card	0
5426	2/2/2023 15:40	178	167.41	Medical	Credit Card	0
5427	2/2/2023 15:42	178	21.28	Fashion	UPI	0
5428	2/2/2023 15:43	315	17.62	Travel	NetBanking	0
5429	2/2/2023 15:52	494	115.87	Grocery	Debit Card	0
5430	2/2/2023 15:57	165	92.32	Electronics	UPI	0
5431	2/2/2023 16:08	257	96.84	Electronics	Credit Card	0
5432	2/2/2023 16:12	136	16.82	Utility Bills	NetBanking	0
5433	2/2/2023 16:14	178	118.01	Medical	NetBanking	0
5434	2/2/2023 16:17	150	47.73	Grocery	Debit Card	0
5435	2/2/2023 16:23	387	31.61	Fuel	Debit Card	0
5436	2/2/2023 16:23	183	10.26	Grocery	UPI	0
5437	2/2/2023 16:30	339	86.9	Fuel	Credit Card	0
5438	2/2/2023 16:40	446	365	Travel	Credit Card	0
5439	2/2/2023 16:46	165	184.79	Travel	Debit Card	0
5440	2/2/2023 16:54	81	58.16	Fuel	Credit Card	0
5441	2/2/2023 16:58	166	157.64	Fashion	NetBanking	0
5442	2/2/2023 17:04	163	44.03	Utility Bills	NetBanking	0
5443	2/2/2023 17:07	295	29	Electronics	UPI	0
5444	2/2/2023 17:09	245	14.21	Utility Bills	Debit Card	0
5445	2/2/2023 17:33	287	41.18	Restaurants	Debit Card	0
5446	2/2/2023 17:33	260	27.48	Restaurants	Credit Card	0
5447	2/2/2023 17:34	179	32.25	Restaurants	UPI	0
5448	2/2/2023 17:35	26	26.57	Fashion	Debit Card	0
5449	2/2/2023 17:40	113	24.92	Electronics	Debit Card	0
5450	2/2/2023 17:40	111	90.89	Travel	UPI	0
5451	2/2/2023 17:40	456	44.97	Electronics	NetBanking	0
5452	2/2/2023 17:41	469	51.79	Fashion	Debit Card	0
5453	2/2/2023 17:47	202	15.59	Fashion	UPI	0
5454	2/2/2023 17:48	461	36.85	Restaurants	UPI	0
5455	1/10/2023 14:11	110	15.14	Medical	UPI	0
5456	2/2/2023 17:54	233	33.41	Restaurants	Debit Card	0
5457	2/2/2023 17:56	101	31.69	Electronics	UPI	0
5458	2/2/2023 17:58	256	13.98	Restaurants	UPI	0
5459	2/2/2023 18:03	485	33.35	Utility Bills	Credit Card	0
5460	2/2/2023 18:14	102	41.08	Grocery	UPI	0
5461	2/2/2023 18:15	423	51.52	Utility Bills	Credit Card	0
5462	2/2/2023 18:21	432	45.85	Fuel	Debit Card	0
5463	2/2/2023 18:36	332	12.49	Fuel	UPI	0
5464	2/2/2023 18:45	181	56.98	Utility Bills	Credit Card	0
5465	2/2/2023 18:48	247	53.14	Fuel	Debit Card	0
5466	2/2/2023 18:48	27	15.24	Restaurants	UPI	0
5467	2/2/2023 19:03	432	38.42	Electronics	Credit Card	0
5468	2/2/2023 19:10	423	36.28	Utility Bills	Debit Card	0
5469	2/2/2023 19:15	70	16.66	Electronics	UPI	0
5470	2/2/2023 19:17	235	10.06	Restaurants	NetBanking	0
5471	2/2/2023 19:24	432	13.24	Electronics	Debit Card	0
5472	2/2/2023 19:25	465	27.52	Grocery	Credit Card	0
5473	2/2/2023 19:26	358	125.5	Restaurants	UPI	0
5474	2/2/2023 19:30	15	26.62	Grocery	Credit Card	0
5475	2/2/2023 19:30	187	33.28	Grocery	Debit Card	0
5476	2/2/2023 19:31	187	20.73	Utility Bills	UPI	0
5477	2/2/2023 19:36	406	37.38	Grocery	Credit Card	1
5478	2/2/2023 19:37	153	13.39	Electronics	Credit Card	0
5479	2/2/2023 19:41	165	50.06	Grocery	Debit Card	0
5480	2/2/2023 19:49	250	47.3	Fuel	UPI	0
5481	2/2/2023 19:52	247	82.1	Fashion	Debit Card	0
5482	2/2/2023 20:01	482	29.82	Electronics	UPI	0
5483	2/2/2023 20:04	208	27.24	Grocery	Credit Card	0
5484	2/2/2023 20:12	208	45.34	Travel	UPI	0
5485	2/2/2023 20:14	360	14.06	Travel	UPI	0
5486	2/2/2023 20:17	158	68.01	Fashion	Credit Card	0
5487	2/2/2023 20:19	454	17.2	Restaurants	Debit Card	0
5488	2/2/2023 20:19	41	45.54	Fuel	UPI	0
5489	2/2/2023 20:25	85	17.56	Restaurants	UPI	0
5490	2/2/2023 20:34	157	54.14	Electronics	Credit Card	0
5491	2/2/2023 20:37	302	29.11	Grocery	NetBanking	0
5492	2/2/2023 20:39	145	11.49	Grocery	UPI	0
5493	2/2/2023 20:42	359	15.55	Grocery	UPI	0
5494	2/2/2023 20:47	240	13.64	Fuel	NetBanking	0
5495	2/2/2023 20:51	440	21.57	Grocery	Debit Card	0
5496	2/2/2023 20:59	91	28.69	Electronics	UPI	0
5497	2/2/2023 21:03	5	91.94	Fashion	Debit Card	0
5498	2/2/2023 21:03	308	28.52	Electronics	UPI	0
5499	2/2/2023 21:04	187	19.06	Utility Bills	Debit Card	0
5500	2/2/2023 21:05	208	11.16	Grocery	UPI	0
5501	2/2/2023 21:15	445	37.16	Restaurants	UPI	0
5502	2/2/2023 21:23	9	38.25	Grocery	UPI	0
5503	2/2/2023 21:24	130	30.05	Fashion	NetBanking	0
5504	2/2/2023 21:37	36	87.54	Medical	Credit Card	0
5505	2/2/2023 21:42	466	52.37	Electronics	UPI	0
5506	2/2/2023 21:45	165	14.87	Grocery	Debit Card	0
5507	2/2/2023 21:46	147	18.07	Restaurants	UPI	0
5508	2/2/2023 21:55	137	12.75	Fashion	Credit Card	0
5509	2/2/2023 21:57	10	62.23	Fuel	Credit Card	0
5510	2/3/2023 9:01	187	28.08	Travel	Debit Card	0
5511	2/3/2023 9:25	130	24.75	Utility Bills	Debit Card	0
5512	2/3/2023 9:26	112	29.08	Restaurants	UPI	0
5513	2/3/2023 9:35	156	32.55	Fashion	UPI	0
5514	2/3/2023 9:37	147	46.53	Grocery	NetBanking	0
5515	2/3/2023 10:02	402	13.14	Medical	Credit Card	0
5516	2/3/2023 10:13	428	27.92	Fuel	Credit Card	0
5517	2/3/2023 10:17	355	22.84	Electronics	UPI	0
5518	2/3/2023 10:26	108	41.92	Grocery	UPI	0
5519	2/3/2023 10:26	123	52.44	Utility Bills	UPI	0
5520	2/3/2023 10:33	218	12.55	Restaurants	UPI	0
5521	2/3/2023 10:40	108	89.04	Restaurants	UPI	1
5522	2/3/2023 10:51	68	69.43	Fashion	Credit Card	0
5523	2/3/2023 11:01	38	29.22	Utility Bills	UPI	0
5524	2/3/2023 11:04	30	10.7	Fuel	Debit Card	0
5525	2/3/2023 11:10	123	27.42	Electronics	Credit Card	0
5526	2/3/2023 11:19	494	54.41	Grocery	Debit Card	0
5527	2/3/2023 11:27	230	53.23	Electronics	Credit Card	0
5528	2/3/2023 11:30	77	25.45	Restaurants	UPI	0
5529	2/3/2023 11:43	78	17.78	Electronics	Credit Card	0
5530	2/3/2023 12:05	202	10.31	Grocery	Debit Card	0
5531	2/3/2023 12:10	307	32.12	Utility Bills	UPI	0
5532	2/3/2023 12:11	243	59.2	Utility Bills	NetBanking	0
5533	2/3/2023 12:12	18	10	Fuel	NetBanking	0
5534	2/3/2023 12:19	133	28.01	Restaurants	UPI	0
5535	2/3/2023 12:20	110	98.59	Medical	UPI	0
5536	2/3/2023 12:25	305	81.46	Fashion	NetBanking	0
5537	2/3/2023 12:31	59	225.47	Electronics	Debit Card	0
5538	2/3/2023 12:37	108	81.66	Utility Bills	Debit Card	0
5539	2/3/2023 12:42	302	30.75	Grocery	Credit Card	0
5540	2/3/2023 12:44	147	46.88	Grocery	UPI	0
5541	2/3/2023 12:54	265	92.62	Grocery	UPI	0
5542	2/3/2023 12:56	273	106.01	Travel	UPI	0
5543	2/3/2023 12:59	96	29.32	Electronics	Credit Card	0
5544	2/3/2023 13:00	297	47.51	Utility Bills	UPI	0
5545	2/3/2023 13:04	478	13.48	Medical	Credit Card	0
5546	2/3/2023 13:13	147	54.27	Fashion	UPI	0
5547	2/3/2023 13:25	130	120.78	Medical	UPI	0
5548	2/3/2023 13:30	38	66.02	Travel	NetBanking	0
5549	2/3/2023 13:32	227	25.17	Grocery	UPI	0
5550	2/3/2023 13:36	251	38.36	Utility Bills	UPI	0
5551	2/3/2023 13:39	51	32.86	Fuel	Credit Card	0
5552	2/3/2023 13:44	147	66.73	Utility Bills	UPI	0
5553	2/3/2023 13:45	402	632.3	Utility Bills	NetBanking	0
5554	2/3/2023 13:53	373	21.88	Fuel	Debit Card	0
5555	2/3/2023 14:01	288	14.65	Electronics	UPI	0
5556	2/3/2023 14:04	147	23.71	Fashion	UPI	0
5557	2/3/2023 14:09	308	71.73	Fashion	UPI	0
5558	2/3/2023 14:10	403	116.8	Fuel	UPI	0
5559	2/3/2023 14:16	43	10.55	Grocery	UPI	0
5560	2/3/2023 14:25	446	34.24	Travel	UPI	1
5561	2/3/2023 14:38	165	40.76	Fuel	UPI	0
5562	2/3/2023 14:43	403	86.38	Fashion	NetBanking	1
5563	2/3/2023 14:43	349	55.83	Fashion	UPI	0
5564	2/3/2023 14:59	288	104.11	Fuel	NetBanking	0
5565	2/3/2023 15:04	190	168.65	Medical	UPI	0
5566	2/3/2023 15:04	233	35.97	Fuel	Debit Card	0
5567	2/3/2023 15:06	472	14.26	Medical	UPI	0
5568	2/3/2023 15:16	435	120.21	Travel	Credit Card	0
5569	2/3/2023 15:17	137	24.98	Medical	UPI	0
5570	2/3/2023 15:30	456	27.69	Grocery	UPI	0
5571	2/3/2023 15:43	184	18.94	Utility Bills	NetBanking	0
5572	2/14/2023 13:33	211	140.98	Medical	UPI	0
5573	2/3/2023 15:55	130	52.39	Medical	Credit Card	0
5574	2/3/2023 15:59	184	30.95	Restaurants	UPI	0
5575	2/3/2023 16:05	81	183.1	Medical	Debit Card	0
5576	2/3/2023 16:24	240	31.89	Fashion	Debit Card	0
5577	2/3/2023 16:28	264	27.71	Grocery	Credit Card	0
5578	2/3/2023 16:32	231	17.51	Fuel	UPI	0
5579	2/3/2023 16:36	9	22.35	Utility Bills	UPI	0
5580	2/3/2023 16:42	250	22.86	Utility Bills	Credit Card	0
5581	2/3/2023 16:48	108	265.83	Fashion	Credit Card	0
5582	2/3/2023 16:54	481	18.7	Fuel	Debit Card	0
5583	2/3/2023 17:03	274	28.5	Fuel	UPI	0
5584	2/3/2023 17:08	150	20.66	Fuel	NetBanking	0
5585	2/3/2023 17:31	298	38.25	Grocery	UPI	0
5586	2/3/2023 17:41	15	17.72	Electronics	Debit Card	0
5587	2/3/2023 17:46	404	28.31	Restaurants	UPI	0
5588	2/3/2023 17:52	281	52.64	Restaurants	UPI	0
5589	2/3/2023 17:53	292	157.23	Grocery	Debit Card	0
5590	2/3/2023 17:54	443	10	Fuel	UPI	0
5591	2/3/2023 18:08	60	34.05	Utility Bills	NetBanking	0
5592	2/3/2023 18:16	177	12.15	Electronics	UPI	0
5593	2/3/2023 18:26	24	36.95	Fashion	UPI	0
5594	2/3/2023 18:30	148	36.2	Utility Bills	Credit Card	0
5595	2/3/2023 18:35	460	97.18	Grocery	NetBanking	0
5596	2/3/2023 18:41	164	30	Grocery	UPI	0
5597	2/3/2023 18:42	281	10.53	Utility Bills	UPI	0
5598	2/3/2023 18:50	169	55.65	Medical	UPI	0
5599	2/3/2023 19:03	268	17.02	Utility Bills	Credit Card	0
5600	2/3/2023 19:03	250	16.53	Grocery	Debit Card	0
5601	2/3/2023 19:10	287	54.49	Utility Bills	Credit Card	0
5602	2/3/2023 19:11	388	21.26	Travel	Debit Card	0
5603	2/3/2023 19:11	231	41.65	Fashion	UPI	0
5604	2/3/2023 19:15	142	72.8	Utility Bills	Credit Card	0
5605	2/3/2023 19:18	329	33.18	Fashion	Debit Card	0
5606	2/3/2023 19:33	384	70	Fuel	Credit Card	0
5607	2/3/2023 19:35	60	29.23	Travel	Debit Card	0
5608	2/3/2023 19:37	409	46.63	Electronics	Credit Card	0
5609	2/3/2023 19:38	233	144.18	Restaurants	Credit Card	0
5610	2/3/2023 19:40	302	16.02	Grocery	UPI	0
5611	2/3/2023 19:43	181	55.37	Grocery	Credit Card	0
5612	2/3/2023 19:50	359	12.98	Electronics	Credit Card	0
5613	2/3/2023 20:00	85	15.44	Restaurants	NetBanking	0
5614	2/3/2023 20:01	189	27.93	Fashion	UPI	0
5615	2/3/2023 20:02	445	58.46	Fashion	Debit Card	1
5616	2/3/2023 20:11	147	443.1	Medical	NetBanking	0
5617	2/3/2023 20:20	305	41.79	Fuel	Debit Card	0
5618	2/3/2023 20:22	147	23.04	Utility Bills	Credit Card	0
5619	2/3/2023 20:26	208	48.95	Electronics	Credit Card	0
5620	2/3/2023 20:29	273	33.91	Fuel	Debit Card	0
5621	2/3/2023 20:40	108	27.91	Fashion	Debit Card	0
5622	2/3/2023 20:41	147	53.11	Medical	Credit Card	0
5623	2/3/2023 20:42	118	13.4	Grocery	Debit Card	0
5624	2/3/2023 20:51	418	51.32	Electronics	Debit Card	0
5625	2/3/2023 20:53	445	12.69	Restaurants	Debit Card	0
5626	2/3/2023 21:01	440	108.69	Medical	UPI	0
5627	2/3/2023 21:13	147	10.73	Fuel	UPI	0
5628	2/3/2023 21:14	212	12.28	Restaurants	UPI	0
5629	2/3/2023 21:16	49	86.59	Grocery	Debit Card	0
5630	2/3/2023 21:18	108	10	Utility Bills	NetBanking	0
5631	2/3/2023 21:29	155	100.77	Travel	UPI	0
5632	2/3/2023 21:31	119	25.08	Utility Bills	UPI	0
5633	2/3/2023 21:32	355	10.19	Restaurants	Debit Card	0
5634	2/3/2023 21:37	197	21.29	Utility Bills	Debit Card	0
5635	2/3/2023 21:43	369	264.8	Grocery	UPI	0
5636	2/3/2023 21:46	80	169.72	Electronics	UPI	0
5637	2/3/2023 21:55	234	46.62	Grocery	UPI	0
5638	2/3/2023 21:59	203	32.41	Travel	Credit Card	0
5639	2/4/2023 9:05	243	48.38	Fashion	Credit Card	0
5640	2/4/2023 9:05	302	23.96	Utility Bills	Credit Card	0
5641	2/4/2023 9:06	262	14.17	Utility Bills	UPI	0
5642	2/4/2023 9:08	320	17.92	Utility Bills	Credit Card	0
5643	2/4/2023 9:25	243	625.94	Fashion	Credit Card	1
5644	2/4/2023 9:26	261	102.22	Travel	UPI	0
5645	2/4/2023 9:28	28	20.93	Utility Bills	Credit Card	0
5646	2/4/2023 9:29	398	32.73	Restaurants	UPI	0
5647	2/4/2023 9:36	72	37.18	Fuel	Debit Card	0
5648	2/4/2023 9:37	221	48.42	Restaurants	Debit Card	0
5649	2/4/2023 10:01	221	12.07	Grocery	Debit Card	0
5650	2/4/2023 10:25	256	10	Utility Bills	Credit Card	0
5651	2/4/2023 10:38	487	15.16	Fashion	UPI	0
5652	2/4/2023 10:41	109	46.07	Electronics	UPI	0
5653	2/4/2023 10:50	20	15.07	Restaurants	NetBanking	0
5654	2/4/2023 11:08	197	275.92	Travel	UPI	0
5655	2/4/2023 11:17	133	38.1	Fashion	Credit Card	0
5656	2/4/2023 11:24	314	10	Utility Bills	UPI	0
5657	2/4/2023 11:24	153	57.12	Electronics	UPI	0
5658	2/4/2023 11:28	64	19.22	Utility Bills	UPI	0
5659	2/4/2023 11:32	339	65.24	Fashion	UPI	0
5660	2/4/2023 11:40	94	33.64	Grocery	UPI	0
5661	2/4/2023 11:40	102	138.17	Utility Bills	Debit Card	0
5662	2/4/2023 11:52	276	11.99	Travel	UPI	0
5663	2/4/2023 11:52	189	74	Electronics	NetBanking	0
5664	2/4/2023 12:03	33	52.46	Travel	UPI	0
5665	2/4/2023 12:14	413	28.4	Fuel	UPI	0
5666	2/4/2023 12:25	371	80.02	Grocery	Debit Card	0
5667	2/4/2023 12:32	344	49.44	Restaurants	Debit Card	0
5668	2/4/2023 12:40	260	19.22	Grocery	UPI	0
5669	2/4/2023 12:47	446	11.04	Fuel	Debit Card	0
5670	2/4/2023 12:47	258	12.58	Fuel	Debit Card	0
5671	2/4/2023 12:53	251	67.04	Grocery	UPI	0
5672	2/4/2023 12:57	76	11.01	Medical	UPI	0
5673	2/4/2023 12:58	212	34.26	Medical	Debit Card	0
5674	2/4/2023 13:03	49	47.95	Electronics	UPI	0
5675	2/4/2023 13:06	133	45.62	Utility Bills	Debit Card	0
5676	2/4/2023 13:07	315	11.87	Fuel	NetBanking	0
5677	2/4/2023 13:09	390	12.94	Utility Bills	UPI	0
5678	2/4/2023 13:13	285	337.24	Travel	Debit Card	0
5679	2/4/2023 13:13	233	55.55	Fashion	Debit Card	0
5680	2/4/2023 13:30	33	24.23	Fashion	NetBanking	0
5681	2/4/2023 13:38	185	50.18	Grocery	Debit Card	0
5682	2/4/2023 13:41	37	19.64	Utility Bills	Credit Card	0
5683	2/4/2023 13:45	443	10.94	Restaurants	Debit Card	0
5684	2/4/2023 13:54	327	19.29	Electronics	Debit Card	0
5685	2/4/2023 13:56	158	53.62	Fuel	NetBanking	0
5686	2/4/2023 14:19	95	80.53	Grocery	NetBanking	0
5687	2/4/2023 14:24	439	43.93	Fashion	Credit Card	0
5688	2/4/2023 14:27	64	23.22	Utility Bills	NetBanking	0
5689	2/4/2023 14:30	330	17.21	Electronics	Credit Card	0
5690	2/4/2023 14:38	369	49.63	Fashion	Credit Card	0
5691	2/4/2023 14:40	315	68.14	Utility Bills	Credit Card	0
5692	2/4/2023 14:40	63	18.85	Fashion	UPI	0
5693	2/4/2023 14:43	93	57.94	Utility Bills	Credit Card	0
5694	2/4/2023 14:58	453	18.49	Travel	Credit Card	0
5695	2/4/2023 15:08	142	25.62	Fuel	Debit Card	0
5696	2/4/2023 15:31	404	27.97	Utility Bills	UPI	0
5697	2/4/2023 15:37	97	16.68	Fashion	UPI	0
5698	2/4/2023 15:40	78	21.24	Fuel	Debit Card	0
5699	2/4/2023 15:47	149	102.54	Fashion	UPI	0
5700	2/4/2023 15:48	231	31.25	Electronics	Credit Card	0
5701	2/4/2023 15:49	60	10	Grocery	NetBanking	0
5702	2/4/2023 15:50	147	47.8	Utility Bills	Debit Card	0
5703	2/4/2023 16:11	468	15.56	Utility Bills	Debit Card	0
5704	2/4/2023 16:12	405	73.22	Fashion	Debit Card	0
5705	2/4/2023 16:15	387	32.98	Electronics	UPI	0
5706	2/4/2023 16:17	109	19.5	Utility Bills	UPI	0
5707	2/4/2023 16:20	428	377.35	Grocery	Credit Card	0
5708	2/4/2023 16:23	165	32.24	Fuel	UPI	0
5709	2/4/2023 16:30	133	30.39	Grocery	UPI	0
5710	2/4/2023 16:30	119	41.66	Utility Bills	NetBanking	0
5711	2/4/2023 16:34	23	12.21	Fuel	Debit Card	0
5712	2/4/2023 16:37	459	108.86	Medical	UPI	0
5713	2/4/2023 16:42	358	18.16	Grocery	Credit Card	0
5714	2/4/2023 16:44	7	48.13	Grocery	UPI	0
5715	2/4/2023 16:54	491	92.42	Electronics	Credit Card	0
5716	2/4/2023 17:04	449	49.37	Utility Bills	NetBanking	0
5717	2/4/2023 17:07	167	51.04	Fashion	UPI	0
5718	2/4/2023 17:13	445	39	Fashion	UPI	0
5719	2/4/2023 17:21	138	25.66	Fashion	UPI	0
5720	2/4/2023 17:31	164	81.25	Utility Bills	UPI	1
5721	2/4/2023 17:31	288	167.94	Travel	UPI	0
5722	2/4/2023 17:36	145	23.96	Electronics	Debit Card	0
5723	2/4/2023 17:37	133	14.33	Utility Bills	UPI	0
5724	2/4/2023 17:38	313	18.63	Restaurants	UPI	0
5725	2/4/2023 17:43	52	94.19	Grocery	Credit Card	0
5726	2/4/2023 17:43	111	12.2	Medical	Credit Card	0
5727	2/4/2023 17:43	162	141.71	Fuel	Debit Card	0
5728	2/4/2023 17:53	8	69.43	Electronics	UPI	0
5729	2/4/2023 17:54	367	25.13	Electronics	Credit Card	0
5730	2/4/2023 18:08	239	242.53	Travel	Debit Card	0
5731	2/4/2023 18:11	304	45.73	Electronics	UPI	0
5732	2/4/2023 18:13	42	42.35	Grocery	Credit Card	0
5733	2/4/2023 18:21	355	33.04	Fuel	UPI	1
5734	2/4/2023 18:26	276	13.48	Electronics	NetBanking	0
5735	2/4/2023 18:29	304	35.29	Restaurants	UPI	0
5736	2/4/2023 18:32	190	14.98	Fashion	Debit Card	0
5737	2/4/2023 18:35	314	32.79	Restaurants	Credit Card	0
5738	2/4/2023 18:36	256	81.87	Electronics	Debit Card	0
5739	2/4/2023 18:37	262	83.12	Electronics	Debit Card	0
5740	2/4/2023 18:38	183	30.77	Electronics	Debit Card	0
5741	2/4/2023 18:40	231	39.8	Fashion	UPI	0
5742	2/4/2023 18:44	489	48.93	Utility Bills	UPI	0
5743	2/4/2023 18:49	77	30.25	Utility Bills	UPI	0
5744	2/4/2023 18:54	148	272.63	Restaurants	UPI	0
5745	2/4/2023 18:55	180	24.42	Fashion	UPI	0
5746	2/4/2023 19:02	7	25.42	Restaurants	Credit Card	0
5747	2/4/2023 19:13	494	39.19	Utility Bills	NetBanking	0
5748	2/4/2023 19:16	395	23.16	Travel	Credit Card	0
5749	2/4/2023 19:21	34	61.17	Utility Bills	Credit Card	0
5750	2/4/2023 19:23	147	36.03	Restaurants	UPI	0
5751	2/4/2023 19:26	147	27.37	Grocery	UPI	0
5752	2/4/2023 19:27	231	102.49	Grocery	Credit Card	0
5753	2/4/2023 19:32	177	13.17	Fuel	UPI	0
5754	2/4/2023 19:40	351	26.72	Medical	UPI	0
5755	2/4/2023 19:44	445	46.78	Fashion	Credit Card	0
5756	2/4/2023 19:49	218	12.73	Restaurants	UPI	0
5757	2/4/2023 19:50	279	26.49	Medical	UPI	0
5758	2/4/2023 19:50	284	122	Travel	Credit Card	0
5759	2/4/2023 19:50	437	98.44	Fashion	NetBanking	0
5760	2/4/2023 19:59	477	16.25	Electronics	UPI	0
5761	2/4/2023 20:00	23	49.98	Grocery	UPI	0
5762	2/4/2023 20:09	270	30.34	Electronics	NetBanking	0
5763	2/4/2023 20:25	282	16.54	Grocery	UPI	0
5764	2/4/2023 20:30	86	10	Grocery	UPI	0
5765	2/4/2023 20:32	108	49.66	Grocery	Debit Card	0
5766	2/4/2023 20:39	453	91.98	Travel	UPI	0
5767	2/4/2023 20:42	265	11.23	Utility Bills	Credit Card	0
5768	2/4/2023 20:50	231	83.13	Grocery	UPI	0
5769	2/4/2023 20:58	459	115.84	Fashion	Credit Card	0
5770	2/4/2023 21:07	233	14.85	Utility Bills	UPI	0
5771	2/4/2023 21:07	26	58.55	Travel	UPI	0
5772	2/4/2023 21:09	180	65.52	Fuel	Debit Card	0
5773	2/4/2023 21:10	433	36.69	Grocery	Credit Card	0
5774	2/4/2023 21:15	78	194.44	Travel	Debit Card	0
5775	2/4/2023 21:18	150	89.07	Medical	Debit Card	0
5776	2/4/2023 21:22	28	12.15	Travel	Debit Card	0
5777	2/4/2023 21:34	293	37.64	Restaurants	NetBanking	0
5778	2/4/2023 21:54	104	15.7	Utility Bills	NetBanking	0
5779	2/4/2023 21:58	203	27.32	Travel	UPI	0
5780	1/10/2023 14:07	110	171.16	Medical	Credit Card	0
5781	2/5/2023 9:00	25	29.47	Medical	UPI	0
5782	2/5/2023 9:04	218	33.75	Fashion	Debit Card	0
5783	2/5/2023 9:04	130	73.97	Restaurants	Debit Card	0
5784	2/5/2023 9:06	4	88.87	Electronics	UPI	0
5785	2/5/2023 9:14	243	45.96	Fashion	UPI	0
5786	2/5/2023 9:15	21	10.85	Medical	Debit Card	0
5787	2/5/2023 9:16	1	24.01	Medical	UPI	0
5788	2/5/2023 9:17	440	27.31	Electronics	UPI	0
5789	2/5/2023 9:23	462	10.33	Grocery	UPI	0
5790	2/5/2023 9:26	204	35.61	Utility Bills	Debit Card	0
5791	2/5/2023 9:27	362	22.72	Restaurants	NetBanking	0
5792	2/5/2023 9:31	124	41.01	Restaurants	UPI	0
5793	2/5/2023 9:34	96	39.96	Grocery	Credit Card	0
5794	2/5/2023 9:36	66	22.53	Restaurants	UPI	0
5795	2/5/2023 9:40	231	24.38	Electronics	Debit Card	0
5796	2/5/2023 9:40	147	32.38	Restaurants	UPI	0
5797	2/5/2023 9:43	89	14.28	Fuel	Credit Card	0
5798	2/5/2023 9:58	365	31	Restaurants	Credit Card	1
5799	2/5/2023 10:02	338	10	Utility Bills	NetBanking	0
5800	2/5/2023 10:07	180	18.42	Grocery	UPI	0
5801	2/5/2023 10:16	147	106.73	Fuel	Credit Card	0
5802	2/5/2023 10:16	76	83.32	Fashion	UPI	0
5803	2/5/2023 10:16	115	48.46	Fashion	NetBanking	0
5804	2/5/2023 10:20	7	288.76	Fuel	UPI	0
5805	2/5/2023 10:22	341	19.23	Grocery	UPI	0
5806	2/5/2023 10:22	282	217.04	Medical	UPI	0
5807	2/5/2023 10:23	108	61.55	Medical	UPI	0
5808	2/5/2023 10:25	233	19.25	Grocery	UPI	0
5809	2/5/2023 10:28	243	32.1	Utility Bills	Credit Card	0
5810	2/5/2023 10:30	142	17.5	Fuel	UPI	0
5811	2/5/2023 10:30	147	32.81	Medical	Credit Card	0
5812	2/5/2023 10:39	446	78.87	Travel	UPI	0
5813	2/5/2023 10:40	72	121.77	Electronics	Credit Card	0
5814	2/5/2023 10:43	233	23.35	Medical	Credit Card	0
5815	2/5/2023 10:49	477	47.16	Fashion	Credit Card	0
5816	2/5/2023 11:00	302	173.56	Electronics	Credit Card	0
5817	2/5/2023 11:07	92	11.39	Medical	NetBanking	0
5818	2/5/2023 11:09	15	28.88	Fashion	UPI	0
5819	2/5/2023 11:09	55	30.81	Fuel	Debit Card	0
5820	2/5/2023 11:12	373	50.27	Electronics	Debit Card	0
5821	2/5/2023 11:18	478	40.85	Fashion	Credit Card	0
5822	2/5/2023 11:19	41	117.68	Medical	Debit Card	0
5823	2/5/2023 11:21	28	73.03	Medical	Debit Card	0
5824	2/5/2023 11:32	489	40.05	Medical	NetBanking	0
5825	2/5/2023 11:32	330	91.93	Restaurants	Credit Card	0
5826	2/1/2023 14:39	120	48.22	Grocery	Debit Card	0
5827	2/5/2023 11:36	445	67.42	Fuel	Debit Card	0
5828	2/5/2023 11:40	61	68.7	Fashion	NetBanking	0
5829	2/5/2023 11:46	208	10	Fuel	Debit Card	0
5830	2/5/2023 11:49	197	110.84	Restaurants	UPI	0
5831	2/5/2023 11:59	147	45.76	Electronics	Debit Card	0
5832	2/5/2023 12:01	291	93.69	Restaurants	Debit Card	0
5833	2/5/2023 12:04	233	199.34	Utility Bills	Credit Card	0
5834	2/5/2023 12:11	201	20.95	Fashion	UPI	0
5835	2/5/2023 12:15	158	26.06	Grocery	UPI	0
5836	2/5/2023 12:15	174	88.1	Travel	Debit Card	0
5837	2/5/2023 12:15	327	13.22	Grocery	Debit Card	0
5838	2/5/2023 12:17	89	39.3	Fuel	Debit Card	0
5839	2/5/2023 12:23	147	12.53	Medical	Debit Card	0
5840	2/5/2023 12:30	440	16.7	Fuel	UPI	0
5841	2/5/2023 12:31	38	12.7	Fashion	Debit Card	0
5842	2/5/2023 12:33	166	12.71	Fashion	UPI	0
5843	2/5/2023 12:38	134	71.43	Fashion	Debit Card	0
5844	2/5/2023 12:41	108	18.46	Restaurants	Credit Card	0
5845	2/5/2023 12:44	34	358.29	Electronics	UPI	0
5846	2/5/2023 12:47	145	16.34	Restaurants	UPI	0
5847	2/5/2023 13:00	122	12.78	Grocery	Debit Card	0
5848	2/5/2023 13:04	132	144.9	Restaurants	Debit Card	0
5849	2/5/2023 13:08	240	46.5	Restaurants	Credit Card	0
5850	2/5/2023 13:09	416	35.08	Fuel	UPI	0
5851	2/5/2023 13:16	72	54.33	Utility Bills	UPI	0
5852	2/5/2023 13:19	122	10.3	Utility Bills	UPI	0
5853	2/5/2023 13:20	247	62.27	Medical	UPI	0
5854	2/5/2023 13:21	288	56.2	Medical	NetBanking	0
5855	2/5/2023 13:37	23	29.21	Medical	UPI	0
5856	2/5/2023 13:38	62	139.3	Utility Bills	NetBanking	0
5857	2/5/2023 13:49	15	20.65	Utility Bills	Credit Card	0
5858	2/5/2023 13:53	326	14.77	Restaurants	Credit Card	0
5859	2/5/2023 13:58	358	13.83	Restaurants	UPI	0
5860	2/5/2023 14:02	7	29.48	Grocery	NetBanking	0
5861	2/5/2023 14:10	240	17.11	Utility Bills	UPI	0
5862	2/5/2023 14:20	411	80.59	Grocery	UPI	0
5863	2/5/2023 14:21	445	50.74	Grocery	NetBanking	0
5864	2/5/2023 14:22	25	38.26	Restaurants	UPI	0
5865	2/5/2023 14:23	22	75.67	Fashion	UPI	0
5866	2/5/2023 14:27	179	47.1	Grocery	NetBanking	0
5867	2/5/2023 14:27	28	10.83	Restaurants	Debit Card	0
5868	2/5/2023 14:28	287	30.77	Restaurants	Debit Card	0
5869	2/5/2023 14:32	333	27.48	Utility Bills	Credit Card	0
5870	2/5/2023 14:35	420	43.32	Restaurants	UPI	0
5871	2/5/2023 14:50	147	46.07	Grocery	Debit Card	0
5872	2/5/2023 14:52	68	44.5	Medical	UPI	0
5873	2/5/2023 14:54	449	15.24	Restaurants	UPI	0
5874	2/5/2023 14:56	445	10.73	Utility Bills	Credit Card	0
5875	2/5/2023 15:05	305	22.8	Fashion	Debit Card	0
5876	2/5/2023 15:06	72	51.25	Medical	Credit Card	0
5877	2/5/2023 15:07	147	23.71	Fashion	Debit Card	0
5878	2/5/2023 15:11	164	33.23	Medical	Credit Card	0
5879	2/5/2023 15:12	9	165.37	Medical	Credit Card	0
5880	2/5/2023 15:17	7	97.92	Restaurants	UPI	0
5881	2/5/2023 15:21	165	33.82	Utility Bills	UPI	0
5882	2/5/2023 15:24	23	21.13	Grocery	UPI	0
5883	2/5/2023 15:26	427	25.6	Grocery	UPI	0
5884	2/5/2023 15:26	66	11.13	Fuel	UPI	0
5885	2/5/2023 15:28	225	42.08	Grocery	Debit Card	0
5886	2/5/2023 15:31	7	38.38	Grocery	UPI	0
5887	2/5/2023 15:32	427	10	Restaurants	UPI	0
5888	2/5/2023 15:32	216	126.97	Grocery	Debit Card	0
5889	2/5/2023 15:34	270	41.15	Utility Bills	Debit Card	0
5890	2/5/2023 15:35	341	38.34	Grocery	NetBanking	0
5891	2/5/2023 15:36	116	76.97	Electronics	UPI	0
5892	2/5/2023 15:38	401	35.69	Fashion	Debit Card	0
5893	2/5/2023 15:39	256	27	Medical	UPI	0
5894	2/5/2023 15:42	150	73.86	Utility Bills	Credit Card	0
5895	2/5/2023 15:45	356	38.43	Travel	NetBanking	0
5896	2/5/2023 15:46	42	11.99	Utility Bills	UPI	0
5897	2/5/2023 15:53	178	62.95	Grocery	Credit Card	0
5898	2/5/2023 15:53	55	52.95	Medical	NetBanking	0
5899	2/5/2023 15:56	181	126.82	Utility Bills	UPI	0
5900	2/5/2023 15:56	72	73.26	Restaurants	UPI	0
5901	2/5/2023 15:56	201	93.62	Grocery	Credit Card	0
5902	2/5/2023 16:00	119	18.76	Restaurants	UPI	0
5903	2/5/2023 16:05	153	35.26	Restaurants	UPI	0
5904	2/5/2023 16:07	148	50.52	Restaurants	Debit Card	0
5905	2/5/2023 16:11	58	25.09	Electronics	NetBanking	0
5906	2/5/2023 16:11	406	30.78	Fashion	NetBanking	0
5907	2/5/2023 16:11	422	12.18	Restaurants	UPI	1
5908	2/5/2023 16:16	491	10.44	Utility Bills	UPI	0
5909	2/5/2023 16:17	220	14.59	Restaurants	UPI	0
5910	2/5/2023 16:18	274	75	Travel	UPI	0
5911	2/5/2023 16:20	139	17.75	Restaurants	UPI	0
5912	2/5/2023 16:24	72	16.87	Grocery	UPI	0
5913	2/5/2023 16:24	259	19.99	Utility Bills	Debit Card	0
5914	2/5/2023 16:27	233	22.32	Utility Bills	Credit Card	0
5915	2/5/2023 16:27	250	32.29	Restaurants	UPI	0
5916	2/5/2023 16:27	448	28.66	Grocery	Credit Card	0
5917	2/5/2023 16:30	38	54.72	Electronics	Debit Card	0
5918	2/5/2023 16:32	379	98.61	Utility Bills	UPI	0
5919	2/5/2023 16:35	240	14.79	Fashion	Debit Card	0
5920	2/5/2023 16:41	231	21.37	Restaurants	Credit Card	0
5921	2/5/2023 16:47	303	84.9	Fashion	UPI	0
5922	2/5/2023 16:50	217	24.17	Electronics	UPI	0
5923	2/5/2023 16:52	150	75.29	Fashion	UPI	0
5924	2/5/2023 16:54	149	75.43	Electronics	Credit Card	0
5925	2/5/2023 16:54	256	35.44	Electronics	UPI	0
5926	2/5/2023 16:54	85	13.46	Grocery	Debit Card	0
5927	2/5/2023 16:56	139	26.54	Medical	NetBanking	0
5928	2/5/2023 16:56	481	38.22	Fashion	Debit Card	0
5929	2/5/2023 17:03	329	35.18	Utility Bills	UPI	0
5930	2/5/2023 17:04	400	168.41	Electronics	Debit Card	0
5931	2/5/2023 17:04	9	31.91	Medical	Debit Card	0
5932	2/5/2023 17:05	248	36.75	Utility Bills	Credit Card	0
5933	2/5/2023 17:08	215	14.57	Grocery	UPI	0
5934	2/5/2023 17:08	70	24.89	Utility Bills	Credit Card	0
5935	2/5/2023 17:09	467	17.28	Restaurants	UPI	0
5936	2/5/2023 17:14	320	51.78	Utility Bills	NetBanking	0
5937	2/5/2023 17:16	147	21.98	Medical	Credit Card	0
5938	2/5/2023 17:18	437	52.42	Fuel	UPI	0
5939	2/5/2023 17:22	52	49.21	Fashion	Debit Card	0
5940	2/5/2023 17:26	35	18.79	Electronics	Debit Card	0
5941	2/5/2023 17:27	51	135.74	Utility Bills	Credit Card	0
5942	2/5/2023 17:32	402	15.28	Utility Bills	Credit Card	0
5943	2/5/2023 17:32	275	14.86	Fashion	Credit Card	0
5944	2/5/2023 17:33	422	42.27	Grocery	Debit Card	0
5945	2/5/2023 17:33	290	48.35	Travel	NetBanking	0
5946	2/5/2023 17:36	71	10	Grocery	Credit Card	0
5947	2/5/2023 17:37	424	33.8	Grocery	UPI	0
5948	2/5/2023 17:47	189	16.3	Medical	Credit Card	0
5949	2/5/2023 17:52	166	224.8	Medical	Debit Card	0
5950	2/5/2023 17:59	295	30.17	Electronics	Debit Card	0
5951	2/5/2023 17:59	38	13.49	Utility Bills	UPI	0
5952	2/5/2023 18:03	379	10.62	Grocery	Credit Card	0
5953	2/5/2023 18:03	415	43.09	Fashion	UPI	0
5954	2/5/2023 18:05	487	20.04	Utility Bills	UPI	0
5955	2/5/2023 18:06	302	59.71	Grocery	Credit Card	0
5956	2/5/2023 18:07	240	77.41	Travel	NetBanking	0
5957	2/5/2023 18:07	228	89.32	Travel	NetBanking	0
5958	2/5/2023 18:07	7	43.84	Utility Bills	UPI	0
5959	2/5/2023 18:13	115	78.35	Fashion	Credit Card	0
5960	2/5/2023 18:14	147	48.74	Utility Bills	UPI	0
5961	2/5/2023 18:14	288	63.91	Travel	NetBanking	0
5962	2/5/2023 18:20	147	43.64	Grocery	Credit Card	0
5963	2/5/2023 18:27	254	14.78	Fuel	Credit Card	0
5964	2/5/2023 18:29	91	84.46	Fashion	UPI	0
5965	2/5/2023 18:30	264	12.57	Medical	UPI	0
5966	2/5/2023 18:32	223	60.38	Travel	Credit Card	0
5967	2/5/2023 18:32	154	30.88	Fuel	UPI	0
5968	2/5/2023 18:37	393	10.56	Utility Bills	UPI	0
5969	2/5/2023 18:37	49	64.85	Grocery	Credit Card	0
5970	2/5/2023 18:39	186	18.59	Travel	Credit Card	0
5971	2/5/2023 18:43	247	11.01	Grocery	Credit Card	0
5972	2/5/2023 18:43	189	42.55	Grocery	UPI	0
5973	2/5/2023 18:44	285	39.21	Grocery	Debit Card	0
5974	2/5/2023 18:44	133	13.86	Travel	Debit Card	0
5975	2/5/2023 18:45	258	13.93	Travel	Debit Card	0
5976	2/5/2023 18:45	435	143.52	Travel	UPI	0
5977	2/5/2023 18:46	9	40.45	Restaurants	NetBanking	0
5978	2/5/2023 18:46	70	36.77	Electronics	UPI	0
5979	2/5/2023 18:57	391	70.31	Restaurants	UPI	0
5980	2/5/2023 18:58	222	26.86	Restaurants	Credit Card	0
5981	2/5/2023 19:05	7	97.82	Restaurants	UPI	0
5982	2/5/2023 19:07	453	132.39	Restaurants	Credit Card	0
5983	2/5/2023 19:08	298	16	Electronics	UPI	0
5984	2/5/2023 19:09	178	169.63	Utility Bills	Debit Card	1
5985	2/5/2023 19:11	231	83.81	Medical	NetBanking	0
5986	2/5/2023 19:15	81	54.95	Utility Bills	Credit Card	0
5987	2/5/2023 19:16	13	70.76	Travel	UPI	0
5988	2/5/2023 19:18	231	10	Fuel	UPI	0
5989	2/5/2023 19:20	366	79.98	Grocery	Credit Card	0
5990	2/5/2023 19:26	147	14.69	Fuel	UPI	0
5991	2/5/2023 19:27	197	11.9	Fuel	Credit Card	0
5992	2/5/2023 19:29	72	26.62	Fuel	UPI	0
5993	2/5/2023 19:35	108	148	Grocery	NetBanking	0
5994	2/5/2023 19:37	9	153.78	Fuel	NetBanking	0
5995	2/5/2023 19:38	394	11.61	Medical	Credit Card	0
5996	2/5/2023 19:39	165	159.99	Fuel	Debit Card	0
5997	2/5/2023 19:41	15	40.58	Electronics	UPI	0
5998	2/5/2023 19:43	481	40.9	Medical	Credit Card	0
5999	2/5/2023 19:45	372	137.17	Utility Bills	UPI	0
6000	2/5/2023 19:47	96	17.73	Fuel	Debit Card	0
6001	2/5/2023 19:55	85	13.48	Travel	Credit Card	0
6002	2/5/2023 19:58	203	43	Electronics	UPI	0
6003	2/5/2023 19:58	302	34.23	Fashion	UPI	0
6004	2/5/2023 19:58	313	11.58	Medical	UPI	0
6005	2/5/2023 20:03	423	75.8	Restaurants	UPI	0
6006	2/5/2023 20:07	147	100.66	Grocery	UPI	0
6007	2/5/2023 20:08	342	10	Grocery	NetBanking	0
6008	2/5/2023 20:10	428	38.18	Travel	NetBanking	0
6009	2/5/2023 20:14	50	69.52	Medical	NetBanking	0
6010	2/5/2023 20:16	78	26.86	Grocery	Debit Card	0
6011	2/5/2023 20:20	150	32.55	Grocery	UPI	0
6012	2/5/2023 20:22	170	34.61	Medical	UPI	0
6013	2/5/2023 20:24	67	47.75	Utility Bills	NetBanking	0
6014	2/5/2023 20:24	187	174.85	Fuel	UPI	0
6015	2/5/2023 20:26	108	23.23	Grocery	Credit Card	0
6016	2/5/2023 20:27	133	13.24	Travel	Credit Card	0
6017	2/5/2023 20:30	292	68.66	Utility Bills	UPI	0
6018	2/5/2023 20:34	220	41.97	Fashion	Credit Card	0
6019	2/5/2023 20:37	341	17.58	Grocery	Credit Card	0
6020	2/5/2023 20:37	479	38.02	Restaurants	UPI	0
6021	2/5/2023 20:38	420	18.07	Medical	UPI	0
6022	2/5/2023 20:42	381	30.03	Utility Bills	Debit Card	0
6023	2/5/2023 20:44	85	229.87	Utility Bills	Credit Card	0
6024	2/5/2023 20:45	323	44.58	Grocery	UPI	0
6025	2/5/2023 20:47	165	13.57	Fashion	Credit Card	0
6026	2/5/2023 20:48	130	36.42	Utility Bills	UPI	0
6027	2/5/2023 20:51	443	11.18	Grocery	Credit Card	0
6028	2/5/2023 20:54	482	13.89	Grocery	UPI	0
6029	2/5/2023 20:57	359	28.19	Travel	Credit Card	0
6030	2/5/2023 20:59	189	35.2	Electronics	NetBanking	0
6031	2/5/2023 21:00	494	51.4	Grocery	Debit Card	0
6032	2/5/2023 21:01	393	53.89	Electronics	Debit Card	0
6033	2/5/2023 21:02	499	14.18	Medical	UPI	0
6034	2/5/2023 21:04	276	20.51	Travel	UPI	0
6035	2/5/2023 21:06	267	54.11	Grocery	Credit Card	0
6036	2/5/2023 21:12	273	153.83	Grocery	Credit Card	0
6037	2/5/2023 21:13	387	107.52	Utility Bills	UPI	0
6038	2/5/2023 21:13	223	11.21	Electronics	NetBanking	0
6039	2/5/2023 21:18	78	74.49	Medical	Debit Card	0
6040	2/5/2023 21:21	72	130.28	Fashion	Credit Card	0
6041	2/5/2023 21:24	145	29.62	Utility Bills	Credit Card	0
6042	2/5/2023 21:30	24	44.33	Grocery	Debit Card	0
6043	2/5/2023 21:30	371	51.69	Electronics	UPI	0
6044	2/5/2023 21:35	258	48.81	Grocery	Credit Card	0
6045	2/5/2023 21:41	130	30.04	Medical	UPI	0
6046	2/5/2023 21:41	396	12.3	Fashion	Credit Card	0
6047	2/5/2023 21:43	375	25.7	Utility Bills	UPI	0
6048	2/5/2023 21:45	130	120.23	Medical	UPI	0
6049	2/5/2023 21:50	89	83.9	Restaurants	Debit Card	0
6050	2/5/2023 21:50	138	21.42	Restaurants	Debit Card	0
6051	2/5/2023 21:52	417	38.88	Fuel	Debit Card	0
6052	2/5/2023 21:55	102	22.83	Restaurants	UPI	0
6053	2/5/2023 21:56	49	19.6	Grocery	UPI	0
6054	2/5/2023 21:57	139	40.85	Utility Bills	Credit Card	0
6055	2/6/2023 9:11	224	81.04	Restaurants	Debit Card	0
6056	2/6/2023 9:13	392	11.08	Fuel	Credit Card	0
6057	2/6/2023 9:18	9	13.54	Grocery	NetBanking	0
6058	2/6/2023 9:18	295	28.85	Medical	Credit Card	0
6059	2/6/2023 9:25	150	13.77	Utility Bills	UPI	0
6060	2/6/2023 9:27	145	35.21	Grocery	NetBanking	0
6061	2/6/2023 9:42	89	21.6	Restaurants	UPI	0
6062	2/6/2023 9:54	147	24.82	Grocery	UPI	0
6063	2/6/2023 10:01	494	34	Electronics	UPI	0
6064	2/6/2023 10:10	25	92.59	Electronics	Credit Card	0
6065	2/6/2023 10:13	243	33.08	Electronics	Credit Card	0
6066	2/6/2023 10:19	290	118.33	Electronics	Credit Card	0
6067	2/6/2023 10:36	85	84.09	Travel	Debit Card	0
6068	2/6/2023 10:41	481	46.58	Grocery	Debit Card	0
6069	2/6/2023 10:43	60	160.46	Electronics	UPI	0
6070	2/6/2023 11:10	341	34.46	Grocery	Credit Card	0
6071	2/6/2023 11:13	224	99.23	Fuel	UPI	0
6072	2/6/2023 11:25	351	55.99	Fashion	UPI	0
6073	2/6/2023 11:26	177	33.28	Restaurants	UPI	0
6074	2/6/2023 11:40	109	127.92	Grocery	NetBanking	0
6075	2/6/2023 11:46	255	236.92	Fashion	Debit Card	0
6076	2/6/2023 11:54	373	137.84	Travel	NetBanking	0
6077	2/6/2023 12:04	373	16.65	Medical	Credit Card	0
6078	2/6/2023 12:08	426	61.48	Fuel	Debit Card	0
6079	2/6/2023 12:11	7	39.83	Utility Bills	UPI	0
6080	2/6/2023 12:19	268	35.91	Grocery	Credit Card	0
6081	2/6/2023 12:21	234	62.55	Medical	UPI	0
6082	2/6/2023 12:23	355	45.65	Travel	UPI	0
6083	2/6/2023 12:32	156	42.61	Electronics	UPI	0
6084	2/6/2023 12:44	393	13.23	Restaurants	Credit Card	0
6085	2/6/2023 13:02	210	77.29	Fashion	NetBanking	0
6086	2/6/2023 13:07	119	76.13	Fashion	UPI	0
6087	2/6/2023 13:09	138	57.45	Fuel	Credit Card	0
6088	2/6/2023 13:17	190	55.69	Restaurants	UPI	0
6089	2/6/2023 13:19	145	31.69	Grocery	Debit Card	0
6090	2/6/2023 13:33	282	49.75	Utility Bills	UPI	0
6091	2/6/2023 13:51	415	31.37	Restaurants	UPI	0
6092	2/6/2023 14:09	196	11.05	Fashion	UPI	0
6093	2/6/2023 14:17	281	37.99	Restaurants	UPI	0
6094	2/6/2023 14:21	363	62.88	Medical	Debit Card	0
6095	2/6/2023 14:21	424	25.5	Fuel	UPI	0
6096	2/6/2023 14:26	85	238.38	Fashion	Credit Card	0
6097	2/6/2023 14:27	365	32.35	Fuel	UPI	0
6098	2/6/2023 14:34	256	40.91	Electronics	Credit Card	0
6099	2/6/2023 14:50	369	24.6	Electronics	UPI	0
6100	2/6/2023 14:55	45	27.44	Electronics	UPI	0
6101	2/6/2023 14:59	240	25.85	Utility Bills	UPI	0
6102	2/6/2023 15:01	218	30.2	Medical	Debit Card	0
6103	2/6/2023 15:03	51	36.29	Fashion	Credit Card	0
6104	2/6/2023 15:05	177	44.12	Fashion	NetBanking	0
6105	2/6/2023 15:11	14	20.97	Grocery	Debit Card	0
6106	2/6/2023 15:14	164	90.75	Restaurants	NetBanking	0
6107	2/6/2023 15:14	156	34.88	Fashion	UPI	0
6108	2/6/2023 15:15	290	73	Restaurants	UPI	0
6109	2/6/2023 15:22	286	10	Restaurants	UPI	0
6110	2/6/2023 15:23	244	61.37	Fashion	Debit Card	0
6111	2/6/2023 15:24	215	12.52	Utility Bills	Debit Card	0
6112	2/6/2023 15:31	231	53.11	Grocery	NetBanking	0
6113	2/6/2023 16:01	435	67.37	Fashion	UPI	0
6114	2/6/2023 16:02	473	79.6	Utility Bills	UPI	0
6115	2/6/2023 16:06	22	10.13	Restaurants	Credit Card	0
6116	2/6/2023 16:08	366	19.63	Utility Bills	UPI	0
6117	2/6/2023 16:10	119	80.19	Medical	UPI	0
6118	2/6/2023 16:10	367	39.55	Fuel	Credit Card	0
6119	2/6/2023 16:18	90	12.86	Electronics	UPI	0
6120	2/6/2023 16:42	91	16.4	Medical	UPI	0
6121	2/6/2023 16:44	92	61.72	Medical	UPI	0
6122	2/6/2023 16:46	42	13.27	Medical	UPI	0
6123	2/6/2023 16:49	218	34.76	Travel	Credit Card	0
6124	2/6/2023 16:49	208	78.74	Utility Bills	Credit Card	0
6125	2/6/2023 16:51	369	10.96	Fashion	UPI	0
6126	2/6/2023 16:52	116	25.05	Electronics	NetBanking	0
6127	2/6/2023 16:55	322	22.59	Restaurants	Debit Card	0
6128	2/6/2023 17:05	364	15.71	Grocery	UPI	0
6129	2/1/2023 11:50	63	23.4	Restaurants	Debit Card	0
6130	2/6/2023 17:12	285	30.55	Medical	Credit Card	0
6131	2/6/2023 17:23	130	31.36	Utility Bills	Credit Card	0
6132	2/6/2023 17:25	132	101.68	Grocery	Debit Card	0
6133	2/6/2023 17:26	371	58.23	Medical	Credit Card	0
6134	2/6/2023 17:28	187	261.47	Fashion	UPI	0
6135	2/6/2023 17:41	375	16.97	Fashion	UPI	0
6136	2/6/2023 18:01	471	30.45	Travel	Debit Card	0
6137	2/6/2023 18:07	444	22.27	Fuel	Credit Card	0
6138	2/6/2023 18:07	313	40.04	Restaurants	Debit Card	0
6139	2/6/2023 18:08	355	146.06	Medical	Credit Card	0
6140	2/6/2023 18:12	231	102.95	Grocery	UPI	0
6141	2/6/2023 18:30	341	31.77	Grocery	Credit Card	0
6142	2/6/2023 18:35	228	13.66	Travel	UPI	0
6143	2/6/2023 18:36	147	19.67	Medical	Debit Card	0
6144	2/6/2023 18:37	428	27.12	Medical	Credit Card	0
6145	2/6/2023 18:37	446	51.09	Electronics	Debit Card	0
6146	2/6/2023 18:40	54	14.49	Medical	UPI	0
6147	1/13/2023 10:14	374	29.19	Electronics	UPI	0
6148	2/6/2023 18:47	314	39.65	Grocery	UPI	0
6149	2/6/2023 18:59	147	67.4	Electronics	Credit Card	0
6150	2/6/2023 19:02	262	20.04	Restaurants	NetBanking	0
6151	2/6/2023 19:07	243	89.17	Travel	UPI	0
6152	2/6/2023 19:12	305	50.66	Electronics	Debit Card	0
6153	2/6/2023 19:14	131	357.43	Medical	NetBanking	0
6154	2/6/2023 19:28	186	19.97	Grocery	UPI	0
6155	2/6/2023 19:32	145	13.42	Electronics	Debit Card	0
6156	2/6/2023 19:33	218	51.43	Travel	UPI	0
6157	2/6/2023 19:44	396	104.44	Fashion	Credit Card	0
6158	2/6/2023 19:50	233	20.48	Restaurants	UPI	0
6159	2/6/2023 19:58	287	42.23	Utility Bills	UPI	0
6160	2/6/2023 20:07	298	14.46	Fashion	UPI	0
6161	2/6/2023 20:12	100	124.33	Fashion	Credit Card	0
6162	2/6/2023 20:18	402	122.26	Fashion	UPI	0
6163	2/6/2023 20:20	79	229.22	Fuel	Debit Card	0
6164	2/6/2023 20:20	96	13.5	Grocery	UPI	0
6165	2/6/2023 20:29	441	31.97	Travel	UPI	0
6166	2/6/2023 20:37	92	55.52	Fashion	UPI	0
6167	2/6/2023 20:42	420	240.44	Fashion	Credit Card	0
6168	2/6/2023 20:42	28	115.75	Travel	UPI	0
6169	2/6/2023 20:42	338	15.39	Travel	Credit Card	0
6170	2/6/2023 20:43	402	233.93	Medical	UPI	0
6171	2/6/2023 20:54	138	91.93	Electronics	UPI	0
6172	2/6/2023 20:55	7	39.53	Medical	UPI	0
6173	2/6/2023 20:56	72	27.64	Utility Bills	Debit Card	0
6174	2/6/2023 21:03	224	83.8	Utility Bills	NetBanking	0
6175	2/6/2023 21:06	240	20.9	Fashion	Debit Card	0
6176	2/6/2023 21:23	494	162.33	Restaurants	Credit Card	0
6177	2/6/2023 21:46	469	74.49	Grocery	Credit Card	0
6178	2/6/2023 21:46	428	51.62	Fashion	UPI	0
6179	2/6/2023 21:46	54	35.19	Medical	UPI	0
6180	2/6/2023 21:50	393	12.71	Restaurants	UPI	0
6181	2/6/2023 21:58	250	36.66	Utility Bills	UPI	0
6182	2/6/2023 21:58	7	10.28	Utility Bills	Credit Card	0
6183	2/6/2023 21:59	362	93.43	Grocery	UPI	0
6184	2/6/2023 21:59	72	86.4	Fashion	Debit Card	0
6185	2/7/2023 9:13	293	144.14	Grocery	UPI	0
6186	2/7/2023 9:13	332	40.2	Utility Bills	Credit Card	0
6187	2/7/2023 9:23	313	56.07	Utility Bills	Debit Card	0
6188	2/7/2023 9:23	102	10	Grocery	Credit Card	0
6189	2/7/2023 9:31	26	50.22	Restaurants	UPI	0
6190	1/19/2023 14:03	419	46.58	Medical	Debit Card	0
6191	2/7/2023 9:42	218	20.18	Electronics	UPI	0
6192	2/7/2023 9:44	432	19.08	Utility Bills	UPI	0
6193	2/7/2023 9:45	366	55.43	Fashion	Credit Card	0
6194	2/7/2023 9:47	227	26.26	Medical	NetBanking	0
6195	2/7/2023 10:01	272	14.74	Restaurants	UPI	0
6196	2/7/2023 10:10	51	81.3	Fuel	Debit Card	0
6197	2/7/2023 10:13	156	92.93	Fashion	UPI	0
6198	2/7/2023 10:14	202	14.81	Utility Bills	UPI	0
6199	2/7/2023 10:15	233	11.94	Grocery	NetBanking	0
6200	2/7/2023 10:27	313	14.56	Grocery	Credit Card	0
6201	2/7/2023 10:27	217	38.87	Grocery	Debit Card	0
6202	2/7/2023 10:28	5	24.83	Grocery	UPI	0
6203	2/7/2023 10:28	137	262.88	Fashion	UPI	0
6204	2/7/2023 10:47	276	62.91	Medical	UPI	0
6205	2/7/2023 10:48	20	57.55	Grocery	Credit Card	0
6206	2/7/2023 10:49	276	54.53	Restaurants	NetBanking	0
6207	2/7/2023 11:07	166	22.97	Travel	UPI	0
6208	2/7/2023 11:11	349	69.98	Restaurants	Credit Card	0
6209	2/7/2023 11:19	42	79.8	Electronics	UPI	0
6210	2/7/2023 11:21	231	14.22	Fashion	Credit Card	0
6211	2/7/2023 11:22	187	94.08	Medical	UPI	0
6212	2/7/2023 11:22	307	52.3	Grocery	UPI	0
6213	2/7/2023 11:38	443	18.52	Travel	UPI	0
6214	2/7/2023 11:42	351	75.27	Restaurants	UPI	0
6215	2/7/2023 11:48	312	44.17	Travel	UPI	0
6216	2/7/2023 11:51	424	31.64	Fuel	Credit Card	0
6217	2/7/2023 11:57	154	46.24	Fashion	NetBanking	0
6218	2/7/2023 12:13	382	61.04	Restaurants	Credit Card	0
6219	2/7/2023 12:13	396	26.42	Grocery	NetBanking	0
6220	2/7/2023 12:24	15	56.79	Restaurants	UPI	0
6221	2/7/2023 12:25	443	39.76	Fashion	Debit Card	0
6222	2/7/2023 12:28	1	121.99	Travel	NetBanking	0
6223	2/7/2023 12:37	214	54.98	Electronics	Credit Card	0
6224	2/7/2023 12:42	375	11.08	Restaurants	UPI	0
6225	2/7/2023 12:47	240	20.94	Medical	UPI	0
6226	2/7/2023 12:53	250	28.02	Grocery	Debit Card	0
6227	2/7/2023 12:56	109	35.8	Restaurants	Debit Card	0
6228	2/7/2023 12:57	295	61.39	Fashion	UPI	0
6229	2/7/2023 12:59	443	23.67	Restaurants	NetBanking	0
6230	2/7/2023 13:06	7	37.33	Fuel	Credit Card	0
6231	2/7/2023 13:07	59	38.24	Grocery	NetBanking	0
6232	2/7/2023 13:08	72	34.11	Medical	UPI	0
6233	2/7/2023 13:10	273	47.58	Grocery	UPI	0
6234	2/7/2023 13:12	275	29.02	Medical	UPI	0
6235	2/7/2023 13:16	117	42.38	Restaurants	NetBanking	0
6236	2/7/2023 13:23	250	121.42	Medical	UPI	0
6237	2/7/2023 13:25	413	29.48	Electronics	Debit Card	0
6238	2/7/2023 13:33	459	16.75	Fuel	NetBanking	0
6239	2/7/2023 13:37	54	39.82	Medical	UPI	0
6240	2/7/2023 13:49	7	15.63	Grocery	UPI	0
6241	2/7/2023 13:50	293	21.98	Fashion	Debit Card	0
6242	2/7/2023 13:52	72	19.53	Fashion	UPI	0
6243	2/7/2023 13:54	166	19.61	Electronics	UPI	0
6244	2/7/2023 14:01	77	120.32	Utility Bills	UPI	0
6245	2/7/2023 14:18	81	340.81	Medical	NetBanking	0
6246	2/7/2023 14:30	276	128.51	Travel	UPI	0
6247	2/7/2023 14:32	291	10	Grocery	Debit Card	0
6248	2/7/2023 14:35	161	81.44	Grocery	Debit Card	0
6249	2/7/2023 14:36	54	38.09	Electronics	UPI	0
6250	2/7/2023 14:57	241	75.38	Grocery	UPI	0
6251	2/7/2023 15:04	328	11.38	Utility Bills	UPI	0
6252	2/7/2023 15:05	118	17.08	Restaurants	UPI	0
6253	2/7/2023 15:10	265	40.67	Grocery	Credit Card	0
6254	2/7/2023 15:12	460	58.36	Utility Bills	Debit Card	0
6255	2/7/2023 15:14	51	144.95	Restaurants	UPI	0
6256	2/7/2023 15:17	62	20.99	Medical	Credit Card	0
6257	2/7/2023 15:19	262	26.3	Electronics	UPI	0
6258	2/7/2023 15:23	181	78.84	Utility Bills	Credit Card	0
6259	2/7/2023 15:28	147	26.29	Travel	UPI	0
6260	2/7/2023 15:32	92	26.29	Utility Bills	UPI	0
6261	2/7/2023 15:34	387	22.67	Fuel	Debit Card	0
6262	2/7/2023 15:38	119	19.6	Grocery	Credit Card	0
6263	2/7/2023 15:45	189	70.98	Travel	Debit Card	0
6264	2/7/2023 16:10	290	72.33	Fashion	UPI	0
6265	2/7/2023 16:10	46	35.19	Utility Bills	Debit Card	0
6266	2/7/2023 16:13	477	78.08	Grocery	Credit Card	0
6267	2/7/2023 16:22	93	190.03	Grocery	NetBanking	0
6268	2/7/2023 16:26	124	21.55	Fashion	UPI	0
6269	2/7/2023 16:34	9	35.19	Grocery	UPI	0
6270	2/7/2023 16:36	262	15.71	Electronics	UPI	0
6271	2/7/2023 16:36	304	65.72	Grocery	UPI	0
6272	2/7/2023 16:37	332	12.38	Medical	Credit Card	0
6273	2/26/2023 9:20	247	90.14	Fuel	UPI	0
6274	2/7/2023 16:43	314	41.39	Grocery	Debit Card	0
6275	2/7/2023 16:44	231	10.99	Fashion	Credit Card	0
6276	2/7/2023 16:44	250	33.93	Grocery	UPI	0
6277	2/7/2023 16:46	108	151.05	Fashion	Debit Card	0
6278	2/7/2023 16:52	440	46.56	Fashion	Credit Card	0
6279	2/7/2023 16:56	481	36.66	Travel	UPI	0
6280	2/7/2023 16:58	137	23.49	Medical	Credit Card	0
6281	2/7/2023 17:03	351	23.56	Utility Bills	UPI	0
6282	2/7/2023 17:04	7	56.62	Grocery	UPI	0
6283	2/7/2023 17:06	388	285.48	Medical	Credit Card	0
6284	2/7/2023 17:09	108	17.06	Restaurants	UPI	0
6285	2/7/2023 17:11	41	36.27	Electronics	Debit Card	0
6286	2/7/2023 17:12	30	55.71	Travel	UPI	0
6287	2/7/2023 17:14	285	10	Grocery	Debit Card	0
6288	2/7/2023 17:19	208	30.02	Grocery	UPI	0
6289	2/7/2023 17:20	437	33.84	Restaurants	UPI	0
6290	2/7/2023 17:22	427	52.83	Electronics	UPI	0
6291	2/7/2023 17:29	167	21.24	Grocery	UPI	0
6292	2/7/2023 17:32	34	38.98	Medical	UPI	0
6293	2/7/2023 17:38	133	32.6	Grocery	NetBanking	0
6294	2/7/2023 17:42	150	27.94	Medical	NetBanking	0
6295	2/7/2023 17:52	261	94.34	Travel	UPI	0
6296	2/7/2023 17:56	444	44.28	Utility Bills	UPI	1
6297	2/7/2023 18:01	317	123.34	Utility Bills	UPI	0
6298	2/7/2023 18:01	409	31.06	Travel	Debit Card	0
6299	2/7/2023 18:04	445	18.68	Electronics	Debit Card	0
6300	2/7/2023 18:07	187	60.18	Fuel	Debit Card	0
6301	2/7/2023 18:14	108	44.6	Restaurants	UPI	0
6302	2/7/2023 18:16	298	24.78	Fuel	Credit Card	0
6303	2/7/2023 18:20	62	46.24	Electronics	UPI	0
6304	2/7/2023 18:21	292	39.47	Utility Bills	UPI	0
6305	2/7/2023 18:27	465	33.88	Grocery	Credit Card	0
6306	2/7/2023 18:40	13	62.23	Restaurants	Debit Card	0
6307	2/7/2023 18:41	285	15.79	Restaurants	UPI	0
6308	2/7/2023 18:45	132	31.9	Restaurants	UPI	0
6309	2/7/2023 18:45	302	82.39	Medical	UPI	0
6310	2/7/2023 18:48	138	16.28	Grocery	Credit Card	0
6311	2/7/2023 18:49	26	133.03	Restaurants	UPI	0
6312	2/7/2023 18:51	494	16.7	Utility Bills	Credit Card	0
6313	2/7/2023 18:52	417	73.83	Medical	Debit Card	0
6314	2/7/2023 18:55	72	11.98	Grocery	Credit Card	0
6315	2/7/2023 18:57	69	61.05	Fashion	Credit Card	0
6316	2/7/2023 19:03	131	21.14	Restaurants	Credit Card	0
6317	2/7/2023 19:03	460	197.62	Medical	UPI	0
6318	2/7/2023 19:04	313	166.24	Fashion	UPI	0
6319	2/7/2023 19:13	217	33.78	Medical	Credit Card	0
6320	2/7/2023 19:14	295	31.72	Fashion	UPI	0
6321	2/7/2023 19:23	108	73.51	Utility Bills	Credit Card	0
6322	2/7/2023 19:25	313	39.12	Utility Bills	Credit Card	0
6323	2/7/2023 19:26	351	47.12	Utility Bills	Credit Card	0
6324	2/7/2023 19:35	313	54	Utility Bills	Credit Card	0
6325	2/7/2023 19:37	278	51.49	Travel	NetBanking	0
6326	2/7/2023 19:41	461	19.39	Utility Bills	NetBanking	0
6327	2/7/2023 19:44	278	69.83	Grocery	Credit Card	0
6328	2/7/2023 19:45	220	23.78	Fuel	Credit Card	0
6329	2/7/2023 19:47	174	12.37	Electronics	NetBanking	0
6330	2/7/2023 19:51	20	29.13	Medical	Credit Card	0
6331	2/7/2023 19:52	150	10	Fuel	NetBanking	0
6332	2/7/2023 20:01	298	16.94	Restaurants	Credit Card	0
6333	2/7/2023 20:07	443	14.74	Fashion	UPI	0
6334	2/7/2023 20:09	489	21.03	Grocery	Credit Card	0
6335	2/7/2023 20:10	162	15.79	Utility Bills	UPI	0
6336	2/7/2023 20:13	233	28.96	Grocery	UPI	0
6337	2/7/2023 20:17	477	52.49	Utility Bills	UPI	0
6338	2/7/2023 20:17	54	37.99	Grocery	UPI	0
6339	2/7/2023 20:18	401	50.65	Grocery	Credit Card	0
6340	2/7/2023 20:21	72	93.68	Fuel	UPI	0
6341	2/7/2023 20:28	315	72.03	Fashion	UPI	0
6342	2/7/2023 20:31	139	46.85	Travel	Credit Card	0
6343	2/7/2023 20:31	109	34.61	Medical	UPI	0
6344	2/7/2023 20:33	231	31.88	Medical	Credit Card	0
6345	2/7/2023 20:37	22	59	Restaurants	UPI	0
6346	2/7/2023 20:42	142	49.35	Grocery	UPI	0
6347	2/7/2023 20:42	7	15.49	Grocery	Credit Card	0
6348	2/7/2023 20:44	459	59.87	Utility Bills	UPI	0
6349	2/7/2023 20:49	145	44.74	Medical	UPI	0
6350	2/7/2023 20:56	153	46.3	Grocery	UPI	0
6351	2/7/2023 20:56	252	77.54	Utility Bills	Debit Card	0
6352	2/7/2023 21:02	22	10	Grocery	Debit Card	0
6353	2/7/2023 21:06	305	75.74	Electronics	UPI	0
6354	2/7/2023 21:12	279	25.45	Medical	Credit Card	0
6355	2/7/2023 21:19	233	99.94	Utility Bills	Debit Card	0
6356	2/7/2023 21:30	401	41	Grocery	UPI	0
6357	2/7/2023 21:30	247	51.51	Medical	Credit Card	0
6358	2/7/2023 21:36	404	26.02	Utility Bills	Debit Card	0
6359	2/7/2023 21:36	178	10	Grocery	NetBanking	0
6360	2/7/2023 21:36	10	10.88	Grocery	UPI	0
6361	2/7/2023 21:38	72	23.52	Restaurants	Debit Card	0
6362	2/7/2023 21:40	76	40.09	Medical	UPI	0
6363	2/7/2023 21:43	175	23.75	Restaurants	Credit Card	0
6364	2/7/2023 21:54	268	36.86	Grocery	UPI	0
6365	2/7/2023 21:59	51	18.26	Grocery	NetBanking	0
6366	2/8/2023 9:02	294	29.33	Grocery	Credit Card	0
6367	2/8/2023 9:02	217	14.24	Grocery	UPI	0
6368	2/8/2023 9:05	182	151.13	Travel	Debit Card	0
6369	2/8/2023 9:10	302	17.48	Medical	UPI	0
6370	2/8/2023 9:10	166	48.14	Medical	Credit Card	0
6371	2/8/2023 9:15	242	25.45	Electronics	NetBanking	0
6372	2/8/2023 9:17	51	29.82	Fashion	UPI	0
6373	2/8/2023 9:20	208	35.1	Fashion	UPI	0
6374	2/8/2023 9:27	54	89.26	Utility Bills	Credit Card	0
6375	2/8/2023 9:43	409	53.95	Fashion	Credit Card	0
6376	2/8/2023 9:45	340	43.02	Utility Bills	Credit Card	0
6377	2/8/2023 9:48	95	46.2	Travel	Debit Card	0
6378	2/8/2023 10:00	1	30.19	Grocery	UPI	0
6379	2/8/2023 10:11	469	19.19	Grocery	NetBanking	0
6380	2/8/2023 10:17	282	13.09	Medical	UPI	0
6381	2/8/2023 10:21	215	29.17	Fuel	UPI	0
6382	2/8/2023 10:30	332	63.42	Restaurants	Debit Card	0
6383	2/8/2023 10:31	108	19.5	Utility Bills	Credit Card	0
6384	2/8/2023 10:37	461	34.45	Fuel	Credit Card	0
6385	2/8/2023 10:39	387	34.92	Utility Bills	Debit Card	0
6386	2/8/2023 10:47	362	51.14	Medical	Debit Card	0
6387	2/8/2023 10:48	4	35.29	Grocery	Debit Card	0
6388	2/8/2023 10:52	482	43.69	Electronics	Debit Card	0
6389	2/8/2023 10:57	7	28.58	Electronics	UPI	0
6390	2/8/2023 11:04	130	56.7	Grocery	Credit Card	0
6391	2/8/2023 11:04	437	45.31	Grocery	UPI	0
6392	2/8/2023 11:05	178	35.54	Electronics	UPI	0
6393	2/8/2023 11:11	81	31.47	Grocery	NetBanking	0
6394	2/8/2023 11:13	147	18.73	Fuel	Credit Card	0
6395	2/8/2023 11:16	276	43.33	Travel	UPI	0
6396	2/8/2023 11:18	195	86.53	Grocery	UPI	0
6397	2/8/2023 11:28	7	80.54	Restaurants	Credit Card	0
6398	2/8/2023 11:31	43	56.25	Utility Bills	Debit Card	0
6399	2/8/2023 11:40	302	93.2	Restaurants	Debit Card	0
6400	2/8/2023 11:41	296	18.38	Travel	Credit Card	0
6401	2/8/2023 11:45	187	20.44	Utility Bills	Debit Card	0
6402	2/8/2023 11:45	15	11.21	Grocery	Credit Card	0
6403	2/8/2023 11:49	146	14.66	Travel	UPI	0
6404	2/8/2023 11:51	221	24.33	Grocery	Debit Card	0
6405	2/8/2023 12:02	269	36.04	Grocery	NetBanking	0
6406	2/8/2023 12:02	147	34.69	Restaurants	Debit Card	0
6407	2/8/2023 12:15	119	38.72	Utility Bills	UPI	0
6408	2/8/2023 12:19	108	109.2	Grocery	UPI	0
6409	2/8/2023 12:24	429	66.24	Fuel	Credit Card	0
6410	2/8/2023 12:26	119	88.63	Utility Bills	Debit Card	0
6411	2/8/2023 12:26	173	57.16	Fuel	UPI	0
6412	2/8/2023 12:35	491	70.27	Fuel	Credit Card	0
6413	2/8/2023 12:37	208	43.63	Fuel	NetBanking	0
6414	2/8/2023 12:41	72	81.06	Fashion	UPI	0
6415	2/8/2023 12:53	432	115.46	Electronics	UPI	0
6416	2/8/2023 12:59	7	31.59	Electronics	Credit Card	0
6417	2/8/2023 13:00	302	71.01	Fashion	Debit Card	0
6418	2/8/2023 13:03	288	23.04	Fashion	NetBanking	0
6419	2/8/2023 13:06	51	93.59	Utility Bills	Credit Card	0
6420	2/8/2023 13:08	402	68.8	Travel	UPI	0
6421	2/8/2023 13:13	69	70.9	Restaurants	UPI	0
6422	2/8/2023 13:15	403	21.82	Grocery	UPI	0
6423	2/8/2023 13:36	363	112.58	Medical	Credit Card	0
6424	2/8/2023 13:37	444	24.6	Grocery	NetBanking	0
6425	2/8/2023 13:37	147	42.13	Travel	Credit Card	0
6426	2/8/2023 13:44	42	48.69	Medical	Debit Card	0
6427	2/8/2023 13:45	195	16.48	Grocery	Debit Card	0
6428	2/8/2023 13:45	292	54.81	Fuel	Credit Card	0
6429	2/8/2023 13:47	7	13.89	Grocery	UPI	0
6430	2/8/2023 13:47	409	81.11	Travel	Credit Card	0
6431	2/8/2023 13:50	150	29.72	Electronics	NetBanking	0
6432	2/8/2023 13:50	7	11.4	Travel	UPI	0
6433	2/8/2023 13:59	449	41.63	Electronics	UPI	0
6434	2/8/2023 14:10	233	81.77	Grocery	Debit Card	0
6435	2/8/2023 14:11	374	36.73	Grocery	Credit Card	0
6436	1/13/2023 10:22	69	63.1	Grocery	Debit Card	0
6437	2/8/2023 14:12	147	13.71	Fashion	UPI	0
6438	2/8/2023 14:15	39	32.97	Electronics	UPI	0
6439	2/8/2023 14:22	379	88.11	Utility Bills	UPI	0
6440	2/8/2023 14:23	137	64.57	Electronics	NetBanking	0
6441	2/8/2023 14:26	231	66.16	Grocery	UPI	0
6442	2/8/2023 14:27	42	61.9	Grocery	Debit Card	0
6443	2/8/2023 14:29	290	60.5	Grocery	UPI	0
6444	2/8/2023 14:30	454	31.09	Electronics	UPI	0
6445	2/8/2023 14:34	164	69.27	Restaurants	Debit Card	0
6446	2/8/2023 14:35	3	22.48	Grocery	UPI	0
6447	2/8/2023 14:42	18	25.09	Fashion	UPI	0
6448	2/8/2023 14:54	72	49.53	Fashion	UPI	0
6449	2/8/2023 14:57	76	45.31	Fashion	Credit Card	0
6450	2/8/2023 15:03	208	81.85	Fuel	NetBanking	0
6451	2/8/2023 15:04	305	49.26	Medical	Credit Card	0
6452	2/8/2023 15:05	314	24.45	Restaurants	Debit Card	0
6453	2/8/2023 15:06	262	82.56	Fuel	UPI	0
6454	2/8/2023 15:14	38	89.93	Electronics	UPI	0
6455	2/8/2023 15:17	99	52.89	Restaurants	Debit Card	0
6456	2/8/2023 15:17	457	30.83	Grocery	UPI	0
6457	2/8/2023 15:27	287	25.86	Fashion	Debit Card	0
6458	2/8/2023 15:29	70	12.78	Electronics	Credit Card	0
6459	2/8/2023 15:31	463	11.96	Restaurants	Debit Card	0
6460	2/8/2023 15:32	94	86.47	Restaurants	Debit Card	0
6461	2/8/2023 15:34	133	54.03	Fashion	UPI	0
6462	2/8/2023 15:34	434	33.48	Grocery	NetBanking	0
6463	2/8/2023 15:42	404	895.26	Fashion	Debit Card	0
6464	2/8/2023 15:48	102	41.79	Restaurants	UPI	0
6465	2/8/2023 15:52	268	84.99	Utility Bills	Credit Card	0
6466	2/8/2023 15:54	212	32.19	Electronics	NetBanking	0
6467	2/8/2023 15:56	9	24	Fashion	Debit Card	0
6468	2/8/2023 15:58	231	197.15	Fashion	UPI	0
6469	2/8/2023 16:00	89	33.89	Fashion	UPI	0
6470	2/8/2023 16:05	314	57.16	Fashion	UPI	0
6471	2/8/2023 16:05	178	150.96	Travel	NetBanking	0
6472	2/8/2023 16:09	154	13.26	Restaurants	UPI	0
6473	2/8/2023 16:11	147	13.08	Medical	Debit Card	0
6474	2/8/2023 16:11	308	46.8	Grocery	Debit Card	0
6475	2/8/2023 16:12	201	11.25	Travel	UPI	0
6476	2/8/2023 16:16	5	91.73	Fashion	Debit Card	0
6477	2/8/2023 16:17	145	46.5	Grocery	UPI	0
6478	2/8/2023 16:18	247	112.97	Utility Bills	UPI	0
6479	2/8/2023 16:20	290	13.08	Fuel	UPI	0
6480	2/8/2023 16:20	445	45.4	Medical	UPI	0
6481	2/8/2023 16:21	372	28.77	Electronics	Credit Card	0
6482	2/8/2023 16:23	446	74.15	Electronics	Credit Card	0
6483	2/8/2023 16:23	183	18.12	Travel	Debit Card	0
6484	2/8/2023 16:25	70	14.02	Grocery	Debit Card	0
6485	2/8/2023 16:26	60	33.74	Grocery	Credit Card	0
6486	2/8/2023 16:27	183	12.16	Electronics	Debit Card	0
6487	2/28/2023 18:22	83	29.34	Electronics	Credit Card	0
6488	2/8/2023 16:30	258	120.35	Electronics	Credit Card	0
6489	2/8/2023 16:37	262	12.63	Electronics	Debit Card	0
6490	2/8/2023 16:38	486	108.45	Utility Bills	UPI	0
6491	2/8/2023 16:40	85	10	Fuel	Credit Card	0
6492	2/8/2023 16:41	266	60.19	Fashion	UPI	0
6493	2/8/2023 16:44	445	19.88	Fashion	UPI	0
6494	2/8/2023 16:46	41	37.49	Medical	Debit Card	0
6495	2/8/2023 16:50	147	28.61	Electronics	Debit Card	0
6496	2/8/2023 16:51	381	10.48	Restaurants	NetBanking	0
6497	2/8/2023 16:58	399	49.91	Travel	UPI	0
6498	2/8/2023 17:04	262	25.38	Utility Bills	UPI	0
6499	2/8/2023 17:05	195	106.8	Travel	UPI	0
6500	2/8/2023 17:15	182	41.16	Travel	Debit Card	0
6501	2/8/2023 17:16	404	133.1	Medical	Debit Card	0
6502	2/8/2023 17:16	69	446.1	Fashion	UPI	0
6503	2/8/2023 17:17	94	13.75	Utility Bills	Credit Card	0
6504	2/8/2023 17:23	317	79.19	Fashion	Debit Card	0
6505	2/8/2023 17:24	302	65.29	Grocery	Credit Card	0
6506	2/8/2023 17:37	152	66.5	Electronics	Credit Card	0
6507	2/8/2023 17:39	276	29.3	Medical	Credit Card	0
6508	2/8/2023 17:46	409	77.21	Grocery	UPI	0
6509	2/8/2023 17:47	177	55.46	Restaurants	Debit Card	0
6510	2/8/2023 17:49	390	16.2	Fashion	UPI	0
6511	2/8/2023 17:51	207	20.24	Medical	UPI	0
6512	2/8/2023 17:53	420	42.32	Medical	UPI	0
6513	2/8/2023 17:55	45	11.56	Fuel	NetBanking	0
6514	2/8/2023 17:56	250	197.32	Electronics	UPI	0
6515	2/8/2023 17:57	347	229.46	Fuel	Debit Card	0
6516	2/8/2023 17:59	422	21.66	Fashion	Credit Card	0
6517	2/8/2023 18:03	150	13.79	Medical	Credit Card	0
6518	2/8/2023 18:04	432	361.45	Electronics	UPI	0
6519	2/8/2023 18:06	486	104.65	Fashion	NetBanking	0
6520	2/19/2023 10:00	382	41.32	Fashion	NetBanking	0
6521	2/8/2023 18:18	429	29.08	Travel	Debit Card	0
6522	2/8/2023 18:47	7	42.12	Restaurants	Credit Card	0
6523	2/8/2023 18:48	391	100.56	Fuel	Debit Card	0
6524	2/8/2023 18:49	147	16.66	Grocery	Debit Card	0
6525	2/8/2023 18:49	470	11.92	Travel	UPI	0
6526	2/8/2023 18:54	38	255.44	Medical	UPI	0
6527	2/8/2023 18:54	72	246.58	Fuel	Debit Card	0
6528	2/8/2023 18:58	28	61.16	Fuel	UPI	0
6529	2/8/2023 19:01	452	39.56	Grocery	Debit Card	0
6530	2/8/2023 19:06	148	51.6	Electronics	UPI	0
6531	2/8/2023 19:17	148	285.33	Utility Bills	NetBanking	0
6532	2/8/2023 19:18	7	31.52	Electronics	Credit Card	0
6533	2/8/2023 19:19	437	31.08	Restaurants	Debit Card	0
6534	2/8/2023 19:19	321	52.54	Travel	Credit Card	0
6535	2/8/2023 19:26	397	11.27	Electronics	Credit Card	0
6536	2/8/2023 19:27	187	33.12	Fashion	Credit Card	0
6537	2/8/2023 19:31	293	62.78	Utility Bills	Credit Card	0
6538	2/8/2023 19:32	427	52.77	Grocery	Debit Card	0
6539	2/8/2023 19:32	239	15.16	Travel	UPI	0
6540	2/8/2023 19:36	433	56.93	Fashion	Debit Card	0
6541	2/8/2023 19:38	208	17.41	Grocery	Debit Card	0
6542	2/8/2023 19:41	104	36.02	Medical	Debit Card	0
6543	2/8/2023 19:42	108	78.03	Fashion	Debit Card	0
6544	2/8/2023 19:42	302	60.97	Travel	UPI	0
6545	2/8/2023 19:43	87	16.04	Electronics	Credit Card	0
6546	2/8/2023 19:50	231	48.6	Grocery	UPI	0
6547	2/8/2023 19:57	233	11.49	Electronics	UPI	0
6548	2/8/2023 20:08	6	17.87	Fashion	NetBanking	0
6549	2/8/2023 20:21	302	96.39	Fashion	NetBanking	0
6550	2/8/2023 20:24	367	18.48	Travel	UPI	0
6551	2/8/2023 20:28	233	41.84	Fashion	UPI	0
6552	2/8/2023 20:29	72	199.1	Electronics	Credit Card	0
6553	2/8/2023 20:33	119	37.53	Grocery	Debit Card	0
6554	2/8/2023 20:34	446	56.89	Electronics	Debit Card	0
6555	2/8/2023 20:36	444	44.1	Grocery	Debit Card	0
6556	2/8/2023 20:38	295	50.26	Fashion	UPI	0
6557	2/8/2023 20:40	218	15.38	Fashion	UPI	0
6558	2/8/2023 20:45	161	148.69	Utility Bills	UPI	0
6559	2/8/2023 20:48	79	12.56	Travel	UPI	0
6560	2/8/2023 20:49	22	12.24	Restaurants	Credit Card	0
6561	2/8/2023 20:51	42	50.34	Travel	UPI	0
6562	2/8/2023 20:51	76	76.8	Restaurants	Debit Card	0
6563	2/8/2023 20:52	417	10	Restaurants	UPI	0
6564	2/8/2023 20:54	402	48.48	Utility Bills	Debit Card	0
6565	2/8/2023 20:57	42	30.41	Medical	Credit Card	0
6566	2/8/2023 21:04	460	14.27	Travel	UPI	0
6567	2/8/2023 21:05	162	21.76	Grocery	UPI	0
6568	2/8/2023 21:05	81	23.44	Electronics	Credit Card	0
6569	2/8/2023 21:09	225	53.75	Grocery	Debit Card	0
6570	2/8/2023 21:18	37	22.21	Fashion	Debit Card	0
6571	2/8/2023 21:21	296	34.65	Grocery	Debit Card	0
6572	2/8/2023 21:22	256	18.48	Restaurants	UPI	0
6573	2/8/2023 21:27	68	52.8	Travel	Credit Card	0
6574	2/8/2023 21:29	499	22.66	Restaurants	UPI	0
6575	2/8/2023 21:39	298	52.73	Grocery	UPI	0
6576	2/8/2023 21:41	298	16.46	Electronics	UPI	0
6577	2/8/2023 21:42	429	155.16	Grocery	Debit Card	0
6578	2/8/2023 21:48	387	34.07	Grocery	UPI	0
6579	2/8/2023 21:58	94	37.1	Electronics	NetBanking	0
6580	2/9/2023 9:11	25	11.45	Travel	Credit Card	0
6581	2/9/2023 9:11	315	44.19	Medical	UPI	0
6582	2/9/2023 9:11	295	66.16	Fashion	Credit Card	0
6583	2/9/2023 9:27	403	25.74	Grocery	UPI	0
6584	2/9/2023 9:37	215	40.2	Utility Bills	Debit Card	0
6585	2/9/2023 9:38	107	33.92	Grocery	Credit Card	0
6586	2/9/2023 9:42	147	62.87	Medical	Credit Card	0
6587	2/9/2023 9:45	124	29	Fuel	Debit Card	0
6588	2/9/2023 9:49	349	95.39	Grocery	UPI	0
6589	2/9/2023 10:01	292	25.92	Fashion	Debit Card	0
6590	2/9/2023 10:08	15	70.29	Electronics	Debit Card	0
6591	2/9/2023 10:25	79	41.05	Travel	Debit Card	0
6592	2/9/2023 10:34	7	161.74	Travel	Debit Card	0
6593	2/9/2023 10:42	484	82.87	Travel	UPI	0
6594	2/9/2023 10:47	423	25.93	Utility Bills	Debit Card	0
6595	2/9/2023 10:49	258	34.08	Restaurants	Credit Card	0
6596	2/9/2023 10:54	243	37.17	Utility Bills	UPI	0
6597	2/9/2023 10:55	49	45.64	Electronics	UPI	0
6598	2/9/2023 11:04	7	58.68	Medical	NetBanking	0
6599	2/9/2023 11:05	296	23.61	Fashion	Debit Card	0
6600	2/9/2023 11:40	218	39.48	Fashion	UPI	0
6601	2/9/2023 11:55	461	51.85	Utility Bills	UPI	0
6602	2/9/2023 11:55	9	25.62	Fashion	UPI	0
6603	2/9/2023 11:56	306	20.72	Grocery	Debit Card	0
6604	2/9/2023 12:07	107	20.47	Fuel	UPI	0
6605	2/9/2023 12:09	480	53.53	Restaurants	Debit Card	0
6606	2/9/2023 12:15	203	21.62	Electronics	UPI	0
6607	2/9/2023 12:17	94	60.21	Utility Bills	UPI	0
6608	2/9/2023 12:18	412	32.43	Electronics	NetBanking	0
6609	2/9/2023 12:22	75	40.58	Fuel	Debit Card	0
6610	2/1/2023 14:49	120	61.88	Travel	Credit Card	0
6611	2/9/2023 12:25	379	30.65	Electronics	UPI	0
6612	2/9/2023 12:41	275	21.23	Grocery	Credit Card	0
6613	2/9/2023 12:48	60	81.98	Medical	UPI	0
6614	2/9/2023 12:49	93	30.37	Fuel	Credit Card	0
6615	2/9/2023 12:50	126	12.82	Electronics	UPI	0
6616	2/9/2023 12:50	96	12.29	Fashion	Debit Card	0
6617	2/9/2023 12:50	92	96.1	Fuel	Debit Card	0
6618	2/9/2023 12:58	267	22.4	Medical	UPI	0
6619	2/9/2023 13:11	231	23.22	Utility Bills	UPI	0
6620	2/9/2023 13:18	116	69.02	Grocery	UPI	0
6621	2/9/2023 13:25	88	12.94	Fuel	UPI	0
6622	2/9/2023 13:40	215	18.85	Fuel	UPI	0
6623	2/9/2023 13:48	213	40.35	Fashion	Debit Card	0
6624	2/9/2023 13:51	268	19.35	Travel	UPI	0
6625	2/9/2023 13:57	139	26.28	Grocery	UPI	0
6626	2/9/2023 14:03	18	28.13	Travel	UPI	0
6627	2/9/2023 14:09	215	187.56	Utility Bills	Credit Card	0
6628	2/9/2023 14:15	286	36.64	Utility Bills	Credit Card	0
6629	2/9/2023 14:16	138	23.7	Utility Bills	Credit Card	0
6630	2/9/2023 14:47	256	34.24	Electronics	Debit Card	0
6631	2/9/2023 14:50	262	123.65	Travel	Debit Card	0
6632	2/9/2023 14:57	94	30.51	Electronics	UPI	0
6633	2/9/2023 15:05	438	35.57	Fuel	Debit Card	0
6634	2/9/2023 15:06	382	27.1	Fuel	Debit Card	0
6635	2/9/2023 15:23	66	30.25	Grocery	Credit Card	0
6636	2/9/2023 15:28	287	45.35	Grocery	Credit Card	0
6637	2/9/2023 15:29	460	103.07	Grocery	UPI	0
6638	2/9/2023 15:30	464	21.3	Electronics	UPI	1
6639	2/9/2023 15:36	337	28.02	Fashion	Credit Card	0
6640	2/9/2023 15:40	276	57.55	Travel	UPI	0
6641	2/9/2023 15:41	483	66.61	Electronics	Credit Card	0
6642	2/9/2023 15:44	73	103.42	Fuel	Debit Card	0
6643	2/9/2023 15:47	366	28.24	Medical	Credit Card	0
6644	2/9/2023 15:51	396	21.91	Restaurants	UPI	0
6645	2/9/2023 15:51	321	47.43	Grocery	Credit Card	0
6646	2/9/2023 15:52	449	54.73	Electronics	Credit Card	0
6647	2/9/2023 15:55	89	63.2	Restaurants	UPI	0
6648	2/9/2023 15:59	382	26.39	Travel	Debit Card	0
6649	2/9/2023 16:01	297	50.43	Fashion	Credit Card	0
6650	2/9/2023 16:03	99	43.23	Travel	UPI	0
6651	2/9/2023 16:08	96	17.55	Grocery	UPI	0
6652	2/9/2023 16:08	202	50.02	Grocery	Credit Card	0
6653	2/9/2023 16:09	358	20.59	Fashion	Credit Card	0
6654	2/9/2023 16:10	165	301.12	Electronics	Debit Card	0
6655	2/9/2023 16:15	195	11.09	Utility Bills	Debit Card	0
6656	2/9/2023 16:20	9	34.63	Utility Bills	UPI	0
6657	2/9/2023 16:28	359	23.49	Electronics	NetBanking	0
6658	2/9/2023 16:28	339	68.88	Grocery	UPI	0
6659	2/9/2023 16:29	398	37.74	Fuel	Credit Card	0
6660	2/9/2023 16:30	32	24.16	Fuel	Credit Card	0
6661	2/9/2023 16:33	492	19.92	Fashion	UPI	0
6662	2/9/2023 16:38	200	15.66	Restaurants	Debit Card	0
6663	2/8/2023 9:34	95	57.39	Restaurants	Credit Card	0
6664	2/9/2023 16:51	81	47.69	Fuel	Debit Card	0
6665	2/9/2023 17:02	362	13.75	Medical	NetBanking	0
6666	2/9/2023 17:04	144	20.59	Electronics	Credit Card	0
6667	2/9/2023 17:06	276	89.75	Utility Bills	UPI	0
6668	2/9/2023 17:06	371	35.62	Electronics	Debit Card	0
6669	2/9/2023 17:07	131	20.7	Fuel	Debit Card	0
6670	2/9/2023 17:11	288	56.74	Fashion	UPI	0
6671	2/9/2023 17:12	494	29.78	Electronics	UPI	0
6672	2/9/2023 17:15	453	135.58	Restaurants	Credit Card	0
6673	2/9/2023 17:19	138	13.55	Grocery	Credit Card	0
6674	2/9/2023 17:22	341	10	Utility Bills	UPI	0
6675	2/9/2023 17:29	156	46.85	Medical	Debit Card	0
6676	2/9/2023 17:32	197	258.77	Fashion	Debit Card	0
6677	1/19/2023 14:01	419	13.19	Restaurants	UPI	0
6678	2/9/2023 17:34	231	41.9	Electronics	UPI	0
6679	2/9/2023 17:36	139	52.8	Medical	NetBanking	0
6680	2/9/2023 17:38	9	21.31	Grocery	Credit Card	0
6681	2/9/2023 17:39	165	34.44	Restaurants	NetBanking	0
6682	2/9/2023 17:44	369	42.32	Fuel	Debit Card	0
6683	2/9/2023 17:45	88	43.79	Grocery	Credit Card	0
6684	2/9/2023 17:46	94	80.79	Fashion	Credit Card	0
6685	2/9/2023 17:46	426	28.21	Restaurants	UPI	0
6686	2/9/2023 17:47	208	61.06	Travel	Credit Card	0
6687	2/9/2023 17:47	165	44.54	Restaurants	UPI	0
6688	2/9/2023 17:47	51	72.58	Restaurants	UPI	0
6689	2/9/2023 17:51	273	15.63	Electronics	Credit Card	0
6690	2/9/2023 17:55	381	27.47	Restaurants	Debit Card	0
6691	2/9/2023 17:58	37	45.75	Utility Bills	Credit Card	0
6692	2/9/2023 17:59	432	51.55	Fuel	Credit Card	0
6693	2/9/2023 18:15	402	18.12	Utility Bills	Credit Card	0
6694	2/9/2023 18:19	210	117.01	Medical	UPI	0
6695	2/9/2023 18:21	282	20.28	Utility Bills	Credit Card	0
6696	2/9/2023 18:28	458	32.61	Fashion	Credit Card	0
6697	2/9/2023 18:34	67	55.76	Utility Bills	UPI	0
6698	2/9/2023 18:41	494	20.28	Restaurants	UPI	0
6699	2/9/2023 18:43	62	57.98	Fashion	UPI	0
6700	2/9/2023 18:49	98	53.06	Electronics	Credit Card	0
6701	2/9/2023 18:49	220	20.96	Travel	NetBanking	0
6702	2/9/2023 18:49	458	75.96	Fashion	Debit Card	0
6703	2/9/2023 18:55	333	30.2	Medical	Credit Card	0
6704	2/9/2023 19:08	72	56.41	Grocery	Debit Card	0
6705	2/9/2023 19:22	491	71.14	Medical	UPI	0
6706	2/9/2023 19:22	493	35.87	Fuel	Debit Card	0
6707	2/9/2023 19:28	276	72.42	Medical	NetBanking	0
6708	2/9/2023 19:28	135	24.78	Utility Bills	Credit Card	0
6709	2/9/2023 19:28	461	40.73	Fuel	UPI	0
6710	2/9/2023 19:31	247	14.49	Utility Bills	Credit Card	0
6711	2/9/2023 19:31	161	43.32	Utility Bills	Credit Card	0
6712	2/9/2023 19:32	145	50.24	Grocery	Credit Card	0
6713	2/9/2023 19:35	154	12.92	Utility Bills	Credit Card	0
6714	2/9/2023 19:36	468	25.09	Electronics	UPI	0
6715	2/9/2023 19:37	453	16.01	Restaurants	Debit Card	0
6716	2/9/2023 19:47	22	32.52	Travel	Debit Card	0
6717	2/9/2023 19:56	437	167.42	Electronics	UPI	0
6718	2/9/2023 20:05	283	10.46	Fuel	NetBanking	0
6719	2/9/2023 20:18	91	20.9	Medical	Debit Card	0
6720	2/9/2023 20:20	102	120.98	Electronics	UPI	0
6721	2/9/2023 20:22	190	31.75	Medical	Credit Card	0
6722	2/9/2023 20:23	164	145.21	Electronics	UPI	0
6723	2/9/2023 20:32	147	34.56	Grocery	UPI	0
6724	2/10/2023 9:33	438	11.78	Electronics	Credit Card	0
6725	2/9/2023 20:35	134	16.93	Medical	Credit Card	0
6726	2/9/2023 20:40	25	13.57	Utility Bills	UPI	0
6727	2/9/2023 20:55	150	12.61	Fuel	Credit Card	0
6728	2/9/2023 20:58	233	49.83	Utility Bills	UPI	0
6729	2/9/2023 20:58	404	13.52	Utility Bills	UPI	0
6730	2/9/2023 21:00	22	10	Restaurants	Debit Card	0
6731	2/9/2023 21:37	333	41.27	Grocery	Debit Card	0
6732	2/9/2023 21:40	66	29.67	Electronics	UPI	0
6733	2/9/2023 21:46	138	75.93	Medical	UPI	0
6734	2/9/2023 21:50	437	47.52	Electronics	UPI	0
6735	2/9/2023 21:52	51	41.43	Utility Bills	UPI	0
6736	2/9/2023 21:58	141	37.52	Utility Bills	NetBanking	0
6737	2/21/2023 9:12	96	68.34	Utility Bills	UPI	0
6738	2/10/2023 9:22	495	14.41	Medical	UPI	0
6739	2/10/2023 9:27	438	75.67	Grocery	UPI	0
6740	2/10/2023 9:32	314	26.14	Grocery	UPI	0
6741	2/10/2023 9:37	147	66.03	Electronics	Debit Card	0
6742	2/10/2023 9:40	494	66.25	Electronics	UPI	0
6743	2/10/2023 10:10	422	27.22	Medical	Credit Card	0
6744	2/10/2023 10:21	81	50.36	Fashion	UPI	0
6745	2/10/2023 10:22	341	22.56	Grocery	Debit Card	0
6746	2/10/2023 10:23	164	87.56	Travel	Debit Card	0
6747	2/10/2023 10:34	292	88.45	Fuel	Debit Card	0
6748	2/10/2023 10:35	314	15.69	Fashion	UPI	0
6749	2/10/2023 10:38	100	13.57	Medical	NetBanking	0
6750	2/10/2023 10:44	465	24.39	Restaurants	Debit Card	0
6751	2/10/2023 10:48	150	18.51	Utility Bills	UPI	0
6752	2/10/2023 11:03	472	50.03	Travel	Credit Card	0
6753	2/10/2023 11:04	231	107.38	Fuel	Debit Card	0
6754	2/10/2023 11:05	444	30.8	Grocery	UPI	0
6755	2/10/2023 11:06	150	56.24	Electronics	UPI	0
6756	2/10/2023 11:11	365	78.86	Fashion	Credit Card	0
6757	2/10/2023 11:16	150	45.02	Medical	Credit Card	0
6758	2/10/2023 11:39	208	19.73	Restaurants	UPI	0
6759	2/10/2023 11:44	70	25.06	Utility Bills	UPI	0
6760	2/10/2023 11:48	341	113.86	Utility Bills	UPI	0
6761	2/10/2023 11:49	424	53.94	Medical	UPI	0
6762	2/10/2023 11:50	22	76.72	Electronics	UPI	0
6763	2/10/2023 11:52	89	12.28	Grocery	UPI	0
6764	2/10/2023 12:02	318	18.23	Restaurants	Credit Card	0
6765	2/10/2023 12:20	95	13.47	Fashion	Debit Card	0
6766	2/10/2023 12:51	177	36.1	Utility Bills	UPI	0
6767	2/10/2023 12:59	27	45.68	Grocery	UPI	0
6768	2/10/2023 13:00	78	70.93	Electronics	UPI	0
6769	2/10/2023 13:04	223	49.32	Electronics	Debit Card	0
6770	2/10/2023 13:14	347	23.97	Medical	Credit Card	0
6771	2/10/2023 13:16	231	74.52	Travel	UPI	0
6772	2/10/2023 13:58	456	13.96	Travel	Debit Card	0
6773	2/10/2023 13:58	275	10.16	Utility Bills	Debit Card	0
6774	2/10/2023 14:00	213	57.86	Fashion	Credit Card	0
6775	2/10/2023 14:09	371	114.55	Restaurants	UPI	0
6776	2/10/2023 14:19	109	822.6	Restaurants	UPI	0
6777	2/10/2023 14:24	315	94.19	Utility Bills	UPI	0
6778	2/10/2023 14:28	147	50.45	Utility Bills	Debit Card	0
6779	2/10/2023 14:29	355	27.62	Travel	Credit Card	0
6780	2/10/2023 14:31	240	136.73	Fashion	UPI	0
6781	2/10/2023 14:35	43	23.57	Grocery	UPI	0
6782	2/10/2023 14:49	411	51.97	Electronics	UPI	0
6783	2/10/2023 14:53	7	18.99	Grocery	NetBanking	0
6784	2/10/2023 14:53	148	23.27	Fuel	Debit Card	0
6785	2/10/2023 15:02	403	16.37	Travel	Debit Card	0
6786	2/10/2023 15:17	276	82.16	Utility Bills	Debit Card	0
6787	2/10/2023 15:17	298	34.98	Medical	Debit Card	0
6788	2/10/2023 15:20	208	18.24	Medical	Credit Card	0
6789	2/10/2023 15:22	330	26.12	Grocery	Debit Card	0
6790	2/10/2023 15:25	147	32.59	Restaurants	UPI	0
6791	2/10/2023 15:27	422	190.47	Grocery	Credit Card	0
6792	2/10/2023 15:48	90	18.83	Fuel	Debit Card	0
6793	2/10/2023 15:57	153	45.82	Utility Bills	NetBanking	0
6794	2/10/2023 15:57	130	120.84	Utility Bills	Debit Card	0
6795	2/10/2023 15:57	453	29.2	Grocery	UPI	0
6796	2/10/2023 16:00	477	10.38	Fuel	Credit Card	0
6797	2/10/2023 16:14	494	107.83	Medical	NetBanking	1
6798	2/10/2023 16:20	229	102.26	Medical	UPI	0
6799	2/10/2023 16:24	350	11.89	Travel	UPI	0
6800	2/10/2023 16:32	5	1292.91	Fashion	UPI	0
6801	2/10/2023 16:41	266	101.24	Fashion	UPI	0
6802	2/1/2023 14:24	120	65.22	Fashion	UPI	0
6803	2/10/2023 17:00	39	34.07	Electronics	UPI	0
6804	2/10/2023 17:14	231	56.88	Restaurants	Debit Card	0
6805	2/10/2023 17:21	137	14.56	Grocery	UPI	0
6806	2/10/2023 17:26	167	25.21	Medical	NetBanking	0
6807	2/10/2023 17:30	222	19.43	Fashion	Credit Card	0
6808	2/10/2023 17:41	333	69.55	Fashion	NetBanking	0
6809	2/10/2023 17:42	90	21.37	Grocery	UPI	0
6810	2/10/2023 17:42	147	55.9	Medical	Credit Card	0
6811	2/10/2023 17:43	138	23.51	Grocery	Credit Card	0
6812	2/10/2023 17:52	3	44.67	Fashion	Credit Card	0
6813	2/10/2023 18:00	355	30.9	Electronics	UPI	0
6814	2/10/2023 18:07	68	47.42	Medical	Credit Card	0
6815	2/10/2023 18:09	325	32.65	Restaurants	Debit Card	0
6816	2/10/2023 18:11	91	28.89	Electronics	Credit Card	0
6817	2/10/2023 18:23	273	67.91	Fashion	Debit Card	0
6818	2/10/2023 18:30	424	73.84	Electronics	UPI	0
6819	2/10/2023 18:30	94	29.67	Medical	Debit Card	0
6820	2/10/2023 18:32	273	35.37	Utility Bills	UPI	0
6821	2/10/2023 18:33	247	18.15	Travel	Debit Card	0
6822	2/10/2023 18:33	238	16.01	Grocery	Credit Card	0
6823	2/10/2023 18:33	263	28.98	Medical	Credit Card	0
6824	2/10/2023 18:34	191	18.12	Medical	UPI	0
6825	2/10/2023 18:39	4	45.46	Fashion	UPI	0
6826	2/10/2023 18:40	291	25.51	Restaurants	UPI	0
6827	2/10/2023 18:40	293	47.86	Utility Bills	Credit Card	0
6828	2/10/2023 18:43	22	12.21	Electronics	UPI	0
6829	2/10/2023 18:46	327	27.79	Fashion	UPI	0
6830	2/10/2023 19:05	178	16.56	Fuel	NetBanking	0
6831	2/10/2023 19:10	454	45.96	Fashion	UPI	0
6832	2/10/2023 19:12	373	59.16	Travel	UPI	0
6833	2/10/2023 19:15	145	621.7	Grocery	Credit Card	0
6834	2/10/2023 19:18	181	10	Grocery	Credit Card	0
6835	2/10/2023 19:19	315	25.78	Grocery	Credit Card	0
6836	2/10/2023 19:20	9	12.73	Fashion	NetBanking	0
6837	2/10/2023 19:20	408	61.51	Electronics	UPI	0
6838	2/10/2023 19:22	238	38.6	Utility Bills	Debit Card	0
6839	2/10/2023 19:26	84	16.49	Utility Bills	UPI	0
6840	2/10/2023 19:32	250	16.76	Grocery	UPI	0
6841	2/10/2023 19:33	98	58.59	Travel	UPI	0
6842	2/10/2023 19:34	291	26.42	Medical	UPI	0
6843	2/10/2023 19:37	320	26.63	Travel	UPI	0
6844	2/10/2023 19:39	139	53.07	Grocery	Credit Card	0
6845	2/10/2023 19:40	204	29.26	Travel	Debit Card	0
6846	2/10/2023 19:50	288	20.96	Restaurants	UPI	0
6847	2/10/2023 19:51	292	28.62	Grocery	Credit Card	0
6848	2/10/2023 19:58	437	18.24	Restaurants	Credit Card	0
6849	2/10/2023 20:10	494	27.38	Grocery	UPI	0
6850	2/10/2023 20:29	240	251	Grocery	Debit Card	0
6851	2/10/2023 20:33	72	72.44	Electronics	UPI	0
6852	2/10/2023 20:37	445	78.38	Medical	UPI	0
6853	2/10/2023 20:41	373	14.03	Travel	Credit Card	0
6854	2/10/2023 20:45	174	57.62	Fashion	UPI	0
6855	2/10/2023 20:48	187	26.76	Travel	Credit Card	0
6856	2/10/2023 20:50	260	58.92	Electronics	Debit Card	0
6857	2/10/2023 20:50	127	10.92	Fashion	Credit Card	0
6858	2/10/2023 20:53	473	10.8	Grocery	UPI	0
6859	2/10/2023 20:53	233	23.21	Utility Bills	UPI	0
6860	2/10/2023 20:53	465	65.7	Fashion	UPI	0
6861	2/10/2023 21:10	375	134.57	Utility Bills	UPI	0
6862	2/10/2023 21:10	39	56.03	Electronics	Credit Card	0
6863	2/10/2023 21:21	33	34.62	Fashion	UPI	0
6864	2/10/2023 21:28	277	69.28	Fuel	UPI	0
6865	2/10/2023 21:29	453	42.83	Fuel	UPI	0
6866	2/10/2023 21:36	275	56.15	Utility Bills	Credit Card	0
6867	2/10/2023 21:39	362	26.94	Travel	Debit Card	0
6868	2/10/2023 21:39	430	77.95	Electronics	Credit Card	0
6869	2/10/2023 21:39	498	19.41	Restaurants	UPI	0
6870	2/10/2023 21:40	341	29.44	Fuel	UPI	0
6871	2/10/2023 21:48	108	11.36	Grocery	UPI	0
6872	2/10/2023 21:52	417	60.55	Grocery	Debit Card	0
6873	2/10/2023 21:56	7	75.7	Electronics	UPI	0
6874	2/10/2023 21:58	325	28.58	Fashion	Credit Card	0
6875	2/10/2023 21:59	231	131.17	Grocery	UPI	0
6876	2/11/2023 9:01	484	11.39	Travel	Debit Card	0
6877	2/11/2023 9:08	194	30.7	Electronics	NetBanking	0
6878	2/11/2023 9:24	329	84.33	Electronics	UPI	0
6879	2/11/2023 9:55	216	22.74	Restaurants	Credit Card	0
6880	2/11/2023 10:10	147	29.19	Restaurants	UPI	0
6881	2/11/2023 10:26	306	66.85	Travel	UPI	0
6882	2/11/2023 10:27	67	10	Fuel	UPI	0
6883	2/11/2023 11:00	340	48.93	Fashion	Debit Card	0
6884	2/11/2023 11:10	404	80.47	Fuel	NetBanking	0
6885	2/11/2023 11:26	404	124.28	Fashion	Debit Card	0
6886	2/11/2023 11:36	113	48.38	Restaurants	UPI	0
6887	2/11/2023 11:37	250	15.16	Utility Bills	UPI	0
6888	2/11/2023 11:39	409	44.35	Restaurants	UPI	0
6889	2/11/2023 11:54	124	29.88	Restaurants	UPI	0
6890	2/11/2023 11:58	195	85.04	Fashion	NetBanking	0
6891	2/11/2023 12:06	371	18.26	Grocery	UPI	0
6892	2/11/2023 12:10	71	45.31	Medical	UPI	0
6893	2/11/2023 12:14	417	39.83	Medical	Credit Card	0
6894	2/11/2023 12:21	53	28.82	Fuel	UPI	0
6895	2/11/2023 12:28	464	27.77	Fuel	Credit Card	0
6896	2/11/2023 12:41	187	24.84	Utility Bills	NetBanking	0
6897	2/11/2023 12:42	262	313.04	Electronics	NetBanking	0
6898	2/11/2023 12:48	291	28.47	Fuel	Credit Card	0
6899	2/11/2023 12:48	253	11.28	Electronics	UPI	0
6900	2/11/2023 12:56	332	35.18	Fuel	Credit Card	0
6901	2/11/2023 12:57	239	14.61	Restaurants	NetBanking	0
6902	2/11/2023 13:06	186	17.66	Fuel	UPI	0
6903	2/11/2023 13:17	384	105.61	Utility Bills	UPI	0
6904	2/11/2023 13:29	206	126.15	Grocery	Debit Card	0
6905	2/11/2023 13:45	119	36.57	Utility Bills	Credit Card	0
6906	2/11/2023 13:48	477	16.02	Grocery	UPI	0
6907	2/11/2023 13:53	158	18.47	Utility Bills	Debit Card	0
6908	2/11/2023 13:59	494	55.2	Fuel	Credit Card	0
6909	2/11/2023 14:03	181	20.18	Fashion	Credit Card	0
6910	2/11/2023 14:04	344	31.2	Grocery	Debit Card	0
6911	2/11/2023 14:04	288	10.68	Grocery	Credit Card	0
6912	2/11/2023 14:06	187	41.28	Fuel	Debit Card	0
6913	2/11/2023 14:08	234	24.89	Fashion	UPI	0
6914	2/11/2023 14:15	446	125.26	Grocery	Debit Card	0
6915	2/11/2023 14:18	393	33.67	Restaurants	NetBanking	0
6916	2/11/2023 14:19	67	10	Grocery	Credit Card	0
6917	2/11/2023 14:21	445	15.04	Fashion	UPI	0
6918	2/11/2023 14:23	96	22.1	Utility Bills	Debit Card	0
6919	2/11/2023 14:32	145	25.59	Grocery	Debit Card	0
6920	2/11/2023 14:33	417	80.24	Medical	UPI	0
6921	2/11/2023 14:47	496	23.52	Utility Bills	UPI	0
6922	2/11/2023 14:54	494	28.72	Fuel	NetBanking	0
6923	2/11/2023 14:55	142	63.86	Medical	NetBanking	0
6924	2/11/2023 15:01	66	24.9	Utility Bills	Credit Card	0
6925	2/11/2023 15:01	116	137.28	Medical	Debit Card	0
6926	2/11/2023 15:12	446	57.87	Grocery	Credit Card	0
6927	2/11/2023 15:15	243	45.71	Grocery	UPI	0
6928	2/5/2023 20:47	381	63.14	Travel	NetBanking	0
6929	2/11/2023 15:24	233	37.72	Grocery	UPI	0
6930	2/11/2023 15:26	302	83.29	Utility Bills	Credit Card	0
6931	2/11/2023 15:27	216	51.52	Medical	Debit Card	0
6932	2/11/2023 15:36	150	18.93	Grocery	Debit Card	0
6933	2/11/2023 15:38	313	23.55	Fashion	Credit Card	0
6934	2/11/2023 15:44	64	46.55	Fuel	Credit Card	0
6935	2/11/2023 15:51	290	27.37	Medical	UPI	0
6936	2/11/2023 15:52	306	104.63	Utility Bills	UPI	0
6937	2/11/2023 15:58	147	10	Grocery	Credit Card	0
6938	2/11/2023 16:09	471	52.73	Fuel	Credit Card	0
6939	2/11/2023 16:15	154	17.84	Utility Bills	UPI	0
6940	2/11/2023 16:21	192	24.88	Electronics	UPI	0
6941	2/11/2023 16:23	276	63.77	Restaurants	Debit Card	0
6942	2/11/2023 16:27	494	23.75	Fashion	Debit Card	0
6943	2/11/2023 16:29	48	36.02	Utility Bills	UPI	0
6944	2/11/2023 16:37	373	35.35	Medical	Credit Card	0
6945	2/11/2023 16:41	22	10	Grocery	UPI	0
6946	2/11/2023 16:53	470	27.32	Fuel	UPI	0
6947	2/11/2023 16:55	394	29.64	Grocery	Credit Card	0
6948	2/11/2023 16:57	174	53.44	Grocery	NetBanking	0
6949	2/11/2023 16:59	51	65.79	Restaurants	Credit Card	0
6950	2/11/2023 17:00	122	38.77	Restaurants	Credit Card	0
6951	2/11/2023 17:11	341	10	Restaurants	UPI	0
6952	2/11/2023 17:11	231	11.35	Fuel	UPI	0
6953	2/11/2023 17:15	358	37.45	Grocery	Credit Card	0
6954	2/11/2023 17:19	320	11.52	Travel	Credit Card	0
6955	2/11/2023 17:28	400	29.49	Grocery	UPI	0
6956	2/11/2023 17:31	54	102.19	Fashion	Credit Card	0
6957	2/11/2023 17:32	443	46.99	Utility Bills	UPI	0
6958	2/11/2023 17:37	430	24.11	Fashion	UPI	0
6959	2/11/2023 17:43	292	151.18	Fashion	UPI	0
6960	2/11/2023 17:56	296	29.1	Grocery	UPI	0
6961	2/11/2023 18:09	200	39.65	Restaurants	UPI	0
6962	2/11/2023 18:12	408	43	Grocery	UPI	0
6963	2/11/2023 18:17	362	109.24	Grocery	UPI	0
6964	2/11/2023 18:17	10	24.99	Fuel	Debit Card	0
6965	2/11/2023 18:21	276	65.2	Electronics	Debit Card	0
6966	2/11/2023 18:24	95	27.81	Utility Bills	Debit Card	0
6967	2/11/2023 18:24	38	10.18	Restaurants	Credit Card	0
6968	2/11/2023 18:29	201	50.53	Fashion	Credit Card	0
6969	2/11/2023 18:33	147	27.91	Fashion	UPI	0
6970	1/5/2023 12:05	107	10.94	Fuel	NetBanking	0
6971	2/11/2023 18:35	434	106.62	Fashion	Credit Card	0
6972	2/11/2023 18:45	432	29	Fuel	UPI	0
6973	2/11/2023 18:46	247	104.89	Restaurants	Debit Card	0
6974	2/11/2023 18:46	369	13.19	Fuel	UPI	0
6975	2/11/2023 18:47	330	32.2	Electronics	NetBanking	0
6976	2/11/2023 18:49	102	98.04	Medical	UPI	0
6977	2/11/2023 18:50	153	62.41	Grocery	UPI	0
6978	2/11/2023 18:57	19	73.45	Utility Bills	NetBanking	0
6979	2/11/2023 19:22	228	10	Grocery	Credit Card	0
6980	2/11/2023 19:23	310	35.45	Electronics	NetBanking	0
6981	2/11/2023 19:25	119	28.24	Grocery	UPI	0
6982	2/11/2023 19:26	87	10.7	Grocery	UPI	0
6983	2/11/2023 19:31	393	14.17	Medical	UPI	0
6984	2/11/2023 19:32	492	14.84	Restaurants	UPI	0
6985	2/11/2023 19:32	91	10	Grocery	UPI	0
6986	2/11/2023 19:33	145	55.21	Travel	UPI	0
6987	2/11/2023 20:07	26	21.63	Medical	Debit Card	0
6988	2/11/2023 20:12	24	25.57	Utility Bills	UPI	0
6989	2/11/2023 20:14	178	30.8	Utility Bills	UPI	0
6990	2/11/2023 20:22	188	44.98	Utility Bills	NetBanking	0
6991	2/11/2023 20:24	92	53.28	Utility Bills	Credit Card	0
6992	2/11/2023 20:26	468	10.13	Grocery	UPI	0
6993	2/11/2023 20:34	81	78.83	Fashion	UPI	0
6994	2/11/2023 20:41	494	131.58	Utility Bills	Debit Card	0
6995	2/11/2023 20:46	422	18.59	Utility Bills	UPI	0
6996	2/11/2023 20:55	60	14.62	Grocery	Debit Card	0
6997	2/11/2023 20:56	262	132.07	Travel	UPI	0
6998	2/11/2023 21:01	189	69.53	Electronics	Credit Card	0
6999	2/11/2023 21:02	15	22.66	Electronics	UPI	0
7000	2/11/2023 21:06	187	93.34	Grocery	Debit Card	0
7001	2/11/2023 21:18	12	66.57	Medical	NetBanking	0
7002	2/11/2023 21:22	241	25.57	Utility Bills	Debit Card	0
7003	2/11/2023 21:22	9	14.42	Restaurants	Debit Card	0
7004	2/11/2023 21:36	82	10.05	Fuel	Credit Card	0
7005	2/11/2023 21:37	98	27.66	Restaurants	Credit Card	0
7006	2/11/2023 21:43	9	190.9	Fashion	UPI	0
7007	2/11/2023 21:58	230	64.47	Grocery	UPI	0
7008	2/11/2023 21:59	178	36.16	Electronics	Credit Card	0
7009	2/12/2023 9:10	396	110.67	Electronics	Debit Card	0
7010	2/12/2023 9:13	147	18.75	Utility Bills	UPI	0
7011	2/12/2023 9:21	444	26	Travel	UPI	0
7012	2/12/2023 9:23	286	55.02	Fuel	Credit Card	0
7013	2/12/2023 9:34	1	25.51	Electronics	Credit Card	0
7014	2/12/2023 9:35	9	19.37	Fuel	Debit Card	0
7015	2/12/2023 9:54	330	78.75	Utility Bills	Debit Card	0
7016	2/12/2023 10:05	287	33.32	Restaurants	Debit Card	0
7017	2/12/2023 10:10	186	30.77	Grocery	UPI	0
7018	2/12/2023 10:14	165	114.46	Utility Bills	UPI	0
7019	2/12/2023 10:14	402	37.18	Fashion	UPI	0
7020	2/12/2023 10:31	144	15.71	Grocery	UPI	1
7021	2/12/2023 10:45	64	101	Fashion	Credit Card	0
7022	1/8/2023 18:57	392	21.01	Electronics	UPI	0
7023	2/12/2023 11:06	37	136.07	Electronics	Credit Card	0
7024	2/12/2023 11:06	138	41.09	Restaurants	Debit Card	0
7025	2/12/2023 11:19	150	45.64	Grocery	Credit Card	0
7026	2/12/2023 11:25	351	37.68	Restaurants	Credit Card	0
7027	2/12/2023 11:31	494	102.87	Travel	Credit Card	0
7028	2/12/2023 11:33	220	29.24	Grocery	Debit Card	0
7029	2/12/2023 11:37	39	42.88	Fuel	Debit Card	0
7030	2/12/2023 11:44	460	135.64	Fashion	UPI	0
7031	2/12/2023 11:45	78	14.17	Electronics	NetBanking	0
7032	2/12/2023 11:53	287	16.99	Utility Bills	UPI	0
7033	2/12/2023 11:53	72	87.08	Grocery	Credit Card	0
7034	2/12/2023 11:54	365	20.62	Fashion	Debit Card	0
7035	2/12/2023 11:55	371	56.2	Grocery	UPI	0
7036	2/12/2023 12:05	333	12.43	Utility Bills	UPI	0
7037	2/12/2023 12:09	93	41.63	Electronics	NetBanking	0
7038	2/12/2023 12:10	464	19.42	Utility Bills	UPI	0
7039	2/12/2023 12:26	468	73.01	Restaurants	UPI	0
7040	2/12/2023 12:27	115	37.27	Electronics	NetBanking	0
7041	2/12/2023 12:28	459	11.68	Grocery	UPI	0
7042	2/12/2023 12:28	420	10	Restaurants	UPI	0
7043	2/12/2023 12:32	106	21.18	Fashion	Credit Card	0
7044	2/12/2023 12:34	9	36.16	Medical	Credit Card	0
7045	2/12/2023 12:59	460	33.77	Utility Bills	UPI	0
7046	2/12/2023 13:07	386	48.67	Fuel	Credit Card	0
7047	2/12/2023 13:09	100	27.6	Travel	Credit Card	0
7048	2/12/2023 13:11	444	37.68	Medical	UPI	0
7049	2/12/2023 13:13	253	67.89	Fashion	Credit Card	0
7050	2/12/2023 13:23	81	10	Restaurants	NetBanking	0
7051	2/12/2023 13:23	63	65.15	Utility Bills	UPI	0
7052	2/12/2023 13:27	49	40.87	Grocery	UPI	0
7053	2/12/2023 13:30	231	38.16	Fuel	Credit Card	0
7054	2/12/2023 13:34	250	10	Utility Bills	Debit Card	0
7055	2/12/2023 13:42	337	35.91	Fuel	Credit Card	0
7056	2/12/2023 13:44	230	140.73	Grocery	UPI	0
7057	2/12/2023 13:52	327	22.56	Electronics	Credit Card	0
7058	2/12/2023 13:55	343	14.64	Restaurants	UPI	0
7059	2/12/2023 13:59	404	19.85	Fuel	Debit Card	0
7060	2/12/2023 14:21	10	88.48	Electronics	Credit Card	0
7061	2/12/2023 14:33	37	166.9	Fashion	UPI	0
7062	2/12/2023 14:44	147	14.44	Electronics	UPI	0
7063	2/12/2023 14:47	9	59.3	Medical	NetBanking	0
7064	2/12/2023 14:51	213	85.52	Restaurants	Debit Card	0
7065	2/12/2023 14:55	153	10	Fuel	Debit Card	0
7066	2/12/2023 14:57	25	22.82	Electronics	UPI	0
7067	2/12/2023 14:57	208	23.4	Electronics	UPI	0
7068	2/12/2023 15:01	42	17.67	Utility Bills	Debit Card	0
7069	2/12/2023 15:10	387	82.34	Medical	Credit Card	0
7070	2/12/2023 15:11	240	19.92	Grocery	UPI	0
7071	2/12/2023 15:18	109	31.1	Electronics	UPI	0
7072	2/12/2023 15:21	161	14.63	Fuel	UPI	0
7073	2/12/2023 15:31	280	13.88	Grocery	Credit Card	0
7074	2/12/2023 15:33	384	65.26	Electronics	UPI	0
7075	2/12/2023 15:33	145	69.25	Fashion	Debit Card	0
7076	2/12/2023 15:38	190	12.85	Electronics	UPI	0
7077	2/12/2023 15:44	304	40	Medical	UPI	0
7078	2/12/2023 15:44	41	95.54	Fashion	UPI	0
7079	2/12/2023 15:45	341	35.35	Fashion	Credit Card	0
7080	2/12/2023 15:51	9	29.88	Fuel	UPI	0
7081	2/12/2023 15:51	320	15.72	Fashion	Credit Card	0
7082	2/12/2023 15:57	92	75.81	Fashion	UPI	0
7083	2/12/2023 16:00	276	50.48	Fuel	UPI	0
7084	2/12/2023 16:01	119	28.66	Utility Bills	UPI	0
7085	2/12/2023 16:08	233	29.26	Grocery	NetBanking	0
7086	2/12/2023 16:11	275	25.72	Utility Bills	UPI	0
7087	2/12/2023 16:16	256	61.2	Electronics	UPI	0
7088	2/12/2023 16:18	165	13.38	Fashion	Credit Card	0
7089	2/12/2023 16:19	305	52.23	Fashion	Credit Card	0
7090	2/12/2023 16:21	422	24.75	Utility Bills	Credit Card	0
7091	2/12/2023 16:26	147	140.89	Utility Bills	UPI	0
7092	2/12/2023 16:34	89	39.19	Fuel	Credit Card	0
7093	2/12/2023 16:46	218	38.52	Medical	Credit Card	0
7094	2/12/2023 16:47	376	79.91	Fuel	Debit Card	0
7095	2/12/2023 16:54	231	45.56	Restaurants	Debit Card	0
7096	2/12/2023 17:00	228	60.28	Grocery	NetBanking	0
7097	2/12/2023 17:01	209	63.66	Medical	Credit Card	0
7098	2/12/2023 17:01	302	17.6	Utility Bills	Credit Card	0
7099	2/12/2023 17:10	262	118.3	Medical	Credit Card	0
7100	2/12/2023 17:17	409	69.72	Fuel	UPI	0
7101	2/12/2023 17:18	425	72.22	Fashion	UPI	0
7102	2/12/2023 17:21	46	10	Fuel	UPI	0
7103	2/12/2023 17:27	211	33.13	Electronics	Credit Card	0
7104	2/12/2023 17:29	406	11.31	Fuel	UPI	0
7105	2/12/2023 17:33	340	34.18	Restaurants	Credit Card	0
7106	2/12/2023 17:45	288	32.86	Grocery	UPI	0
7107	2/12/2023 17:48	302	41.79	Fuel	UPI	0
7108	2/12/2023 17:55	108	12.95	Travel	Credit Card	0
7109	2/12/2023 17:57	302	16.57	Medical	Debit Card	0
7110	2/12/2023 17:59	228	45.98	Fuel	UPI	0
7111	2/12/2023 18:02	122	12.47	Grocery	UPI	0
7112	2/12/2023 18:10	213	79.02	Grocery	NetBanking	0
7113	2/12/2023 18:11	211	27.7	Fuel	Credit Card	0
7114	2/12/2023 18:34	1	31.31	Grocery	UPI	0
7115	2/12/2023 18:35	469	54.51	Fashion	UPI	0
7116	2/12/2023 18:38	401	32.19	Grocery	UPI	0
7117	2/12/2023 18:39	88	32.55	Fuel	UPI	0
7118	2/12/2023 18:56	375	193.09	Restaurants	UPI	0
7119	2/12/2023 18:57	42	13.1	Fuel	UPI	0
7120	2/12/2023 18:58	280	28.28	Medical	UPI	0
7121	2/12/2023 18:59	231	66.04	Grocery	Credit Card	0
7122	2/12/2023 18:59	187	52.84	Fashion	Debit Card	0
7123	2/12/2023 19:05	30	10.93	Fashion	Credit Card	0
7124	2/12/2023 19:06	453	50.89	Restaurants	UPI	0
7125	2/12/2023 19:10	470	14.32	Fashion	Credit Card	0
7126	2/12/2023 19:30	169	19.27	Grocery	Debit Card	0
7127	2/12/2023 19:37	189	24.37	Restaurants	UPI	0
7128	2/12/2023 19:39	175	48.44	Grocery	UPI	0
7129	2/12/2023 19:40	298	93.77	Grocery	Credit Card	0
7130	2/12/2023 20:00	81	11.28	Fashion	NetBanking	0
7131	2/12/2023 20:06	32	18.47	Medical	UPI	0
7132	2/12/2023 20:16	442	10	Restaurants	Credit Card	0
7133	2/12/2023 20:27	281	17.32	Grocery	UPI	0
7134	2/1/2023 11:50	63	73	Fuel	Credit Card	0
7135	1/14/2023 12:10	212	23.94	Grocery	NetBanking	0
7136	2/12/2023 20:54	372	67.09	Fashion	Credit Card	0
7137	2/12/2023 20:55	131	314.92	Fashion	Credit Card	0
7138	2/12/2023 20:57	85	22.53	Restaurants	UPI	0
7139	2/12/2023 21:09	150	56.64	Electronics	UPI	0
7140	2/12/2023 21:11	333	48.79	Grocery	UPI	0
7141	2/12/2023 21:11	499	45.07	Grocery	Credit Card	0
7142	1/4/2023 21:56	71	15.82	Electronics	Debit Card	0
7143	2/12/2023 21:24	202	46.6	Travel	UPI	0
7144	2/12/2023 21:25	423	11.27	Fuel	Debit Card	0
7145	2/12/2023 21:33	32	10.06	Grocery	UPI	0
7146	2/12/2023 21:38	332	26.92	Fuel	Debit Card	0
7147	2/12/2023 21:40	165	18.26	Grocery	Credit Card	0
7148	2/12/2023 21:41	124	37.45	Restaurants	UPI	0
7149	2/12/2023 21:48	49	17.41	Grocery	UPI	0
7150	2/12/2023 21:54	415	70.89	Restaurants	UPI	0
7151	2/13/2023 9:02	383	43.75	Medical	Credit Card	0
7152	2/13/2023 9:03	349	25.86	Grocery	Credit Card	0
7153	2/13/2023 9:04	339	118.93	Utility Bills	UPI	0
7154	2/13/2023 9:04	81	21.4	Utility Bills	UPI	0
7155	2/13/2023 9:07	417	10.07	Restaurants	Credit Card	0
7156	2/13/2023 9:14	3	387.32	Restaurants	Debit Card	0
7157	2/13/2023 9:15	349	79.12	Restaurants	UPI	0
7158	2/13/2023 9:23	361	46	Electronics	Credit Card	0
7159	2/13/2023 9:40	85	182.87	Fashion	UPI	0
7160	2/13/2023 9:51	202	29.47	Grocery	UPI	0
7161	2/13/2023 9:55	7	16.47	Travel	UPI	0
7162	2/13/2023 9:56	243	65.9	Utility Bills	UPI	0
7163	2/13/2023 9:56	329	49.72	Grocery	Debit Card	0
7164	2/13/2023 9:56	358	43.7	Grocery	UPI	0
7165	2/13/2023 9:58	427	130	Electronics	UPI	0
7166	2/13/2023 9:59	179	29.63	Grocery	Credit Card	0
7167	2/13/2023 10:12	306	27.68	Fashion	UPI	0
7168	2/13/2023 10:18	79	34.98	Medical	UPI	0
7169	2/13/2023 10:59	464	26.57	Electronics	Credit Card	0
7170	2/13/2023 11:02	144	43.85	Electronics	UPI	0
7171	2/13/2023 11:03	150	59.92	Grocery	Debit Card	0
7172	2/13/2023 11:03	6	125.6	Medical	UPI	0
7173	2/13/2023 11:08	9	16.09	Restaurants	UPI	0
7174	2/13/2023 11:25	205	48.42	Grocery	UPI	0
7175	2/13/2023 11:41	494	32.56	Utility Bills	Credit Card	0
7176	2/13/2023 11:43	291	14.2	Fashion	UPI	0
7177	2/13/2023 11:55	349	18.53	Fuel	UPI	0
7178	2/13/2023 11:57	477	20.33	Restaurants	Debit Card	0
7179	2/13/2023 12:09	207	22.35	Restaurants	Credit Card	0
7180	2/13/2023 12:22	123	61.43	Restaurants	NetBanking	0
7181	2/13/2023 12:25	22	39.49	Travel	Credit Card	0
7182	2/13/2023 12:26	286	10	Restaurants	UPI	0
7183	2/13/2023 12:32	215	21.71	Restaurants	Debit Card	0
7184	2/13/2023 12:42	495	11.37	Medical	NetBanking	0
7185	2/13/2023 12:44	189	34.46	Fashion	Credit Card	0
7186	2/13/2023 12:46	59	47.41	Utility Bills	UPI	0
7187	2/13/2023 12:47	458	16.33	Electronics	Debit Card	0
7188	2/13/2023 12:49	110	36.18	Restaurants	UPI	0
7189	2/13/2023 13:00	187	18.06	Utility Bills	Debit Card	0
7190	2/13/2023 13:19	329	95.69	Fashion	Credit Card	0
7191	2/13/2023 13:27	492	50.78	Fashion	Credit Card	0
7192	2/13/2023 13:33	147	70.88	Fuel	UPI	0
7193	2/13/2023 13:48	484	13.97	Restaurants	UPI	0
7194	2/13/2023 13:49	488	53.01	Restaurants	Debit Card	0
7195	2/13/2023 13:56	51	26.6	Grocery	NetBanking	0
7196	2/13/2023 14:05	392	12.91	Fashion	UPI	0
7197	2/13/2023 14:16	166	17.46	Fashion	Debit Card	0
7198	2/13/2023 14:19	274	12.34	Restaurants	UPI	0
7199	2/13/2023 14:44	231	19.56	Restaurants	UPI	0
7200	2/13/2023 14:51	499	42.91	Fashion	Credit Card	0
7201	2/13/2023 14:58	222	35.53	Utility Bills	Debit Card	0
7202	2/13/2023 15:11	37	22.45	Fuel	UPI	0
7203	2/13/2023 15:24	147	46.46	Electronics	Credit Card	0
7204	2/13/2023 15:25	290	41.56	Grocery	UPI	0
7205	2/13/2023 15:26	43	14.68	Fuel	UPI	0
7206	2/13/2023 15:27	81	11.09	Grocery	UPI	0
7207	2/13/2023 15:35	85	13.45	Electronics	UPI	0
7208	2/13/2023 15:36	208	13.95	Travel	Credit Card	0
7209	2/13/2023 15:58	179	60.59	Fashion	Credit Card	0
7210	2/13/2023 16:03	20	12.13	Restaurants	Credit Card	0
7211	2/13/2023 16:05	131	46.32	Utility Bills	UPI	0
7212	2/13/2023 16:06	179	51.1	Fuel	NetBanking	0
7213	2/13/2023 16:10	215	20.64	Fashion	UPI	0
7214	2/13/2023 16:23	202	77.94	Electronics	Debit Card	0
7215	2/13/2023 16:35	231	34.76	Restaurants	Debit Card	0
7216	2/13/2023 16:36	130	102.35	Electronics	Debit Card	0
7217	2/13/2023 16:40	208	13.3	Travel	NetBanking	0
7218	2/13/2023 16:41	385	19.39	Fashion	Debit Card	0
7219	2/13/2023 16:42	469	175.95	Fuel	UPI	0
7220	2/13/2023 16:51	71	19.57	Fashion	UPI	0
7221	2/13/2023 16:52	108	13.7	Grocery	UPI	0
7222	2/13/2023 16:54	465	30.94	Restaurants	UPI	0
7223	2/13/2023 17:01	1	12.44	Restaurants	Credit Card	0
7224	2/13/2023 17:05	6	267.65	Electronics	Credit Card	0
7225	2/13/2023 17:07	155	23.27	Medical	Debit Card	0
7226	2/13/2023 17:11	449	54.2	Fuel	UPI	0
7227	2/13/2023 17:13	9	27.4	Electronics	UPI	0
7228	2/13/2023 17:26	197	65.8	Medical	UPI	0
7229	2/13/2023 17:27	147	56.34	Travel	Credit Card	0
7230	2/13/2023 17:29	240	30.21	Fuel	UPI	0
7231	2/13/2023 17:30	42	65.14	Grocery	Credit Card	0
7232	2/13/2023 17:34	191	43.47	Grocery	Credit Card	0
7233	2/13/2023 17:34	330	27.79	Restaurants	NetBanking	0
7234	2/13/2023 17:35	4	48.58	Medical	UPI	0
7235	2/13/2023 17:39	147	195.77	Restaurants	UPI	0
7236	2/13/2023 17:48	443	10.56	Grocery	Credit Card	0
7237	2/13/2023 17:54	147	29.79	Grocery	Credit Card	0
7238	2/13/2023 18:00	449	95.9	Fuel	UPI	0
7239	2/13/2023 18:10	393	44.91	Electronics	Credit Card	0
7240	2/13/2023 18:12	446	38.76	Fuel	Debit Card	0
7241	2/13/2023 18:13	30	91.09	Fashion	Credit Card	0
7242	2/13/2023 18:16	253	15.88	Utility Bills	UPI	0
7243	2/13/2023 18:21	427	129.1	Electronics	Credit Card	0
7244	2/13/2023 18:22	85	68.53	Fashion	Debit Card	0
7245	2/13/2023 18:29	72	44.32	Utility Bills	UPI	0
7246	2/13/2023 18:30	178	10.7	Utility Bills	UPI	0
7247	2/13/2023 18:37	379	19.23	Medical	Credit Card	0
7248	2/13/2023 18:49	72	12.84	Medical	UPI	0
7249	2/13/2023 19:00	302	39.89	Grocery	UPI	0
7250	2/13/2023 19:02	305	16.08	Grocery	UPI	0
7251	2/13/2023 19:10	238	166.91	Electronics	NetBanking	0
7252	2/13/2023 19:27	231	13.05	Electronics	UPI	0
7253	1/8/2023 19:16	392	46.81	Grocery	Debit Card	0
7254	2/13/2023 19:32	87	30.29	Electronics	NetBanking	0
7255	2/13/2023 19:43	315	103.45	Fashion	NetBanking	0
7256	2/13/2023 19:48	254	22.19	Fuel	UPI	0
7257	2/13/2023 19:49	263	44.06	Electronics	UPI	0
7258	2/13/2023 19:56	100	74.44	Fashion	Debit Card	0
7259	2/13/2023 20:01	432	11.77	Restaurants	UPI	0
7260	2/13/2023 20:04	156	67.42	Fuel	Debit Card	0
7261	2/13/2023 20:06	446	91.02	Electronics	UPI	0
7262	2/13/2023 20:25	372	30.98	Grocery	UPI	0
7263	2/13/2023 20:30	89	26.34	Fuel	UPI	0
7264	2/13/2023 20:33	356	46.22	Grocery	Debit Card	1
7265	2/13/2023 20:35	165	21.2	Fashion	Credit Card	0
7266	2/13/2023 20:39	444	41.45	Grocery	UPI	0
7267	2/13/2023 20:51	46	171.35	Electronics	UPI	0
7268	2/13/2023 20:53	423	14.52	Fuel	Credit Card	0
7269	2/13/2023 20:56	6	58.45	Grocery	Credit Card	0
7270	2/14/2023 13:36	211	42.73	Restaurants	UPI	0
7271	2/13/2023 21:24	491	28.94	Grocery	Credit Card	0
7272	2/13/2023 21:28	89	19.08	Fuel	Debit Card	0
7273	2/13/2023 21:29	137	35.43	Grocery	UPI	0
7274	2/13/2023 21:32	340	58.06	Electronics	Credit Card	0
7275	2/13/2023 21:38	343	129.08	Grocery	Credit Card	0
7276	2/13/2023 21:43	276	47.51	Fashion	Credit Card	0
7277	2/13/2023 21:46	294	33.16	Utility Bills	Credit Card	0
7278	2/13/2023 21:47	221	39.86	Fashion	UPI	0
7279	2/13/2023 21:48	363	16.74	Grocery	NetBanking	0
7280	2/13/2023 21:57	85	18.7	Grocery	Debit Card	0
7281	2/13/2023 21:58	461	89.79	Electronics	Debit Card	0
7282	2/14/2023 9:09	138	12.34	Electronics	Debit Card	0
7283	2/14/2023 9:14	67	135.58	Restaurants	UPI	0
7284	2/14/2023 9:15	145	19.9	Grocery	UPI	0
7285	2/14/2023 9:22	77	23.87	Travel	Debit Card	0
7286	2/14/2023 9:38	219	48.17	Grocery	Credit Card	0
7287	2/14/2023 9:41	70	353.82	Fashion	Debit Card	0
7288	2/14/2023 9:41	34	119.27	Restaurants	Debit Card	0
7289	2/14/2023 9:43	150	65.06	Restaurants	UPI	0
7290	2/14/2023 9:45	189	56.84	Fashion	NetBanking	0
7291	2/14/2023 9:46	9	70.86	Grocery	UPI	0
7292	2/14/2023 9:59	483	36.32	Electronics	Debit Card	0
7293	2/14/2023 10:03	234	132.94	Grocery	Debit Card	0
7294	2/14/2023 10:10	156	71.34	Fashion	Credit Card	0
7295	2/14/2023 10:15	126	57.13	Medical	UPI	0
7296	2/14/2023 10:18	302	26.23	Medical	UPI	0
7297	2/14/2023 10:21	32	38.99	Travel	Credit Card	0
7298	2/14/2023 10:21	147	64.04	Fashion	UPI	0
7299	2/14/2023 10:30	491	78.64	Electronics	UPI	0
7300	2/14/2023 10:41	127	83.36	Grocery	Debit Card	0
7301	2/14/2023 10:43	33	10	Grocery	UPI	0
7302	2/14/2023 10:50	36	365.74	Grocery	UPI	0
7303	2/14/2023 10:53	318	68.95	Travel	Debit Card	0
7304	2/14/2023 10:57	373	27.15	Grocery	UPI	0
7305	2/14/2023 10:58	22	158.7	Utility Bills	UPI	0
7306	2/14/2023 11:01	112	305.77	Electronics	UPI	0
7307	2/14/2023 11:04	72	63.84	Medical	Credit Card	0
7308	2/14/2023 11:08	221	17.93	Restaurants	Credit Card	0
7309	2/14/2023 11:16	278	187.57	Fashion	Debit Card	0
7310	2/14/2023 11:29	298	34.02	Travel	UPI	0
7311	2/14/2023 11:34	333	25.03	Electronics	UPI	0
7312	2/14/2023 11:40	459	10.43	Grocery	Credit Card	0
7313	2/14/2023 11:42	233	10.92	Utility Bills	UPI	0
7314	2/14/2023 11:45	363	71.25	Fuel	UPI	0
7315	2/14/2023 11:48	244	11.91	Restaurants	Credit Card	0
7316	2/14/2023 11:50	9	26.58	Fashion	Debit Card	0
7317	2/14/2023 11:55	282	43.79	Electronics	Debit Card	0
7318	2/14/2023 12:05	427	107.16	Medical	Debit Card	0
7319	2/14/2023 12:07	373	72.49	Grocery	UPI	0
7320	2/14/2023 12:09	187	91.53	Fuel	Debit Card	0
7321	2/14/2023 12:18	190	559.53	Electronics	UPI	0
7322	2/14/2023 12:24	292	16.69	Fuel	Credit Card	0
7323	2/14/2023 12:31	40	46.25	Restaurants	Debit Card	0
7324	2/14/2023 12:33	231	117.65	Utility Bills	Credit Card	0
7325	2/14/2023 12:39	233	72.31	Fashion	Credit Card	0
7326	2/14/2023 12:43	250	10.01	Fuel	UPI	0
7327	2/14/2023 12:43	387	38.67	Grocery	UPI	0
7328	2/14/2023 12:50	85	39.82	Utility Bills	UPI	0
7329	2/21/2023 9:15	96	81.19	Medical	Credit Card	0
7330	2/14/2023 12:58	270	19.58	Restaurants	Debit Card	0
7331	2/14/2023 13:00	258	78.95	Travel	Debit Card	0
7332	2/14/2023 13:01	365	23.74	Restaurants	Debit Card	0
7333	2/14/2023 13:05	396	30.3	Fashion	NetBanking	0
7334	2/14/2023 13:07	34	75.71	Restaurants	UPI	0
7335	2/14/2023 13:11	341	27.41	Travel	UPI	0
7336	2/14/2023 13:13	276	67.88	Grocery	Debit Card	1
7337	2/14/2023 13:15	328	13.21	Fashion	UPI	0
7338	2/14/2023 13:18	287	35.74	Electronics	Debit Card	0
7339	2/14/2023 13:23	320	131.1	Fashion	Debit Card	0
7340	2/14/2023 13:24	329	43.47	Grocery	Credit Card	0
7341	2/14/2023 13:28	169	63.67	Restaurants	NetBanking	0
7342	2/14/2023 13:30	387	41.77	Grocery	Debit Card	0
7343	2/14/2023 13:31	88	22.79	Utility Bills	Debit Card	0
7344	2/14/2023 13:33	166	10	Utility Bills	Credit Card	0
7345	2/14/2023 13:36	211	27.41	Utility Bills	Debit Card	0
7346	2/14/2023 13:37	145	137.04	Grocery	Credit Card	0
7347	2/14/2023 13:45	365	30.73	Utility Bills	NetBanking	0
7348	2/14/2023 14:11	486	49.19	Fashion	Credit Card	0
7349	2/14/2023 14:12	15	23.53	Travel	Credit Card	0
7350	2/14/2023 14:24	202	65.02	Fashion	Credit Card	0
7351	2/10/2023 9:28	438	58.2	Electronics	UPI	0
7352	2/14/2023 14:28	150	68.64	Electronics	NetBanking	0
7353	2/14/2023 14:28	409	26.49	Fashion	Credit Card	0
7354	2/14/2023 14:38	63	18.44	Electronics	UPI	0
7355	2/14/2023 14:40	108	24.1	Grocery	NetBanking	0
7356	2/14/2023 14:41	213	13.37	Restaurants	Credit Card	0
7357	2/14/2023 14:43	224	25.21	Grocery	Credit Card	0
7358	2/14/2023 14:50	209	10	Utility Bills	Credit Card	0
7359	2/14/2023 14:51	304	203.78	Travel	UPI	0
7360	2/14/2023 14:51	267	79.85	Grocery	UPI	0
7361	2/14/2023 14:53	109	41.72	Travel	UPI	0
7362	2/14/2023 14:58	7	19.36	Grocery	Credit Card	0
7363	2/14/2023 14:59	395	95.28	Fashion	UPI	0
7364	2/14/2023 15:01	28	41.58	Electronics	UPI	0
7365	2/14/2023 15:02	387	91.84	Utility Bills	Credit Card	0
7366	2/14/2023 15:07	341	11.82	Fashion	Credit Card	0
7367	2/14/2023 15:08	302	36.95	Fuel	UPI	0
7368	2/14/2023 15:08	87	34.93	Travel	Credit Card	0
7369	2/14/2023 15:15	164	62.02	Travel	NetBanking	0
7370	2/14/2023 15:25	371	65.61	Utility Bills	UPI	0
7371	2/14/2023 15:26	437	39.93	Electronics	Debit Card	0
7372	2/14/2023 15:32	260	11.52	Utility Bills	UPI	0
7373	2/14/2023 15:33	295	23.54	Travel	NetBanking	0
7374	2/14/2023 15:34	233	10	Utility Bills	UPI	0
7375	2/14/2023 15:38	281	27.03	Fashion	Credit Card	0
7376	2/14/2023 15:40	7	27.55	Grocery	Credit Card	0
7377	2/14/2023 15:40	81	61.32	Medical	UPI	0
7378	2/14/2023 15:40	9	21.81	Grocery	Credit Card	0
7379	2/14/2023 15:43	480	20.44	Fashion	UPI	0
7380	2/14/2023 15:44	9	13.91	Fashion	UPI	0
7381	2/26/2023 9:47	247	72.95	Electronics	Credit Card	0
7382	2/14/2023 15:46	405	10	Utility Bills	Debit Card	0
7383	2/14/2023 15:51	124	29.23	Grocery	UPI	0
7384	2/14/2023 15:53	145	145.56	Fashion	Debit Card	0
7385	2/14/2023 15:54	17	55.94	Grocery	UPI	0
7386	2/14/2023 15:57	199	63.12	Medical	UPI	0
7387	2/14/2023 16:03	250	60.21	Utility Bills	UPI	0
7388	2/14/2023 16:05	161	10	Grocery	Debit Card	0
7389	2/14/2023 16:06	22	18.76	Utility Bills	UPI	0
7390	2/14/2023 16:11	491	28.13	Fashion	Credit Card	0
7391	2/14/2023 16:16	250	73.37	Fuel	Debit Card	0
7392	2/14/2023 16:30	231	78.93	Electronics	Debit Card	0
7393	2/14/2023 16:30	175	22.69	Electronics	NetBanking	0
7394	2/14/2023 16:33	148	13.44	Medical	Credit Card	0
7395	2/14/2023 16:35	309	88.68	Electronics	Debit Card	0
7396	2/14/2023 16:35	147	30.37	Grocery	UPI	0
7397	2/14/2023 16:36	463	14.51	Medical	UPI	0
7398	2/14/2023 16:41	338	16.13	Utility Bills	Credit Card	0
7399	2/14/2023 16:44	333	46.01	Electronics	UPI	0
7400	2/14/2023 16:46	133	80.81	Restaurants	UPI	0
7401	2/14/2023 16:59	72	22.18	Travel	UPI	0
7402	2/14/2023 17:10	85	47.42	Medical	Debit Card	0
7403	2/14/2023 17:11	24	24.76	Grocery	Debit Card	0
7404	2/14/2023 17:11	9	52.58	Fashion	UPI	0
7405	2/14/2023 17:13	81	18.36	Medical	NetBanking	0
7406	2/14/2023 17:13	333	53.32	Restaurants	NetBanking	0
7407	2/14/2023 17:19	463	27.43	Electronics	UPI	0
7408	2/14/2023 17:20	49	106.44	Fuel	UPI	0
7409	2/14/2023 17:23	302	20.36	Utility Bills	NetBanking	0
7410	2/14/2023 17:23	250	46.46	Utility Bills	UPI	0
7411	2/14/2023 17:23	85	11.04	Restaurants	UPI	0
7412	2/14/2023 17:34	241	27.35	Medical	UPI	0
7413	2/14/2023 17:34	403	92.17	Grocery	NetBanking	0
7414	2/14/2023 17:36	234	32.5	Utility Bills	Credit Card	0
7415	2/14/2023 17:38	287	10.06	Grocery	UPI	0
7416	2/14/2023 17:38	449	124.28	Restaurants	UPI	0
7417	2/14/2023 17:39	458	85.31	Fuel	UPI	0
7418	2/14/2023 17:42	99	10.7	Restaurants	NetBanking	0
7419	2/14/2023 17:45	386	191.21	Restaurants	UPI	0
7420	2/14/2023 17:48	153	72.67	Grocery	UPI	0
7421	2/14/2023 17:51	138	13.09	Travel	NetBanking	0
7422	2/14/2023 18:02	174	36.18	Grocery	UPI	0
7423	2/14/2023 18:13	179	37.24	Travel	UPI	0
7424	2/14/2023 18:17	37	698.5	Restaurants	Credit Card	0
7425	2/14/2023 18:17	491	39.73	Restaurants	UPI	0
7426	2/14/2023 18:19	445	48.06	Electronics	UPI	0
7427	2/14/2023 18:21	203	37.91	Grocery	UPI	0
7428	2/14/2023 18:21	66	50.11	Grocery	UPI	0
7429	2/14/2023 18:23	178	14.65	Grocery	UPI	0
7430	2/14/2023 18:24	333	56.74	Fashion	Debit Card	0
7431	2/14/2023 18:31	298	15.86	Fuel	UPI	0
7432	2/14/2023 18:32	119	35.71	Fashion	UPI	0
7433	2/14/2023 18:42	229	30.83	Grocery	UPI	0
7434	2/14/2023 18:44	108	69.98	Medical	Credit Card	0
7435	2/14/2023 18:46	1	36.92	Medical	Credit Card	0
7436	2/14/2023 18:51	111	54.95	Travel	Credit Card	0
7437	2/14/2023 18:57	200	140.99	Grocery	Debit Card	0
7438	2/14/2023 19:03	391	36.14	Fuel	UPI	0
7439	2/14/2023 19:07	240	10	Restaurants	Credit Card	0
7440	2/14/2023 19:07	206	66.22	Electronics	UPI	0
7441	2/14/2023 19:10	477	28.07	Restaurants	Debit Card	0
7442	2/14/2023 19:13	85	35.46	Restaurants	Debit Card	0
7443	2/14/2023 19:16	379	24.47	Restaurants	Credit Card	0
7444	2/14/2023 19:16	22	34.5	Electronics	UPI	0
7445	2/14/2023 19:24	5	23.33	Grocery	Credit Card	0
7446	2/14/2023 19:30	328	259.93	Fashion	Debit Card	0
7447	2/14/2023 19:30	265	19.12	Grocery	Credit Card	0
7448	2/14/2023 19:32	281	135.25	Restaurants	UPI	0
7449	2/14/2023 19:33	285	57.65	Medical	Debit Card	0
7450	2/14/2023 19:34	147	56.55	Utility Bills	Debit Card	0
7451	2/14/2023 19:35	204	18.27	Utility Bills	Credit Card	0
7452	2/14/2023 19:37	471	225.65	Travel	Debit Card	0
7453	2/14/2023 19:43	398	48.81	Utility Bills	UPI	0
7454	2/14/2023 19:44	9	42.12	Grocery	Credit Card	0
7455	2/14/2023 19:45	100	20.62	Fashion	UPI	0
7456	2/14/2023 19:46	232	87.17	Electronics	UPI	0
7457	2/14/2023 19:49	231	39.46	Fuel	Credit Card	0
7458	2/14/2023 19:51	41	137.3	Fashion	NetBanking	1
7459	2/14/2023 19:58	149	33.3	Utility Bills	UPI	0
7460	2/14/2023 20:03	400	29.71	Electronics	UPI	0
7461	2/14/2023 20:05	387	13.43	Fuel	UPI	0
7462	2/14/2023 20:06	285	10	Utility Bills	Debit Card	0
7463	2/14/2023 20:08	481	85.17	Fashion	NetBanking	0
7464	2/14/2023 20:08	285	22.54	Fuel	UPI	0
7465	2/14/2023 20:09	147	15.02	Fuel	UPI	0
7466	2/14/2023 20:28	147	26.15	Restaurants	UPI	0
7467	2/14/2023 20:34	147	22	Restaurants	NetBanking	0
7468	2/14/2023 20:35	130	379.31	Fuel	Credit Card	0
7469	2/14/2023 20:38	330	30.62	Medical	UPI	0
7470	2/14/2023 20:44	234	54.91	Grocery	UPI	0
7471	2/14/2023 20:56	62	27.03	Grocery	UPI	0
7472	2/14/2023 21:00	343	34.52	Grocery	Debit Card	0
7473	2/14/2023 21:00	42	23.93	Grocery	UPI	1
7474	2/14/2023 21:03	147	124.23	Grocery	NetBanking	0
7475	2/14/2023 21:04	298	16.14	Utility Bills	NetBanking	0
7476	2/14/2023 21:07	70	13.39	Restaurants	UPI	0
7477	2/14/2023 21:21	231	47.92	Utility Bills	Debit Card	0
7478	2/14/2023 21:28	351	36.4	Restaurants	Credit Card	0
7479	2/14/2023 21:30	211	11.44	Utility Bills	UPI	0
7480	2/14/2023 21:33	328	44.59	Fuel	Credit Card	0
7481	2/14/2023 21:34	119	86.04	Fashion	Credit Card	0
7482	2/14/2023 21:38	299	10.57	Fuel	UPI	0
7483	2/14/2023 21:48	379	122.49	Medical	UPI	0
7484	2/14/2023 21:55	320	125.56	Travel	Credit Card	0
7485	2/14/2023 21:55	302	15.83	Utility Bills	UPI	1
7486	2/15/2023 9:03	260	36.16	Utility Bills	NetBanking	0
7487	2/15/2023 9:03	81	12.82	Fuel	Credit Card	0
7488	2/15/2023 9:05	58	16.77	Utility Bills	UPI	0
7489	2/15/2023 9:10	133	67.87	Travel	Credit Card	0
7490	2/15/2023 9:13	349	161.68	Electronics	Credit Card	0
7491	2/15/2023 9:16	153	61.83	Grocery	Credit Card	0
7492	2/15/2023 9:17	382	13.45	Electronics	UPI	0
7493	2/15/2023 9:20	153	24.15	Grocery	UPI	0
7494	2/15/2023 9:22	375	13.19	Fashion	UPI	0
7495	2/15/2023 9:23	182	65.48	Restaurants	Credit Card	0
7496	2/15/2023 9:28	396	14.58	Electronics	Debit Card	0
7497	2/15/2023 9:37	327	33	Electronics	UPI	0
7498	2/15/2023 9:45	104	10.46	Restaurants	UPI	0
7499	2/15/2023 9:51	333	26.45	Utility Bills	Debit Card	0
7500	2/15/2023 9:51	231	43.55	Fashion	UPI	0
7501	2/15/2023 10:04	491	17.05	Travel	Credit Card	1
7502	2/15/2023 10:05	313	141.93	Utility Bills	NetBanking	0
7503	2/15/2023 10:14	287	35.98	Electronics	Credit Card	0
7504	2/15/2023 10:17	147	50.36	Fuel	Debit Card	0
7505	2/15/2023 10:19	302	62.31	Travel	Debit Card	0
7506	2/15/2023 10:23	298	90.2	Electronics	UPI	0
7507	2/15/2023 10:26	365	10	Utility Bills	UPI	0
7508	2/15/2023 10:27	276	19.59	Electronics	Credit Card	0
7509	2/15/2023 10:32	9	128.39	Utility Bills	Debit Card	0
7510	2/15/2023 10:41	202	124.85	Fuel	Credit Card	0
7511	2/15/2023 10:42	382	46.34	Electronics	Credit Card	0
7512	2/15/2023 10:44	461	34.34	Utility Bills	Debit Card	0
7513	2/15/2023 10:45	213	43.55	Fashion	UPI	0
7514	2/15/2023 10:45	461	45.07	Fashion	Debit Card	0
7515	2/15/2023 10:53	313	53.13	Utility Bills	Debit Card	0
7516	2/15/2023 10:59	228	18.96	Travel	UPI	0
7517	2/15/2023 11:03	339	14.34	Restaurants	Credit Card	0
7518	2/15/2023 11:05	432	100.38	Grocery	Credit Card	0
7519	2/15/2023 11:06	150	22.75	Restaurants	UPI	0
7520	2/15/2023 11:18	260	38.48	Fashion	Credit Card	0
7521	2/15/2023 11:22	373	102.31	Restaurants	UPI	0
7522	2/15/2023 11:27	156	12.89	Utility Bills	UPI	0
7523	2/15/2023 11:32	33	113.31	Travel	UPI	0
7524	2/15/2023 11:39	262	11.78	Fuel	UPI	0
7525	2/15/2023 11:50	147	73.41	Medical	UPI	0
7526	2/15/2023 11:50	445	41.74	Restaurants	Credit Card	0
7527	2/15/2023 11:52	26	26.66	Fashion	UPI	0
7528	2/15/2023 11:55	481	64.1	Grocery	Debit Card	0
7529	2/15/2023 12:04	320	39.65	Electronics	UPI	0
7530	2/15/2023 12:09	190	248.55	Grocery	UPI	0
7531	2/15/2023 12:11	213	22.29	Restaurants	UPI	0
7532	2/15/2023 12:40	208	73.54	Grocery	UPI	0
7533	2/15/2023 12:42	231	104.76	Fashion	UPI	0
7534	2/15/2023 12:47	238	28.88	Utility Bills	UPI	0
7535	2/15/2023 12:53	302	131.17	Travel	UPI	0
7536	2/15/2023 12:55	72	39.05	Fashion	UPI	0
7537	2/15/2023 12:56	373	10.83	Grocery	NetBanking	0
7538	2/15/2023 12:59	307	45.57	Electronics	Credit Card	0
7539	2/15/2023 13:02	106	64.7	Electronics	UPI	0
7540	2/15/2023 13:08	424	93.9	Medical	UPI	0
7541	2/15/2023 13:14	432	20.86	Fuel	NetBanking	0
7542	2/15/2023 13:17	215	64.91	Electronics	UPI	0
7543	2/15/2023 13:29	256	29.29	Restaurants	Credit Card	0
7544	2/15/2023 13:39	478	52.57	Grocery	Debit Card	0
7545	2/15/2023 13:44	30	29.23	Grocery	Credit Card	0
7546	2/15/2023 13:46	445	42.48	Utility Bills	Debit Card	0
7547	2/15/2023 13:53	291	46.96	Restaurants	Debit Card	0
7548	2/15/2023 13:59	253	49.07	Travel	UPI	0
7549	2/15/2023 14:02	87	18.34	Grocery	UPI	0
7550	2/15/2023 14:09	3	42.76	Restaurants	UPI	0
7551	2/15/2023 14:12	3	110.42	Medical	Credit Card	0
7552	2/15/2023 14:20	398	154.82	Medical	UPI	0
7553	2/15/2023 14:30	102	41.78	Fashion	UPI	0
7554	2/15/2023 14:39	130	11.04	Fuel	UPI	0
7555	2/15/2023 14:53	231	10.62	Fuel	UPI	0
7556	2/15/2023 15:08	477	32.76	Fuel	UPI	0
7557	2/15/2023 15:10	130	196.27	Fashion	UPI	0
7558	2/15/2023 15:11	147	16.98	Restaurants	Credit Card	0
7559	2/15/2023 15:14	177	10.19	Restaurants	UPI	0
7560	2/15/2023 15:14	76	30.98	Fashion	Debit Card	0
7561	2/15/2023 15:16	60	46.58	Restaurants	NetBanking	0
7562	2/15/2023 15:16	251	25.99	Restaurants	Debit Card	0
7563	2/15/2023 15:20	453	38.51	Fashion	Debit Card	0
7564	2/15/2023 15:21	165	10	Grocery	Credit Card	0
7565	2/15/2023 15:22	307	31.99	Restaurants	UPI	0
7566	2/15/2023 15:35	458	32.04	Grocery	UPI	0
7567	2/15/2023 15:38	341	35.85	Travel	UPI	0
7568	2/15/2023 15:38	404	66.98	Fashion	UPI	0
7569	2/15/2023 15:43	20	33.66	Grocery	Credit Card	0
7570	2/15/2023 15:47	440	10	Grocery	Debit Card	0
7571	2/15/2023 15:49	462	51.59	Grocery	Credit Card	0
7572	2/15/2023 15:54	72	10	Restaurants	Credit Card	0
7573	2/15/2023 15:57	250	54.6	Utility Bills	Credit Card	0
7574	2/15/2023 16:14	21	42.47	Utility Bills	Credit Card	0
7575	2/15/2023 16:16	98	12.19	Fashion	UPI	0
7576	2/15/2023 16:25	177	15.59	Electronics	UPI	0
7577	2/15/2023 16:25	178	19.11	Grocery	Debit Card	0
7578	2/15/2023 16:26	186	67.74	Fashion	UPI	0
7579	2/15/2023 16:32	362	82.66	Travel	UPI	0
7580	2/15/2023 16:33	187	18.49	Fuel	UPI	0
7581	2/15/2023 16:38	114	15.54	Medical	UPI	0
7582	2/15/2023 16:42	55	30.3	Grocery	UPI	0
7583	2/15/2023 16:51	109	32.07	Restaurants	UPI	0
7584	2/15/2023 16:52	305	87.32	Travel	UPI	0
7585	2/15/2023 16:56	99	38.99	Fuel	UPI	0
7586	2/15/2023 16:57	429	46.11	Electronics	UPI	0
7587	2/15/2023 16:57	256	100.52	Utility Bills	Credit Card	0
7588	2/15/2023 16:58	202	92.62	Fuel	Credit Card	0
7589	2/15/2023 16:58	333	47.07	Medical	UPI	0
7590	2/15/2023 17:02	312	52.49	Fashion	Debit Card	0
7591	2/15/2023 17:10	224	12.48	Fashion	UPI	0
7592	2/15/2023 17:10	99	40.34	Medical	NetBanking	0
7593	2/15/2023 17:11	359	87.71	Grocery	Credit Card	0
7594	2/15/2023 17:12	215	36.03	Fuel	Credit Card	0
7595	2/15/2023 17:22	49	29.31	Restaurants	Credit Card	0
7596	2/15/2023 17:24	3	132.16	Travel	Debit Card	1
7597	2/15/2023 17:28	461	14.8	Restaurants	Credit Card	0
7598	2/15/2023 17:32	327	75.38	Fuel	Credit Card	0
7599	2/15/2023 17:37	231	22.18	Fuel	UPI	0
7600	2/15/2023 17:48	362	21.97	Restaurants	UPI	0
7601	2/15/2023 17:52	444	34.3	Medical	Credit Card	0
7602	2/15/2023 17:55	201	13.38	Fashion	Credit Card	0
7603	2/15/2023 18:04	163	26.27	Utility Bills	UPI	0
7604	2/15/2023 18:04	49	10.71	Utility Bills	UPI	0
7605	2/15/2023 18:07	333	29.41	Electronics	Credit Card	0
7606	2/15/2023 18:07	273	97.3	Fuel	UPI	0
7607	2/15/2023 18:11	96	13.42	Utility Bills	UPI	0
7608	2/15/2023 18:12	296	93.19	Electronics	Credit Card	0
7609	2/15/2023 18:14	298	29.03	Grocery	UPI	0
7610	2/15/2023 18:20	211	242.6	Grocery	UPI	0
7611	2/15/2023 18:22	483	35.7	Medical	Debit Card	0
7612	2/15/2023 18:24	100	53.46	Utility Bills	UPI	0
7613	2/15/2023 18:24	94	14.37	Medical	Credit Card	0
7614	2/15/2023 18:26	147	54.91	Grocery	UPI	0
7615	2/15/2023 18:26	417	122.18	Medical	UPI	0
7616	2/15/2023 18:31	147	42.65	Grocery	Debit Card	0
7617	2/15/2023 18:35	435	67	Grocery	Debit Card	0
7618	2/15/2023 18:37	483	47.39	Grocery	NetBanking	0
7619	2/15/2023 18:45	231	81.27	Grocery	UPI	0
7620	2/15/2023 18:53	148	112.96	Fashion	UPI	0
7621	2/15/2023 18:55	446	11.44	Travel	UPI	0
7622	2/15/2023 19:01	397	92.69	Medical	Credit Card	0
7623	2/15/2023 19:09	37	22.28	Grocery	UPI	0
7624	2/15/2023 19:22	147	27.23	Restaurants	Credit Card	0
7625	2/15/2023 19:28	204	53.63	Utility Bills	UPI	0
7626	2/15/2023 19:31	378	28.68	Grocery	Debit Card	0
7627	2/15/2023 19:31	165	33.33	Grocery	Credit Card	0
7628	2/15/2023 19:34	174	82.9	Fuel	Credit Card	0
7629	2/15/2023 19:35	96	122.7	Grocery	Credit Card	0
7630	2/15/2023 19:35	65	25.68	Medical	UPI	0
7631	2/15/2023 19:39	154	37.52	Fashion	NetBanking	0
7632	2/15/2023 19:52	293	30.54	Grocery	UPI	0
7633	2/15/2023 19:55	332	71.81	Grocery	UPI	0
7634	2/15/2023 19:58	438	70.19	Utility Bills	Credit Card	0
7635	2/15/2023 19:58	461	49.69	Medical	UPI	0
7636	2/15/2023 19:59	158	48.01	Restaurants	Debit Card	0
7637	2/15/2023 20:03	187	30.86	Fashion	Debit Card	0
7638	2/15/2023 20:03	325	50.82	Grocery	Credit Card	0
7639	2/15/2023 20:06	247	18.39	Travel	UPI	0
7640	2/15/2023 20:08	78	37.97	Grocery	Credit Card	0
7641	2/15/2023 20:19	147	40.38	Fashion	UPI	0
7642	2/15/2023 20:24	176	16.55	Fuel	Credit Card	0
7643	2/15/2023 20:26	295	45.17	Electronics	Debit Card	0
7644	2/15/2023 20:28	417	84.09	Medical	UPI	0
7645	2/15/2023 20:39	467	37.18	Travel	UPI	0
7646	2/15/2023 20:42	100	31.28	Fuel	Credit Card	0
7647	2/15/2023 20:46	43	18.1	Medical	Debit Card	0
7648	2/15/2023 20:46	470	48.8	Electronics	Credit Card	0
7649	2/15/2023 20:46	77	86.84	Utility Bills	UPI	0
7650	2/15/2023 20:52	469	10	Utility Bills	Debit Card	0
7651	2/15/2023 20:53	435	16.45	Medical	NetBanking	0
7652	2/15/2023 21:08	187	18.53	Medical	NetBanking	0
7653	2/15/2023 21:08	256	17.03	Utility Bills	Debit Card	0
7654	2/15/2023 21:08	68	86.36	Utility Bills	UPI	0
7655	2/15/2023 21:09	361	21.72	Medical	Debit Card	0
7656	2/15/2023 21:12	321	22.12	Travel	Credit Card	0
7657	2/15/2023 21:27	361	25.66	Restaurants	Debit Card	0
7658	2/15/2023 21:30	409	23.17	Grocery	UPI	0
7659	2/15/2023 21:30	77	49.92	Utility Bills	Credit Card	0
7660	2/15/2023 21:41	133	47.26	Fashion	UPI	0
7661	2/15/2023 21:41	276	57.65	Fashion	Credit Card	0
7662	2/15/2023 21:46	95	16.73	Fuel	UPI	0
7663	2/15/2023 21:52	393	59.25	Electronics	Debit Card	0
7664	2/15/2023 21:52	230	18.97	Electronics	NetBanking	0
7665	2/15/2023 21:55	250	21.45	Electronics	UPI	0
7666	2/15/2023 21:56	119	30.42	Medical	NetBanking	0
7667	2/16/2023 9:06	208	47.01	Fuel	Debit Card	0
7668	2/16/2023 9:07	239	23.81	Electronics	Debit Card	0
7669	2/16/2023 9:53	387	22.75	Grocery	UPI	0
7670	2/16/2023 9:54	477	10	Utility Bills	Credit Card	0
7671	2/16/2023 10:13	304	28.9	Utility Bills	UPI	0
7672	2/16/2023 10:14	133	149.89	Medical	UPI	0
7673	2/16/2023 10:15	133	45.04	Travel	UPI	0
7674	2/16/2023 10:20	26	68.16	Fashion	Credit Card	0
7675	2/16/2023 10:28	353	26.86	Electronics	NetBanking	0
7676	2/16/2023 10:33	444	30.75	Grocery	UPI	0
7677	2/16/2023 10:38	208	12.75	Fashion	Debit Card	0
7678	2/16/2023 11:07	224	45.73	Electronics	Credit Card	0
7679	2/16/2023 11:15	78	125.73	Fashion	UPI	0
7680	2/16/2023 11:21	250	20.98	Medical	UPI	0
7681	2/16/2023 11:22	225	51.86	Utility Bills	Debit Card	0
7682	2/16/2023 11:24	149	12.5	Medical	Debit Card	0
7683	2/16/2023 11:50	149	57.41	Fashion	Credit Card	0
7684	2/16/2023 11:50	477	39.08	Utility Bills	UPI	0
7685	2/16/2023 12:05	218	122.22	Restaurants	UPI	0
7686	2/16/2023 12:14	240	46.52	Grocery	Credit Card	0
7687	2/16/2023 12:21	150	21.13	Grocery	Debit Card	0
7688	2/16/2023 12:27	240	33.62	Restaurants	UPI	0
7689	2/16/2023 12:28	10	467.51	Grocery	UPI	0
7690	2/16/2023 12:30	428	35.46	Grocery	NetBanking	0
7691	2/16/2023 12:31	302	57.22	Fashion	UPI	0
7692	2/16/2023 12:31	41	53.48	Travel	Credit Card	0
7693	2/16/2023 12:32	461	47.55	Grocery	UPI	1
7694	2/16/2023 12:46	317	48.26	Fuel	NetBanking	0
7695	2/16/2023 13:01	130	220.77	Restaurants	UPI	0
7696	2/16/2023 13:05	424	46.19	Fashion	UPI	0
7697	2/16/2023 13:06	468	23.83	Restaurants	Credit Card	0
7698	2/16/2023 13:08	184	51.69	Grocery	Debit Card	0
7699	2/16/2023 13:27	499	43.52	Grocery	UPI	0
7700	2/16/2023 13:30	250	24.86	Fuel	Credit Card	0
7701	2/16/2023 13:32	477	49.12	Grocery	UPI	0
7702	2/16/2023 13:46	233	30.37	Restaurants	NetBanking	0
7703	2/16/2023 13:52	481	20.21	Fuel	Credit Card	0
7704	2/16/2023 14:01	156	30.2	Medical	UPI	0
7705	2/16/2023 14:06	339	13.76	Utility Bills	Credit Card	0
7706	2/16/2023 14:09	247	13.54	Electronics	Credit Card	0
7707	2/16/2023 14:09	454	89.91	Fuel	UPI	0
7708	2/16/2023 14:10	491	77.39	Medical	NetBanking	0
7709	2/16/2023 14:16	281	10	Restaurants	Debit Card	0
7710	2/16/2023 14:16	87	20.61	Restaurants	Credit Card	0
7711	2/16/2023 14:24	444	34.88	Utility Bills	UPI	0
7712	2/16/2023 14:30	108	25.7	Fashion	Debit Card	0
7713	2/16/2023 14:47	372	77.14	Travel	UPI	0
7714	2/16/2023 14:54	296	35.99	Travel	Debit Card	0
7715	2/16/2023 14:58	94	45.71	Grocery	Credit Card	0
7716	2/16/2023 15:02	183	27.61	Restaurants	UPI	0
7717	2/16/2023 15:02	43	13.51	Fashion	Credit Card	0
7718	2/16/2023 15:14	205	118.72	Fuel	UPI	0
7719	2/16/2023 15:15	477	15.74	Grocery	UPI	0
7720	2/16/2023 15:24	15	29.67	Fashion	Credit Card	0
7721	2/16/2023 15:26	393	32.76	Restaurants	Debit Card	0
7722	2/16/2023 15:32	365	10	Grocery	Credit Card	0
7723	2/16/2023 15:33	277	24.67	Grocery	UPI	0
7724	2/16/2023 15:36	305	89.27	Electronics	UPI	0
7725	2/16/2023 15:39	343	14.58	Restaurants	Debit Card	0
7726	2/16/2023 15:46	137	77.63	Grocery	Credit Card	0
7727	2/16/2023 15:46	101	29.6	Utility Bills	NetBanking	0
7728	2/16/2023 15:55	133	31.69	Restaurants	UPI	0
7729	2/16/2023 16:01	9	197.34	Utility Bills	Debit Card	0
7730	2/16/2023 16:02	213	46.77	Electronics	Debit Card	0
7731	2/16/2023 16:07	482	186.66	Fashion	UPI	0
7732	2/16/2023 16:08	37	162.96	Electronics	UPI	0
7733	2/16/2023 16:12	458	27.47	Restaurants	UPI	0
7734	2/16/2023 16:15	403	25.5	Grocery	Debit Card	0
7735	2/16/2023 16:24	96	37.21	Restaurants	Credit Card	0
7736	2/16/2023 16:29	77	24.77	Electronics	UPI	0
7737	2/16/2023 16:30	9	54.36	Electronics	Debit Card	0
7738	2/16/2023 16:33	304	17.04	Restaurants	NetBanking	0
7739	2/16/2023 16:35	150	40.91	Fashion	NetBanking	0
7740	2/16/2023 16:47	477	23.86	Fuel	UPI	0
7741	2/16/2023 16:47	147	10.04	Grocery	Credit Card	0
7742	2/16/2023 16:56	346	55.99	Grocery	Debit Card	0
7743	2/16/2023 17:02	249	319.51	Grocery	UPI	0
7744	2/16/2023 17:03	5	12.45	Restaurants	Debit Card	0
7745	2/16/2023 17:04	482	43.1	Utility Bills	Credit Card	0
7746	2/16/2023 17:11	164	10	Grocery	UPI	0
7747	2/16/2023 17:11	222	148.89	Restaurants	NetBanking	0
7748	2/16/2023 17:12	38	61.33	Restaurants	UPI	0
7749	2/16/2023 17:34	18	91.58	Fuel	Debit Card	0
7750	2/16/2023 17:34	9	52.81	Fuel	UPI	0
7751	2/16/2023 17:34	81	10	Grocery	Debit Card	0
7752	2/16/2023 17:36	134	17.79	Medical	Credit Card	0
7753	2/16/2023 17:41	86	44.59	Grocery	UPI	0
7754	2/16/2023 17:42	400	13.71	Fashion	Credit Card	0
7755	2/16/2023 17:44	372	64.54	Medical	Credit Card	0
7756	2/16/2023 17:45	293	21.78	Utility Bills	UPI	0
7757	2/16/2023 17:45	36	85.52	Restaurants	UPI	0
7758	2/16/2023 17:48	208	24.66	Restaurants	UPI	0
7759	2/16/2023 17:51	433	15.03	Fashion	UPI	0
7760	2/16/2023 17:55	85	22.79	Restaurants	UPI	0
7761	2/16/2023 17:55	234	186.51	Restaurants	Debit Card	0
7762	2/16/2023 17:57	147	18.15	Travel	UPI	0
7763	2/16/2023 17:58	449	25.28	Travel	UPI	0
7764	2/16/2023 18:05	339	55.64	Fashion	UPI	0
7765	2/16/2023 18:06	73	163.66	Fashion	UPI	0
7766	2/16/2023 18:07	54	31.16	Fashion	UPI	0
7767	2/16/2023 18:09	9	23.73	Fashion	UPI	0
7768	2/16/2023 18:11	114	69.12	Utility Bills	UPI	0
7769	2/16/2023 18:18	347	46.02	Fuel	UPI	0
7770	2/16/2023 18:18	411	38.89	Fuel	UPI	0
7771	2/16/2023 18:33	201	56.18	Grocery	NetBanking	0
7772	2/16/2023 18:33	327	11.57	Fuel	Debit Card	0
7773	2/16/2023 18:36	495	43.44	Grocery	Debit Card	0
7774	2/16/2023 18:38	16	270.36	Fashion	Debit Card	0
7775	2/16/2023 18:39	492	42.57	Grocery	Debit Card	0
7776	2/16/2023 18:41	124	11.97	Fuel	NetBanking	0
7777	2/16/2023 18:45	480	32.8	Fashion	Credit Card	0
7778	2/16/2023 18:52	313	90.79	Restaurants	UPI	0
7779	2/16/2023 19:00	147	40.54	Fuel	Credit Card	0
7780	2/2/2023 12:06	31	86.45	Restaurants	Debit Card	0
7781	2/16/2023 19:09	324	14.75	Fuel	UPI	0
7782	2/16/2023 19:12	171	130.11	Utility Bills	UPI	0
7783	2/16/2023 19:12	366	93	Restaurants	NetBanking	0
7784	2/16/2023 19:13	147	30.78	Electronics	Credit Card	0
7785	2/16/2023 19:17	393	54.3	Restaurants	UPI	0
7786	2/16/2023 19:22	296	28.73	Restaurants	UPI	0
7787	2/16/2023 19:29	366	10.77	Utility Bills	UPI	0
7788	2/16/2023 19:30	81	17.15	Fuel	UPI	0
7789	2/16/2023 19:30	9	40.49	Restaurants	Credit Card	0
7790	2/16/2023 19:39	491	93.56	Fuel	Debit Card	0
7791	2/16/2023 19:39	260	50.25	Grocery	NetBanking	0
7792	2/16/2023 19:45	68	51.54	Utility Bills	UPI	0
7793	2/16/2023 19:49	238	18.71	Fuel	UPI	0
7794	2/16/2023 19:50	369	55.17	Electronics	UPI	0
7795	2/16/2023 19:50	313	16.55	Utility Bills	UPI	0
7796	2/16/2023 19:52	126	10	Fuel	UPI	0
7797	2/16/2023 19:57	161	99.91	Medical	UPI	0
7798	2/16/2023 20:07	324	56.83	Fashion	UPI	0
7799	2/16/2023 20:08	261	15.58	Restaurants	Debit Card	0
7800	2/16/2023 20:08	166	59.04	Travel	UPI	0
7801	2/16/2023 20:11	174	15.66	Restaurants	Debit Card	0
7802	2/16/2023 20:11	319	76.32	Grocery	UPI	0
7803	2/16/2023 20:14	228	71.28	Fashion	UPI	0
7804	2/16/2023 20:17	8	45.31	Fuel	Debit Card	0
7805	2/16/2023 20:24	458	216.61	Electronics	UPI	0
7806	2/16/2023 20:24	208	62.19	Travel	Debit Card	0
7807	2/16/2023 20:25	492	35.98	Grocery	Debit Card	0
7808	2/16/2023 20:34	226	222.68	Fuel	Credit Card	0
7809	2/16/2023 20:35	81	16.16	Grocery	NetBanking	0
7810	2/16/2023 20:36	253	116.48	Fashion	Debit Card	0
7811	2/16/2023 20:37	96	22.04	Electronics	Credit Card	0
7812	2/16/2023 20:47	133	36.35	Travel	UPI	0
7813	2/19/2023 10:00	382	96.16	Electronics	Credit Card	0
7814	2/16/2023 20:53	192	141.56	Utility Bills	UPI	0
7815	2/16/2023 20:59	484	12.68	Fuel	Debit Card	0
7816	2/16/2023 21:01	349	22.88	Fashion	Credit Card	0
7817	2/16/2023 21:04	181	10	Restaurants	Credit Card	0
7818	2/16/2023 21:07	373	27.54	Travel	UPI	0
7819	2/16/2023 21:11	90	10	Restaurants	Credit Card	0
7820	2/16/2023 21:17	461	20.18	Fashion	Credit Card	0
7821	2/16/2023 21:17	172	11.21	Fashion	NetBanking	0
7822	2/16/2023 21:22	373	35.75	Medical	Credit Card	0
7823	2/16/2023 21:22	229	31.7	Grocery	UPI	0
7824	2/16/2023 21:35	41	22.92	Fuel	UPI	0
7825	2/16/2023 21:48	9	35.77	Fuel	NetBanking	0
7826	2/16/2023 21:48	231	48.21	Medical	UPI	0
7827	2/16/2023 21:50	231	27.97	Grocery	UPI	0
7828	2/16/2023 21:53	218	14.48	Fashion	UPI	0
7829	2/16/2023 21:55	37	107.33	Restaurants	Debit Card	0
7830	2/16/2023 21:55	443	40.78	Fuel	Credit Card	0
7831	2/17/2023 9:04	147	37.27	Grocery	Debit Card	0
7832	2/17/2023 9:06	202	37.48	Fuel	Debit Card	0
7833	2/17/2023 9:10	420	50.95	Medical	UPI	0
7834	2/17/2023 9:24	174	16.62	Utility Bills	Credit Card	0
7835	2/17/2023 9:36	15	58.97	Medical	Credit Card	0
7836	2/17/2023 9:38	426	78	Medical	Debit Card	0
7837	2/17/2023 10:36	465	10	Fuel	UPI	0
7838	2/17/2023 10:42	147	47.94	Grocery	UPI	0
7839	2/17/2023 10:52	378	58.22	Grocery	UPI	0
7840	2/17/2023 10:53	432	40.92	Utility Bills	Debit Card	0
7841	2/17/2023 11:02	147	10.91	Restaurants	UPI	0
7842	2/17/2023 11:06	491	24.31	Grocery	UPI	0
7843	2/17/2023 11:12	204	76.83	Fuel	UPI	0
7844	2/17/2023 11:14	240	38.18	Travel	Credit Card	0
7845	2/17/2023 11:14	396	13.09	Travel	NetBanking	0
7846	2/17/2023 11:23	478	16.03	Fuel	UPI	0
7847	2/17/2023 11:25	165	29.07	Travel	Credit Card	0
7848	2/17/2023 11:37	203	40.64	Grocery	UPI	0
7849	2/17/2023 11:40	317	28.36	Grocery	Credit Card	0
7850	2/17/2023 11:40	228	67.58	Fuel	Debit Card	0
7851	2/17/2023 11:50	408	42.49	Travel	UPI	0
7852	2/17/2023 12:01	218	28.67	Travel	Credit Card	0
7853	2/17/2023 12:03	124	14.57	Grocery	UPI	0
7854	2/17/2023 12:06	262	66.22	Fashion	Debit Card	0
7855	2/17/2023 12:13	186	40.45	Fashion	NetBanking	0
7856	2/17/2023 12:29	89	28.62	Utility Bills	UPI	0
7857	2/17/2023 12:38	72	15.38	Medical	UPI	0
7858	2/17/2023 12:40	233	169.38	Restaurants	UPI	0
7859	2/17/2023 12:40	366	137.16	Fashion	Debit Card	0
7860	2/17/2023 12:42	430	17.62	Grocery	Debit Card	0
7861	2/17/2023 12:55	417	42.18	Medical	Credit Card	0
7862	2/17/2023 12:59	247	11.56	Medical	Credit Card	0
7863	2/17/2023 13:04	109	72.16	Grocery	Credit Card	0
7864	2/17/2023 13:15	464	21.65	Medical	NetBanking	0
7865	2/17/2023 13:23	85	39.11	Fuel	Debit Card	0
7866	2/17/2023 13:25	264	26.87	Restaurants	NetBanking	0
7867	2/17/2023 13:55	1	10.84	Medical	Credit Card	0
7868	2/17/2023 13:55	77	19.24	Fashion	NetBanking	0
7869	2/17/2023 14:27	104	18.66	Fashion	Credit Card	0
7870	2/17/2023 14:36	491	22.12	Grocery	UPI	0
7871	2/17/2023 14:37	107	129.62	Travel	UPI	0
7872	2/10/2023 10:25	314	11.37	Utility Bills	NetBanking	0
7873	2/17/2023 15:13	139	17.34	Electronics	UPI	0
7874	2/17/2023 15:20	276	61.29	Electronics	UPI	0
7875	2/17/2023 15:27	250	19.89	Grocery	Debit Card	0
7876	2/17/2023 15:36	293	23.74	Fashion	Debit Card	0
7877	2/17/2023 15:40	178	63.13	Electronics	UPI	0
7878	2/17/2023 15:40	187	20.01	Grocery	UPI	0
7879	2/17/2023 15:42	197	34.88	Medical	NetBanking	0
7880	2/17/2023 15:43	189	122.05	Grocery	Debit Card	0
7881	2/17/2023 15:44	81	20.12	Medical	Debit Card	0
7882	2/17/2023 15:45	287	11.31	Restaurants	UPI	0
7883	2/17/2023 15:47	295	265.4	Electronics	Credit Card	0
7884	2/17/2023 15:48	85	84.91	Medical	Credit Card	0
7885	2/17/2023 15:56	180	1703.02	Fashion	Debit Card	0
7886	2/17/2023 15:57	234	27.16	Fashion	UPI	0
7887	2/17/2023 16:00	231	55.58	Electronics	UPI	0
7888	2/17/2023 16:11	437	31.94	Fuel	Credit Card	0
7889	2/17/2023 16:11	285	16.22	Medical	UPI	0
7890	2/17/2023 16:14	108	42.54	Restaurants	Credit Card	0
7891	2/17/2023 16:19	435	46.52	Restaurants	Debit Card	0
7892	2/17/2023 16:19	262	37.56	Utility Bills	UPI	0
7893	2/17/2023 16:22	276	10	Fuel	Credit Card	0
7894	2/17/2023 16:22	181	84.13	Fashion	Credit Card	0
7895	2/17/2023 16:25	164	26.29	Grocery	UPI	0
7896	2/17/2023 16:27	137	65.84	Electronics	UPI	0
7897	2/17/2023 16:38	301	94.05	Grocery	Debit Card	0
7898	2/17/2023 16:47	397	28.4	Restaurants	UPI	0
7899	2/17/2023 16:55	315	14.52	Fashion	Credit Card	0
7900	2/17/2023 16:56	81	10	Utility Bills	NetBanking	0
7901	1/19/2023 14:24	419	112.03	Restaurants	Debit Card	0
7902	2/17/2023 17:05	208	150.01	Fashion	UPI	0
7903	2/17/2023 17:06	116	62.5	Utility Bills	UPI	0
7904	2/17/2023 17:15	314	82.55	Grocery	UPI	0
7905	2/17/2023 17:22	362	24.51	Fashion	UPI	0
7906	2/17/2023 17:31	72	48.34	Utility Bills	NetBanking	0
7907	2/17/2023 17:44	101	10.91	Fashion	UPI	0
7908	2/17/2023 17:44	460	20.08	Medical	Debit Card	0
7909	2/17/2023 17:51	199	215.31	Travel	UPI	0
7910	2/17/2023 17:51	173	20.45	Grocery	UPI	0
7911	2/17/2023 18:04	145	39.72	Utility Bills	UPI	0
7912	2/17/2023 18:04	162	13.27	Restaurants	NetBanking	0
7913	2/17/2023 18:29	100	146.92	Fuel	NetBanking	0
7914	2/17/2023 18:30	169	17.84	Restaurants	UPI	0
7915	2/17/2023 18:44	231	12.26	Fuel	Debit Card	0
7916	2/17/2023 18:46	87	10	Grocery	Credit Card	0
7917	2/17/2023 18:48	489	19.62	Electronics	UPI	0
7918	2/17/2023 18:49	215	107.77	Fashion	NetBanking	0
7919	2/17/2023 18:50	4	42.33	Fashion	Credit Card	0
7920	2/17/2023 18:54	100	25.2	Electronics	UPI	0
7921	2/17/2023 19:01	203	252.55	Utility Bills	UPI	0
7922	2/17/2023 19:02	208	26.1	Fashion	UPI	0
7923	2/17/2023 19:07	231	23.67	Utility Bills	Credit Card	0
7924	2/17/2023 19:08	9	37.44	Fuel	UPI	0
7925	2/17/2023 19:10	109	29.49	Fashion	NetBanking	0
7926	2/17/2023 19:12	218	58.63	Medical	Debit Card	0
7927	2/17/2023 19:19	190	33.06	Electronics	Debit Card	0
7928	2/22/2023 21:41	490	46.34	Electronics	UPI	0
7929	2/17/2023 19:23	218	163.11	Restaurants	UPI	0
7930	2/17/2023 19:24	312	76.67	Utility Bills	UPI	0
7931	2/17/2023 19:24	49	18.92	Fuel	Credit Card	0
7932	2/17/2023 19:31	227	13.53	Electronics	Credit Card	0
7933	2/17/2023 19:37	144	93.86	Fuel	Credit Card	0
7934	2/17/2023 19:39	130	20.85	Utility Bills	Credit Card	0
7935	2/17/2023 19:52	166	12.4	Medical	UPI	0
7936	2/17/2023 19:55	134	189.44	Restaurants	UPI	0
7937	2/17/2023 19:56	313	54.64	Restaurants	UPI	0
7938	2/17/2023 20:04	262	133.22	Fashion	UPI	0
7939	2/17/2023 20:08	215	22.29	Fuel	Credit Card	0
7940	2/17/2023 20:09	147	58.08	Electronics	Debit Card	0
7941	2/17/2023 20:23	262	32.73	Fuel	Credit Card	0
7942	2/17/2023 20:25	186	54.32	Fuel	UPI	0
7943	2/17/2023 20:26	307	38.17	Grocery	UPI	0
7944	2/17/2023 20:39	5	55.66	Travel	UPI	0
7945	2/17/2023 20:39	292	55.66	Utility Bills	UPI	0
7946	2/17/2023 20:47	356	63.49	Utility Bills	Debit Card	0
7947	2/17/2023 20:59	119	112.72	Fashion	UPI	0
7948	2/17/2023 21:13	445	38.91	Electronics	Credit Card	0
7949	2/17/2023 21:27	366	48.24	Fashion	NetBanking	0
7950	2/17/2023 21:36	366	65.22	Restaurants	Debit Card	0
7951	2/17/2023 21:45	180	32.89	Grocery	UPI	0
7952	2/17/2023 21:46	429	11.61	Electronics	UPI	0
7953	2/17/2023 21:47	133	13.11	Travel	UPI	0
7954	2/17/2023 21:47	282	52.68	Utility Bills	UPI	0
7955	2/17/2023 21:49	277	38.51	Utility Bills	Credit Card	0
7956	2/17/2023 21:58	458	17.09	Medical	NetBanking	0
7957	2/18/2023 9:00	180	33.88	Electronics	UPI	0
7958	2/18/2023 9:04	144	148.8	Medical	Debit Card	0
7959	2/18/2023 9:08	302	76.89	Electronics	Debit Card	0
7960	2/18/2023 9:14	138	42.91	Fuel	Credit Card	0
7961	2/18/2023 9:25	444	31.81	Electronics	Credit Card	0
7962	2/18/2023 9:31	9	10.72	Grocery	Credit Card	0
7963	2/18/2023 9:45	450	15.81	Grocery	Debit Card	0
7964	2/18/2023 9:51	148	25.54	Utility Bills	Credit Card	0
7965	2/18/2023 9:52	460	87.72	Utility Bills	UPI	0
7966	2/18/2023 9:53	64	72.36	Utility Bills	UPI	0
7967	2/18/2023 10:01	27	55.19	Restaurants	UPI	0
7968	2/18/2023 10:03	345	70.26	Grocery	Debit Card	0
7969	2/18/2023 10:07	340	81.26	Medical	UPI	0
7970	2/18/2023 10:08	215	59.77	Fuel	UPI	0
7971	2/18/2023 10:10	400	26.69	Fuel	Credit Card	0
7972	2/18/2023 10:11	208	47.11	Fashion	UPI	0
7973	2/18/2023 10:11	177	26.98	Utility Bills	NetBanking	0
7974	2/18/2023 10:24	323	26.99	Restaurants	UPI	0
7975	2/18/2023 10:36	446	37.25	Utility Bills	UPI	0
7976	2/18/2023 10:39	60	50.08	Grocery	Credit Card	0
7977	2/18/2023 10:42	134	148.69	Utility Bills	Credit Card	0
7978	2/18/2023 10:51	79	23.19	Medical	UPI	0
7979	2/18/2023 10:59	418	70.87	Electronics	Debit Card	0
7980	2/19/2023 10:13	382	166.92	Grocery	Debit Card	0
7981	2/18/2023 11:07	147	11.8	Electronics	UPI	0
7982	2/18/2023 11:09	85	12.05	Fashion	Credit Card	0
7983	2/18/2023 11:12	65	59.39	Fuel	UPI	0
7984	2/18/2023 11:25	428	13.4	Electronics	UPI	0
7985	2/18/2023 11:26	82	28.99	Medical	Credit Card	0
7986	2/18/2023 11:28	153	22.57	Utility Bills	Debit Card	0
7987	2/18/2023 11:34	217	26.3	Fashion	UPI	0
7988	2/18/2023 11:43	166	14.35	Fuel	UPI	0
7989	2/18/2023 11:44	138	27.03	Restaurants	Debit Card	0
7990	2/18/2023 11:45	49	33.81	Utility Bills	UPI	0
7991	2/10/2023 9:36	438	60.44	Medical	UPI	0
7992	2/18/2023 11:47	416	40.93	Grocery	UPI	0
7993	2/18/2023 12:13	119	13.26	Electronics	UPI	0
7994	2/18/2023 12:34	282	142.64	Medical	UPI	0
7995	2/18/2023 12:38	311	104.22	Utility Bills	Debit Card	0
7996	2/18/2023 12:43	427	59.33	Restaurants	UPI	0
7997	2/18/2023 12:49	403	24.74	Fashion	NetBanking	0
7998	2/18/2023 13:00	146	27.68	Electronics	NetBanking	0
7999	2/18/2023 13:07	203	12.33	Grocery	UPI	0
8000	2/18/2023 13:09	46	38.19	Electronics	Credit Card	0
8001	2/18/2023 13:19	147	325.23	Electronics	UPI	0
8002	2/18/2023 13:21	423	84.19	Utility Bills	Credit Card	0
8003	2/18/2023 13:26	81	132.34	Medical	UPI	0
8004	2/18/2023 13:27	5	44.4	Grocery	Credit Card	0
8005	2/18/2023 13:31	187	35.35	Fuel	UPI	0
8006	2/18/2023 13:53	168	46.82	Grocery	Debit Card	0
8007	2/18/2023 14:03	153	39.38	Electronics	Credit Card	0
8008	2/18/2023 14:04	240	69.21	Restaurants	Credit Card	0
8009	2/18/2023 14:11	315	41.29	Utility Bills	Credit Card	0
8010	2/18/2023 14:16	295	11.09	Fuel	Debit Card	0
8011	2/18/2023 14:30	307	29.16	Medical	Credit Card	0
8012	2/18/2023 14:32	131	35.14	Fuel	UPI	0
8013	2/18/2023 14:33	156	69.65	Fashion	UPI	0
8014	2/18/2023 14:53	81	65.47	Fashion	NetBanking	0
8015	2/18/2023 15:12	165	55.68	Medical	Debit Card	0
8016	2/18/2023 15:17	432	86.09	Travel	Credit Card	0
8017	2/18/2023 15:23	305	50.42	Electronics	Credit Card	0
8018	2/18/2023 15:28	96	28.94	Electronics	NetBanking	0
8019	2/18/2023 15:29	64	23.41	Restaurants	Credit Card	0
8020	2/18/2023 15:34	339	29.14	Travel	UPI	0
8021	2/18/2023 15:37	72	10	Utility Bills	Credit Card	0
8022	2/18/2023 15:42	85	71.49	Grocery	Credit Card	0
8023	2/18/2023 15:44	482	10	Utility Bills	Credit Card	0
8024	2/18/2023 15:44	9	55.09	Fashion	UPI	0
8025	2/18/2023 15:46	341	15.32	Restaurants	Credit Card	0
8026	2/18/2023 15:47	39	35.35	Medical	Debit Card	0
8027	2/18/2023 15:48	440	24.1	Electronics	Debit Card	0
8028	2/18/2023 15:49	440	35.58	Utility Bills	Debit Card	0
8029	2/18/2023 15:52	423	39.28	Fuel	Credit Card	0
8030	2/18/2023 16:09	240	84.33	Grocery	UPI	0
8031	2/18/2023 16:10	119	11.25	Fuel	UPI	0
8032	2/18/2023 16:25	228	41.59	Fuel	UPI	0
8033	2/18/2023 16:26	396	64.39	Grocery	NetBanking	0
8034	2/18/2023 16:27	364	102.81	Medical	UPI	0
8035	2/18/2023 16:32	231	131.93	Travel	Credit Card	0
8036	2/18/2023 16:33	341	30.17	Fuel	Credit Card	0
8037	2/18/2023 16:36	462	27.46	Travel	Credit Card	0
8038	2/18/2023 16:42	303	32	Fuel	Debit Card	0
8039	2/18/2023 16:46	200	12.4	Restaurants	UPI	0
8040	2/18/2023 16:47	360	83.13	Fashion	Debit Card	0
8041	2/18/2023 17:00	258	61.94	Medical	Debit Card	0
8042	2/18/2023 17:01	61	30.22	Fashion	UPI	0
8043	2/18/2023 17:03	459	10.49	Grocery	NetBanking	0
8044	2/18/2023 17:17	459	238.14	Electronics	UPI	0
8045	2/18/2023 17:27	313	10.24	Grocery	Debit Card	0
8046	2/18/2023 17:27	311	21.71	Travel	Credit Card	0
8047	2/18/2023 17:33	276	40.71	Grocery	UPI	0
8048	2/18/2023 17:35	147	112.89	Fashion	Debit Card	0
8049	2/18/2023 17:39	284	64.94	Fuel	UPI	0
8050	2/18/2023 17:41	56	18.92	Medical	Credit Card	0
8051	2/18/2023 17:43	332	11.31	Medical	UPI	0
8052	2/18/2023 17:48	270	238.77	Fashion	Credit Card	0
8053	2/18/2023 17:48	498	43.99	Fashion	Credit Card	0
8054	2/18/2023 17:49	428	51.09	Grocery	Credit Card	0
8055	2/18/2023 17:56	274	47.88	Grocery	UPI	0
8056	2/18/2023 17:58	327	31.44	Medical	UPI	0
8057	2/18/2023 18:01	428	41.98	Electronics	UPI	0
8058	2/18/2023 18:07	491	19.7	Restaurants	UPI	0
8059	2/18/2023 18:07	48	67.64	Utility Bills	UPI	0
8060	2/18/2023 18:08	235	17.02	Electronics	UPI	0
8061	2/18/2023 18:09	68	20.19	Fashion	UPI	0
8062	2/18/2023 18:19	166	11.3	Medical	Credit Card	0
8063	2/18/2023 18:21	292	12.32	Restaurants	Credit Card	0
8064	2/18/2023 18:32	372	17.82	Restaurants	UPI	0
8065	2/18/2023 18:34	147	102.86	Medical	NetBanking	0
8066	2/18/2023 18:37	208	13.37	Grocery	NetBanking	0
8067	2/18/2023 18:41	404	60.83	Grocery	Debit Card	0
8068	2/18/2023 18:43	150	37.11	Restaurants	UPI	0
8069	2/18/2023 18:56	250	166.79	Restaurants	NetBanking	0
8070	2/18/2023 18:59	477	66.21	Electronics	Credit Card	0
8071	2/18/2023 19:04	15	99.89	Grocery	Credit Card	0
8072	2/18/2023 19:08	349	101.45	Fuel	UPI	0
8073	2/18/2023 19:09	43	17.51	Restaurants	Credit Card	0
8074	2/18/2023 19:14	177	65.33	Restaurants	Debit Card	0
8075	2/18/2023 19:18	198	81.35	Grocery	Credit Card	0
8076	2/18/2023 19:20	3	12.75	Utility Bills	Debit Card	0
8077	2/18/2023 19:23	153	20.1	Medical	UPI	0
8078	2/18/2023 19:25	96	16.93	Utility Bills	UPI	0
8079	2/18/2023 19:29	334	79.47	Grocery	NetBanking	0
8080	2/18/2023 19:33	462	117.93	Restaurants	UPI	0
8081	2/18/2023 19:40	308	13.6	Medical	UPI	0
8082	2/18/2023 19:49	7	21.43	Restaurants	UPI	0
8083	2/18/2023 19:51	154	25.2	Utility Bills	Credit Card	0
8084	2/18/2023 19:54	190	60.66	Fashion	Debit Card	0
8085	2/18/2023 19:58	494	34.76	Fashion	UPI	0
8086	2/18/2023 19:58	383	18.1	Electronics	UPI	0
8087	2/18/2023 20:05	149	10.95	Restaurants	UPI	0
8088	2/18/2023 20:13	256	14.02	Fuel	UPI	0
8089	2/18/2023 20:15	360	16.28	Restaurants	Debit Card	0
8090	2/18/2023 20:17	69	51.71	Fashion	UPI	0
8091	2/18/2023 20:23	464	18.45	Medical	Credit Card	0
8092	2/18/2023 20:33	479	27.92	Grocery	Debit Card	0
8093	2/18/2023 20:34	64	42.98	Restaurants	UPI	0
8094	2/18/2023 20:37	422	10	Fuel	UPI	0
8095	2/18/2023 20:38	7	18.05	Medical	UPI	0
8096	2/18/2023 20:41	481	46.36	Fashion	NetBanking	0
8097	2/18/2023 20:47	310	36.22	Utility Bills	Credit Card	0
8098	2/18/2023 20:48	26	12.06	Grocery	UPI	0
8099	2/18/2023 20:54	106	38.41	Restaurants	Debit Card	0
8100	2/18/2023 21:01	483	65.3	Utility Bills	Credit Card	0
8101	2/18/2023 21:05	139	10.99	Fuel	NetBanking	0
8102	2/18/2023 21:05	491	56.97	Medical	Credit Card	0
8103	2/18/2023 21:10	449	58.86	Fashion	UPI	0
8104	2/18/2023 21:13	41	13.24	Medical	Credit Card	0
8105	2/18/2023 21:13	192	66.2	Utility Bills	UPI	0
8106	2/18/2023 21:17	22	41.87	Travel	Credit Card	0
8107	2/18/2023 21:19	147	88.89	Fuel	NetBanking	0
8108	2/18/2023 21:19	51	30.87	Restaurants	UPI	0
8109	2/18/2023 21:20	373	62.91	Electronics	Credit Card	0
8110	2/18/2023 21:24	208	14.91	Fashion	UPI	0
8111	2/18/2023 21:27	156	51.07	Travel	UPI	0
8112	2/18/2023 21:30	147	65.08	Restaurants	UPI	0
8113	2/18/2023 21:30	72	13.18	Electronics	UPI	0
8114	2/18/2023 21:31	291	65.22	Electronics	Credit Card	0
8115	2/18/2023 21:35	157	64.81	Electronics	UPI	0
8116	2/18/2023 21:41	402	10.92	Utility Bills	NetBanking	0
8117	2/18/2023 21:41	446	10.92	Utility Bills	UPI	0
8118	2/18/2023 21:46	333	87.94	Grocery	UPI	0
8119	2/18/2023 21:48	240	32.4	Fashion	Credit Card	0
8120	2/19/2023 9:00	223	142.49	Electronics	UPI	0
8121	2/19/2023 9:15	165	123.94	Electronics	Credit Card	0
8122	2/19/2023 9:27	108	28.34	Fashion	UPI	0
8123	2/19/2023 9:28	310	42	Utility Bills	Debit Card	0
8124	2/19/2023 9:44	233	46.43	Fuel	UPI	0
8125	2/19/2023 9:59	100	46.11	Restaurants	Credit Card	0
8126	2/19/2023 10:07	382	27.99	Utility Bills	UPI	0
8127	2/19/2023 10:07	240	53.13	Grocery	UPI	0
8128	2/19/2023 10:12	78	56.89	Fuel	UPI	0
8129	2/19/2023 10:20	494	28.2	Medical	NetBanking	0
8130	2/19/2023 10:27	233	99.31	Electronics	UPI	0
8131	2/19/2023 10:30	81	31.34	Medical	UPI	0
8132	2/19/2023 10:30	229	34.86	Fashion	UPI	0
8133	2/19/2023 10:30	242	14.52	Fuel	NetBanking	0
8134	2/19/2023 10:32	4	30.05	Restaurants	Debit Card	0
8135	2/19/2023 10:33	256	81.76	Utility Bills	UPI	0
8136	2/19/2023 10:34	424	86.93	Utility Bills	Credit Card	0
8137	2/19/2023 10:39	224	73.88	Fashion	UPI	0
8138	2/19/2023 10:46	147	77.61	Travel	UPI	0
8139	2/19/2023 10:47	208	32.95	Fuel	Debit Card	0
8140	2/19/2023 10:50	367	148.34	Electronics	UPI	0
8141	2/19/2023 11:17	7	11.68	Grocery	UPI	0
8142	2/19/2023 11:18	352	51.09	Fashion	UPI	0
8143	2/19/2023 11:18	30	51.38	Travel	Credit Card	0
8144	2/19/2023 11:19	218	60.8	Grocery	UPI	0
8145	2/19/2023 11:47	7	12.01	Utility Bills	UPI	0
8146	2/19/2023 11:47	407	114.88	Grocery	Credit Card	0
8147	2/19/2023 11:50	387	73.69	Medical	UPI	0
8148	2/19/2023 11:55	314	129.86	Fuel	UPI	0
8149	2/19/2023 11:57	180	45.23	Grocery	Debit Card	0
8150	2/19/2023 11:59	217	33.75	Grocery	UPI	0
8151	2/19/2023 12:01	461	156.48	Fashion	Debit Card	0
8152	2/19/2023 12:06	429	77.53	Fuel	UPI	0
8153	2/19/2023 12:18	285	53.03	Fashion	Credit Card	0
8154	2/19/2023 12:18	205	43.41	Utility Bills	UPI	0
8155	2/19/2023 12:29	376	52.36	Grocery	Debit Card	0
8156	2/19/2023 12:42	307	16.27	Medical	Debit Card	0
8157	2/19/2023 12:51	302	39.69	Grocery	UPI	0
8158	2/2/2023 12:15	31	51.39	Electronics	Debit Card	0
8159	2/19/2023 13:07	87	17.07	Utility Bills	UPI	0
8160	2/19/2023 13:08	208	42.96	Medical	NetBanking	0
8161	2/19/2023 13:08	42	11.59	Fuel	UPI	0
8162	2/19/2023 13:08	150	18.95	Fashion	Credit Card	0
8163	2/19/2023 13:14	165	19.58	Medical	Credit Card	0
8164	2/19/2023 13:17	124	25.97	Grocery	UPI	0
8165	2/19/2023 13:18	396	22.11	Grocery	UPI	0
8166	2/19/2023 13:22	233	57.53	Utility Bills	UPI	0
8167	2/19/2023 13:28	233	36.49	Utility Bills	NetBanking	0
8168	2/19/2023 13:30	147	39.43	Travel	Credit Card	0
8169	2/19/2023 13:37	247	20.84	Electronics	Debit Card	0
8170	2/19/2023 13:59	201	116.79	Fashion	Credit Card	0
8171	2/19/2023 14:02	185	66.97	Travel	UPI	0
8172	2/19/2023 14:04	256	65.91	Utility Bills	Credit Card	0
8173	2/19/2023 14:04	260	41	Fashion	Debit Card	0
8174	2/19/2023 14:09	208	176.67	Fuel	Credit Card	0
8175	2/19/2023 14:23	231	13.76	Medical	UPI	0
8176	1/19/2023 14:19	419	40.56	Medical	Debit Card	0
8177	2/19/2023 14:30	396	71.31	Fashion	Debit Card	0
8178	2/19/2023 14:35	147	22.84	Grocery	Credit Card	0
8179	2/19/2023 14:42	280	133.91	Electronics	UPI	0
8180	2/19/2023 14:44	147	22.88	Travel	Credit Card	0
8181	2/19/2023 14:47	233	66.97	Travel	UPI	0
8182	2/19/2023 14:53	251	104.34	Fashion	UPI	0
8183	2/19/2023 15:02	370	24.47	Grocery	Debit Card	0
8184	2/19/2023 15:05	268	20.77	Fashion	Credit Card	0
8185	2/19/2023 15:07	287	31.22	Electronics	UPI	0
8186	2/19/2023 15:20	126	46.53	Utility Bills	UPI	0
8187	2/19/2023 15:21	298	18.93	Electronics	Credit Card	0
8188	2/19/2023 15:26	147	64.05	Grocery	UPI	0
8189	2/19/2023 15:47	231	108.13	Fuel	UPI	0
8190	2/19/2023 15:50	37	25.41	Grocery	Credit Card	0
8191	2/19/2023 15:52	173	35.1	Travel	Credit Card	0
8192	2/19/2023 15:57	138	26.85	Restaurants	UPI	0
8193	2/19/2023 15:58	223	11.42	Electronics	Credit Card	0
8194	2/19/2023 15:58	89	29.83	Fashion	Debit Card	0
8195	2/19/2023 16:07	189	30.66	Restaurants	UPI	0
8196	2/19/2023 16:09	433	68.53	Grocery	UPI	0
8197	2/19/2023 16:14	298	28.6	Medical	Credit Card	0
8198	2/19/2023 16:16	494	109.49	Grocery	UPI	0
8199	2/19/2023 16:17	101	45.92	Restaurants	UPI	0
8200	2/19/2023 16:17	183	53.84	Travel	UPI	0
8201	2/19/2023 16:19	41	16.38	Utility Bills	UPI	0
8202	2/19/2023 16:21	268	37.38	Grocery	UPI	0
8203	2/19/2023 16:23	72	96.94	Utility Bills	Credit Card	0
8204	2/19/2023 16:29	449	150.69	Grocery	Credit Card	0
8205	2/19/2023 16:30	183	16.16	Medical	UPI	0
8206	2/19/2023 16:31	95	19.73	Fashion	UPI	0
8207	2/19/2023 16:44	37	46.8	Utility Bills	Debit Card	0
8208	2/19/2023 16:45	453	139.14	Medical	UPI	0
8209	2/19/2023 16:48	158	71.5	Fuel	Debit Card	0
8210	2/19/2023 16:50	296	12.45	Medical	UPI	0
8211	2/19/2023 16:56	231	116.96	Travel	Credit Card	0
8212	2/19/2023 17:18	437	33.47	Medical	Credit Card	0
8213	2/19/2023 17:24	72	51.07	Grocery	Debit Card	0
8214	2/19/2023 17:28	250	14.25	Restaurants	Debit Card	0
8215	2/19/2023 17:31	9	10	Utility Bills	UPI	0
8216	2/19/2023 17:36	93	35.07	Utility Bills	Debit Card	0
8217	2/19/2023 17:40	256	10	Restaurants	Credit Card	0
8218	2/19/2023 17:45	44	30.69	Grocery	UPI	0
8219	2/19/2023 17:48	46	25.53	Travel	Credit Card	0
8220	2/19/2023 17:49	418	58.13	Fashion	NetBanking	0
8221	2/19/2023 18:00	467	79.24	Electronics	UPI	0
8222	2/19/2023 18:00	438	10.42	Grocery	Debit Card	0
8223	2/19/2023 18:06	208	31.7	Restaurants	Credit Card	0
8224	2/19/2023 18:08	7	29.38	Grocery	Credit Card	0
8225	2/19/2023 18:12	249	54.87	Medical	Debit Card	0
8226	2/19/2023 18:15	424	55.71	Electronics	UPI	0
8227	2/19/2023 18:15	220	80.86	Medical	Credit Card	0
8228	2/19/2023 18:17	182	35.39	Grocery	Debit Card	0
8229	2/19/2023 18:24	202	32.56	Medical	Debit Card	0
8230	2/19/2023 18:36	22	29.92	Restaurants	UPI	0
8231	2/19/2023 18:43	416	70.67	Travel	Credit Card	0
8232	2/19/2023 18:45	445	17.6	Fashion	UPI	0
8233	2/19/2023 18:46	46	30	Fuel	UPI	0
8234	2/19/2023 18:51	449	15.18	Restaurants	UPI	0
8235	2/19/2023 18:59	96	22.17	Utility Bills	Debit Card	0
8236	2/19/2023 19:11	109	46.89	Restaurants	Credit Card	0
8237	2/19/2023 19:13	194	71.53	Grocery	UPI	0
8238	2/19/2023 19:13	208	73.4	Medical	UPI	0
8239	2/19/2023 19:16	231	31.85	Restaurants	NetBanking	0
8240	2/19/2023 19:18	369	25.56	Utility Bills	NetBanking	0
8241	2/19/2023 19:23	197	14.51	Utility Bills	Credit Card	0
8242	2/19/2023 19:29	72	34.24	Grocery	NetBanking	0
8243	2/19/2023 19:31	208	42.47	Electronics	UPI	0
8244	2/19/2023 19:33	72	16.31	Fuel	Credit Card	0
8245	2/19/2023 19:37	466	15.36	Grocery	Credit Card	0
8246	2/19/2023 19:39	137	289.57	Grocery	Debit Card	0
8247	2/19/2023 19:45	164	11.97	Travel	Credit Card	0
8248	2/19/2023 19:50	373	27.46	Utility Bills	Debit Card	0
8249	2/19/2023 19:51	166	73.97	Electronics	Debit Card	0
8250	2/19/2023 20:00	49	10	Grocery	UPI	0
8251	2/19/2023 20:00	388	70.33	Restaurants	Credit Card	0
8252	2/19/2023 20:19	491	34.44	Utility Bills	Debit Card	0
8253	2/19/2023 20:23	7	68.52	Utility Bills	Credit Card	0
8254	2/19/2023 20:24	134	70.76	Grocery	Debit Card	0
8255	2/19/2023 20:28	81	25.53	Fashion	UPI	0
8256	2/19/2023 20:40	218	27.46	Travel	Credit Card	0
8257	2/19/2023 20:49	7	10.16	Utility Bills	Credit Card	0
8258	2/19/2023 21:01	402	27.55	Restaurants	Credit Card	0
8259	2/19/2023 21:06	409	35.37	Electronics	Debit Card	0
8260	2/19/2023 21:16	147	10.84	Restaurants	Credit Card	0
8261	2/19/2023 21:18	138	71.78	Utility Bills	Credit Card	0
8262	2/19/2023 21:28	243	31.95	Utility Bills	Debit Card	0
8263	2/19/2023 21:29	231	31.65	Fuel	NetBanking	0
8264	2/19/2023 21:33	131	33.16	Utility Bills	Debit Card	0
8265	2/19/2023 21:46	435	41.06	Travel	Debit Card	0
8266	2/19/2023 21:55	70	22.46	Fuel	UPI	0
8267	2/19/2023 10:12	382	26.78	Restaurants	Debit Card	0
8268	2/20/2023 9:01	304	91.69	Travel	UPI	0
8269	2/20/2023 9:04	339	16.51	Fashion	UPI	0
8270	2/20/2023 9:12	231	36.53	Grocery	Credit Card	0
8271	2/20/2023 9:20	147	29.7	Fashion	Credit Card	0
8272	2/20/2023 9:30	147	15.77	Fashion	Debit Card	0
8273	2/20/2023 9:30	202	23.57	Electronics	NetBanking	0
8274	2/20/2023 9:43	403	73.13	Travel	UPI	0
8275	2/20/2023 9:56	281	177.63	Grocery	UPI	0
8276	2/20/2023 9:57	228	55.39	Travel	Debit Card	0
8277	2/20/2023 10:00	276	27.86	Grocery	UPI	0
8278	2/20/2023 10:03	203	41.24	Restaurants	UPI	0
8279	2/20/2023 10:05	403	20.4	Grocery	UPI	0
8280	2/20/2023 10:14	109	28.5	Restaurants	UPI	0
8281	2/20/2023 10:18	38	34.15	Travel	UPI	0
8282	2/20/2023 10:46	404	21.88	Grocery	UPI	0
8283	2/20/2023 10:47	68	32.93	Electronics	UPI	0
8284	2/20/2023 10:51	67	14.05	Grocery	Debit Card	0
8285	2/20/2023 11:06	30	70.63	Restaurants	UPI	0
8286	2/20/2023 11:09	285	31.69	Utility Bills	Credit Card	0
8287	2/20/2023 11:10	332	54.81	Fashion	Credit Card	0
8288	2/20/2023 11:11	179	56.73	Medical	UPI	0
8289	2/20/2023 11:13	260	23.45	Medical	Debit Card	0
8290	2/20/2023 11:17	161	41.72	Fashion	Debit Card	0
8291	2/20/2023 11:24	305	16.63	Utility Bills	UPI	0
8292	2/20/2023 11:41	70	10.84	Grocery	NetBanking	0
8293	2/20/2023 11:52	145	13.82	Fuel	NetBanking	0
8294	2/20/2023 11:56	304	57.76	Grocery	Debit Card	0
8295	2/20/2023 12:14	178	69.93	Fuel	Debit Card	0
8296	2/20/2023 12:14	240	92.19	Fashion	UPI	0
8297	2/20/2023 12:28	224	25.35	Travel	UPI	0
8298	2/20/2023 12:30	156	141.87	Fashion	Debit Card	0
8299	2/20/2023 12:31	42	28.77	Grocery	UPI	0
8300	2/20/2023 12:31	28	12.8	Fuel	Credit Card	0
8301	2/20/2023 12:33	208	43.71	Travel	UPI	0
8302	2/20/2023 12:45	25	104.53	Fashion	UPI	0
8303	2/20/2023 12:50	150	30.45	Grocery	NetBanking	0
8304	2/20/2023 12:56	254	10	Fuel	Debit Card	0
8305	2/20/2023 12:59	471	45.18	Grocery	UPI	0
8306	2/20/2023 13:01	231	11.24	Medical	UPI	0
8307	2/20/2023 13:08	153	15.72	Utility Bills	UPI	0
8308	2/20/2023 13:10	197	14.21	Medical	NetBanking	0
8309	2/20/2023 13:23	85	34.76	Grocery	Credit Card	1
8310	2/20/2023 13:26	9	58.97	Utility Bills	UPI	0
8311	2/20/2023 13:26	20	13.51	Restaurants	NetBanking	0
8312	2/20/2023 13:32	424	74.04	Fuel	UPI	0
8313	2/20/2023 13:36	9	25.68	Utility Bills	UPI	0
8314	2/20/2023 13:43	493	25.18	Travel	NetBanking	0
8315	2/20/2023 13:44	309	38.4	Grocery	Credit Card	0
8316	2/20/2023 13:54	404	45.02	Fuel	Credit Card	0
8317	2/20/2023 14:00	15	46.53	Fashion	Debit Card	0
8318	2/20/2023 14:03	349	87.71	Travel	UPI	0
8319	2/20/2023 14:09	48	49.39	Restaurants	UPI	0
8320	2/20/2023 14:09	35	41.5	Fashion	NetBanking	0
8321	2/20/2023 14:25	3	47.46	Fuel	UPI	1
8322	2/20/2023 14:26	147	22.87	Utility Bills	Debit Card	0
8323	2/20/2023 14:27	324	21.35	Fashion	Debit Card	0
8324	2/24/2023 17:34	331	38.97	Utility Bills	UPI	0
8325	2/20/2023 14:41	200	67.48	Restaurants	Debit Card	0
8326	2/20/2023 14:45	72	16.27	Fashion	UPI	0
8327	2/20/2023 14:55	259	28.8	Fashion	UPI	0
8328	2/20/2023 15:00	154	24.53	Restaurants	NetBanking	0
8329	2/20/2023 15:07	51	150.49	Fuel	Debit Card	0
8330	2/20/2023 15:10	158	28.91	Fashion	UPI	0
8331	2/20/2023 15:18	86	50.46	Fashion	UPI	1
8332	2/20/2023 15:19	224	10.41	Grocery	UPI	0
8333	2/20/2023 15:20	92	60.12	Grocery	Debit Card	0
8334	2/20/2023 15:31	197	63.63	Utility Bills	Credit Card	0
8335	2/20/2023 15:34	208	32.87	Fuel	Credit Card	0
8336	2/20/2023 15:40	138	31.12	Electronics	UPI	0
8337	2/20/2023 15:44	397	18.1	Electronics	UPI	0
8338	2/20/2023 15:50	231	48.73	Travel	Debit Card	0
8339	2/20/2023 15:51	6	24.84	Medical	Debit Card	0
8340	2/20/2023 15:55	333	45.46	Fashion	UPI	0
8341	2/20/2023 15:57	14	37.52	Fuel	NetBanking	0
8342	2/20/2023 15:58	437	14.58	Grocery	Credit Card	0
8343	2/20/2023 16:00	298	26.81	Fuel	NetBanking	0
8344	2/20/2023 16:01	314	10.06	Grocery	UPI	0
8345	2/20/2023 16:02	199	35.81	Electronics	UPI	1
8346	2/20/2023 16:04	401	56.36	Electronics	Debit Card	0
8347	2/20/2023 16:04	306	31.15	Travel	UPI	0
8348	2/20/2023 16:12	25	11.72	Restaurants	UPI	0
8349	2/20/2023 16:16	72	41.95	Utility Bills	NetBanking	0
8350	2/20/2023 16:27	109	10	Utility Bills	UPI	1
8351	2/20/2023 16:44	9	37.61	Utility Bills	Credit Card	0
8352	2/20/2023 16:49	108	12.94	Electronics	Credit Card	0
8353	2/20/2023 16:52	51	42.34	Utility Bills	Credit Card	0
8354	2/20/2023 17:28	231	23.63	Travel	UPI	0
8355	2/20/2023 17:32	458	37.42	Grocery	Debit Card	0
8356	2/20/2023 17:33	144	12.17	Medical	UPI	0
8357	2/20/2023 17:34	249	22.05	Travel	UPI	0
8358	2/20/2023 17:35	446	109.53	Electronics	UPI	0
8359	2/20/2023 17:35	274	22.92	Travel	UPI	0
8360	2/20/2023 17:37	276	29.8	Electronics	UPI	0
8361	2/20/2023 17:38	391	11.54	Utility Bills	Credit Card	0
8362	2/20/2023 17:49	340	125.48	Fashion	UPI	0
8363	2/20/2023 17:54	146	20.62	Restaurants	UPI	0
8364	2/20/2023 17:57	269	25.48	Grocery	Debit Card	0
8365	2/20/2023 18:00	64	29.71	Grocery	Credit Card	0
8366	2/20/2023 18:01	177	19.88	Restaurants	Debit Card	0
8367	2/20/2023 18:04	470	118.49	Fashion	Credit Card	0
8368	2/20/2023 18:12	100	33.03	Electronics	Debit Card	0
8369	2/20/2023 18:18	487	45.1	Medical	UPI	0
8370	2/20/2023 18:20	298	17.48	Utility Bills	Debit Card	0
8371	1/13/2023 10:09	374	36.13	Fashion	UPI	0
8372	2/20/2023 18:39	355	50.96	Travel	Debit Card	0
8373	2/20/2023 19:05	477	47.5	Grocery	Credit Card	0
8374	2/20/2023 19:08	387	13.72	Electronics	Credit Card	0
8375	2/20/2023 19:13	233	30.48	Grocery	UPI	0
8376	2/20/2023 19:25	477	37.21	Restaurants	UPI	0
8377	2/20/2023 19:30	145	73.79	Fashion	Debit Card	0
8378	2/20/2023 19:35	147	112.15	Grocery	UPI	0
8379	2/20/2023 19:37	6	26.89	Electronics	Debit Card	0
8380	2/20/2023 19:38	96	21.78	Fashion	UPI	0
8381	2/20/2023 19:43	108	13.35	Grocery	UPI	0
8382	2/20/2023 19:43	248	143.7	Travel	NetBanking	0
8383	2/20/2023 19:44	288	113.11	Fashion	NetBanking	0
8384	2/20/2023 19:50	426	24.98	Restaurants	NetBanking	0
8385	2/20/2023 19:53	245	91.45	Restaurants	UPI	0
8386	2/20/2023 19:56	477	60.72	Utility Bills	UPI	0
8387	2/27/2023 20:08	267	17.2	Fashion	UPI	0
8388	2/20/2023 20:01	250	92.89	Utility Bills	UPI	0
8389	2/20/2023 20:04	133	32.95	Fuel	UPI	0
8390	2/20/2023 20:14	65	47.23	Medical	UPI	0
8391	2/20/2023 20:15	184	34.13	Restaurants	UPI	0
8392	2/20/2023 20:17	304	28.98	Utility Bills	UPI	0
8393	2/20/2023 20:17	234	32.3	Grocery	UPI	0
8394	2/20/2023 20:30	76	29.1	Utility Bills	Credit Card	0
8395	2/20/2023 20:36	177	11.29	Fashion	UPI	0
8396	2/20/2023 20:41	338	49.5	Fashion	Debit Card	0
8397	2/20/2023 20:52	305	46.43	Utility Bills	Credit Card	0
8398	2/20/2023 21:09	228	10	Restaurants	Credit Card	0
8399	2/20/2023 21:16	426	12.65	Fashion	UPI	0
8400	2/20/2023 21:23	253	19.46	Utility Bills	Credit Card	0
8401	2/20/2023 21:26	72	44.36	Fashion	Credit Card	0
8402	2/20/2023 21:38	139	37.83	Restaurants	Debit Card	0
8403	2/20/2023 21:41	96	40.99	Fashion	Credit Card	0
8404	2/20/2023 21:50	362	15.02	Utility Bills	Credit Card	0
8405	2/20/2023 21:50	108	11.05	Grocery	Credit Card	0
8406	2/20/2023 21:51	491	80.07	Grocery	Credit Card	0
8407	2/20/2023 21:52	371	11.79	Travel	NetBanking	0
8408	2/20/2023 21:53	355	17.35	Fuel	UPI	0
8409	2/20/2023 21:59	299	70.38	Travel	Debit Card	0
8410	2/21/2023 9:00	96	42.18	Utility Bills	NetBanking	0
8411	2/21/2023 9:01	174	61.52	Grocery	UPI	1
8412	2/21/2023 9:07	176	109.4	Grocery	Debit Card	0
8413	2/21/2023 9:13	41	16.68	Grocery	Debit Card	0
8414	2/21/2023 9:13	96	10.04	Grocery	UPI	0
8415	2/21/2023 9:16	203	25.89	Fuel	UPI	0
8416	2/21/2023 9:25	276	87.93	Electronics	UPI	0
8417	2/10/2023 9:27	438	54.37	Grocery	UPI	0
8418	2/21/2023 9:36	445	64.2	Electronics	UPI	0
8419	2/21/2023 9:39	102	27.35	Utility Bills	Credit Card	0
8420	2/21/2023 9:51	215	21.77	Fuel	UPI	0
8421	2/21/2023 9:51	276	135.88	Fashion	Debit Card	0
8422	2/21/2023 9:52	51	83.8	Medical	Debit Card	0
8423	2/21/2023 9:54	134	20.49	Fashion	UPI	0
8424	2/21/2023 9:59	21	63.11	Electronics	Credit Card	0
8425	2/21/2023 10:03	177	329.45	Utility Bills	UPI	0
8426	2/21/2023 10:13	231	20.19	Grocery	UPI	0
8427	2/21/2023 10:16	174	79.1	Travel	Debit Card	0
8428	2/21/2023 10:17	49	37.23	Electronics	UPI	0
8429	2/21/2023 10:25	94	15.11	Medical	UPI	0
8430	2/21/2023 10:26	224	20.36	Electronics	Credit Card	0
8431	2/21/2023 10:26	15	20.52	Restaurants	Credit Card	0
8432	2/21/2023 10:28	352	48.75	Travel	UPI	0
8433	2/21/2023 10:28	43	49.1	Restaurants	Credit Card	0
8434	2/21/2023 10:29	349	24.33	Medical	Credit Card	0
8435	2/21/2023 10:43	313	10.41	Utility Bills	Credit Card	0
8436	2/21/2023 10:47	95	27.4	Grocery	UPI	0
8437	2/21/2023 10:52	9	20.42	Utility Bills	UPI	0
8438	2/21/2023 11:09	347	19.94	Grocery	UPI	0
8439	2/21/2023 11:14	304	15.63	Grocery	UPI	0
8440	2/21/2023 11:30	190	460.2	Fashion	UPI	0
8441	2/21/2023 11:34	108	27.71	Utility Bills	Credit Card	1
8442	2/21/2023 11:36	47	24.44	Utility Bills	Credit Card	0
8443	2/21/2023 11:43	174	41.62	Utility Bills	UPI	0
8444	2/21/2023 11:57	332	38.74	Medical	UPI	0
8445	2/21/2023 12:01	491	47.95	Restaurants	Debit Card	0
8446	2/21/2023 12:10	327	19.59	Grocery	Debit Card	0
8447	2/21/2023 12:32	433	76.9	Restaurants	UPI	0
8448	2/21/2023 12:33	207	26.52	Utility Bills	Credit Card	0
8449	2/21/2023 12:39	164	121.41	Grocery	Debit Card	0
8450	2/21/2023 12:44	260	10	Utility Bills	UPI	0
8451	2/21/2023 12:49	403	51.1	Grocery	Debit Card	0
8452	2/21/2023 12:52	355	53.74	Grocery	NetBanking	0
8453	2/21/2023 13:05	253	34.09	Restaurants	UPI	0
8454	2/21/2023 13:08	461	65.68	Utility Bills	NetBanking	0
8455	2/21/2023 13:10	187	78.45	Utility Bills	Credit Card	0
8456	2/21/2023 13:16	21	35.78	Grocery	Credit Card	0
8457	2/21/2023 13:21	243	17.44	Medical	UPI	0
8458	2/21/2023 13:25	338	31.7	Travel	NetBanking	0
8459	2/21/2023 13:31	4	47	Fashion	Debit Card	0
8460	2/21/2023 13:37	233	10.92	Restaurants	Debit Card	0
8461	2/21/2023 13:45	118	15.93	Restaurants	Debit Card	0
8462	2/21/2023 13:47	446	100.39	Travel	Debit Card	0
8463	2/21/2023 13:52	145	83.2	Grocery	Credit Card	0
8464	2/21/2023 14:00	426	23.15	Electronics	Debit Card	0
8465	2/21/2023 14:05	362	30.93	Utility Bills	Debit Card	0
8466	2/21/2023 14:07	460	59.35	Utility Bills	UPI	0
8467	2/21/2023 14:21	296	19.14	Fashion	UPI	0
8468	2/21/2023 14:40	240	22.21	Grocery	Debit Card	0
8469	2/21/2023 14:44	481	33.63	Fuel	Debit Card	0
8470	2/21/2023 14:45	51	23.69	Utility Bills	UPI	0
8471	2/21/2023 14:48	295	30.09	Utility Bills	Credit Card	0
8472	2/21/2023 14:49	9	176.61	Fashion	NetBanking	0
8473	2/21/2023 14:53	176	73.44	Medical	Debit Card	0
8474	2/21/2023 14:53	125	33.41	Electronics	Debit Card	0
8475	2/21/2023 14:55	287	12.75	Grocery	UPI	0
8476	2/21/2023 14:58	190	12.63	Grocery	UPI	0
8477	2/21/2023 15:04	9	30.4	Fashion	Credit Card	0
8478	2/21/2023 15:10	37	38.26	Medical	UPI	0
8479	2/21/2023 15:16	147	19.94	Fashion	UPI	0
8480	2/21/2023 15:21	63	11.82	Utility Bills	NetBanking	0
8481	2/21/2023 15:25	332	48.14	Medical	NetBanking	0
8482	2/21/2023 15:26	26	11.45	Fashion	UPI	0
8483	2/21/2023 15:28	298	80.03	Utility Bills	UPI	0
8484	2/21/2023 15:32	423	51.44	Utility Bills	UPI	0
8485	2/21/2023 15:36	446	37.87	Utility Bills	NetBanking	0
8486	2/21/2023 15:37	388	13.4	Fuel	UPI	0
8487	2/21/2023 15:40	171	14.84	Grocery	UPI	0
8488	2/21/2023 15:44	70	18.53	Electronics	UPI	0
8489	2/21/2023 15:45	404	15.85	Fashion	UPI	0
8490	2/21/2023 16:01	361	13	Restaurants	UPI	0
8491	2/21/2023 16:02	20	47.37	Electronics	NetBanking	0
8492	2/21/2023 16:03	81	139.15	Medical	UPI	0
8493	2/21/2023 16:05	187	101.38	Travel	Credit Card	0
8494	2/21/2023 16:07	454	21.79	Utility Bills	UPI	0
8495	2/21/2023 16:11	460	58.58	Medical	UPI	0
8496	2/21/2023 16:12	396	19.28	Electronics	Debit Card	0
8497	2/21/2023 16:14	165	37.72	Electronics	Credit Card	0
8498	2/21/2023 16:16	279	19.84	Grocery	Credit Card	0
8499	2/21/2023 16:18	161	19.22	Fuel	Debit Card	0
8500	2/21/2023 16:19	273	122.15	Electronics	UPI	0
8501	2/21/2023 16:27	287	162	Travel	UPI	0
8502	2/21/2023 16:37	295	15.66	Fashion	Credit Card	0
8503	2/21/2023 16:41	26	17.62	Fashion	NetBanking	0
8504	2/21/2023 16:42	208	21.87	Utility Bills	UPI	0
8505	2/21/2023 16:48	339	32.97	Utility Bills	Debit Card	0
8506	2/21/2023 16:49	433	11.64	Restaurants	Debit Card	0
8507	2/21/2023 16:49	59	39.15	Fashion	NetBanking	0
8508	2/21/2023 16:59	216	53.99	Electronics	NetBanking	0
8509	2/21/2023 17:06	243	20.18	Grocery	Credit Card	0
8510	2/21/2023 17:10	168	149.5	Fuel	UPI	0
8511	2/21/2023 17:10	100	38.75	Fashion	NetBanking	0
8512	2/21/2023 17:10	43	40.21	Restaurants	Credit Card	0
8513	2/21/2023 17:10	332	11.95	Medical	UPI	0
8514	2/21/2023 17:15	205	50.03	Medical	NetBanking	0
8515	2/21/2023 17:30	306	20.47	Electronics	NetBanking	0
8516	2/21/2023 17:31	51	100.63	Utility Bills	UPI	0
8517	2/21/2023 17:32	142	14.71	Utility Bills	Credit Card	0
8518	2/21/2023 17:33	147	26.01	Fuel	NetBanking	0
8519	2/21/2023 17:34	298	20.83	Utility Bills	UPI	0
8520	2/21/2023 17:35	90	24.53	Grocery	UPI	0
8521	2/21/2023 17:37	2	34.54	Fashion	UPI	0
8522	2/21/2023 17:38	437	44.86	Utility Bills	Credit Card	0
8523	2/21/2023 17:49	178	48.76	Fuel	Debit Card	0
8524	2/21/2023 17:52	150	50.41	Fashion	Debit Card	0
8525	2/21/2023 17:53	231	39.53	Fashion	Credit Card	0
8526	2/21/2023 18:04	369	10.26	Grocery	Credit Card	0
8527	2/21/2023 18:04	463	32.59	Utility Bills	Credit Card	0
8528	2/21/2023 18:09	22	78.73	Restaurants	NetBanking	0
8529	2/21/2023 18:15	477	14.96	Fuel	Debit Card	0
8530	2/21/2023 18:16	289	13.14	Electronics	Debit Card	0
8531	2/21/2023 18:17	210	15.5	Utility Bills	UPI	0
8532	2/21/2023 18:20	351	14.11	Grocery	Debit Card	0
8533	2/21/2023 18:26	173	106.02	Utility Bills	Debit Card	0
8534	2/21/2023 18:37	89	41.31	Fashion	UPI	0
8535	2/21/2023 18:37	420	92.94	Restaurants	Debit Card	0
8536	2/21/2023 18:48	460	50.63	Restaurants	Debit Card	0
8537	2/21/2023 19:01	72	33.37	Grocery	Debit Card	0
8538	2/21/2023 19:01	305	30.16	Grocery	Debit Card	0
8539	2/21/2023 19:02	338	19.38	Utility Bills	UPI	0
8540	2/21/2023 19:03	395	42.51	Medical	NetBanking	0
8541	2/21/2023 19:04	96	73.38	Electronics	Debit Card	0
8542	2/21/2023 19:12	248	40.7	Grocery	Credit Card	0
8543	2/21/2023 19:15	366	10	Grocery	Debit Card	0
8544	2/21/2023 19:18	108	67.47	Electronics	Credit Card	0
8545	2/21/2023 19:27	187	84.67	Utility Bills	UPI	0
8546	2/21/2023 19:30	166	41.2	Travel	NetBanking	0
8547	2/21/2023 19:31	119	51.29	Grocery	Debit Card	0
8548	2/21/2023 19:35	251	32.61	Utility Bills	UPI	0
8549	2/21/2023 19:36	325	181.52	Electronics	Credit Card	0
8550	2/21/2023 19:37	339	57.9	Travel	Credit Card	0
8551	2/21/2023 19:38	336	55.81	Travel	NetBanking	0
8552	2/21/2023 19:43	276	41.95	Medical	UPI	0
8553	2/21/2023 19:45	147	48.41	Utility Bills	Debit Card	0
8554	2/21/2023 19:48	461	18.15	Restaurants	Credit Card	0
8555	2/21/2023 19:55	312	99.15	Electronics	UPI	0
8556	2/21/2023 20:08	22	13.24	Travel	Credit Card	0
8557	2/21/2023 20:12	109	22.23	Grocery	NetBanking	0
8558	2/21/2023 20:12	183	29.47	Travel	Debit Card	0
8559	2/21/2023 20:21	137	45.45	Grocery	Debit Card	0
8560	2/21/2023 20:23	313	11.27	Utility Bills	Credit Card	0
8561	2/21/2023 20:25	305	10	Grocery	UPI	0
8562	2/21/2023 20:30	465	131.58	Fashion	UPI	0
8563	2/21/2023 20:56	178	81.85	Fashion	UPI	0
8564	2/21/2023 21:03	489	76.1	Utility Bills	UPI	0
8565	2/21/2023 21:04	202	22.34	Restaurants	Debit Card	0
8566	2/21/2023 21:14	231	182.78	Electronics	UPI	0
8567	2/21/2023 21:19	273	41.96	Utility Bills	Credit Card	0
8568	2/21/2023 21:22	465	433.14	Medical	UPI	0
8569	2/21/2023 21:25	302	28.08	Fuel	Credit Card	0
8570	2/21/2023 21:26	147	166.49	Utility Bills	UPI	0
8571	2/21/2023 21:27	6	31.69	Grocery	UPI	0
8572	2/21/2023 21:29	48	11.63	Fashion	UPI	0
8573	2/21/2023 21:30	4	120.77	Utility Bills	UPI	0
8574	2/21/2023 21:30	139	20.51	Fuel	Debit Card	0
8575	2/21/2023 21:35	37	457.61	Fashion	UPI	0
8576	2/21/2023 21:44	147	128.49	Utility Bills	Debit Card	0
8577	2/21/2023 21:51	114	53.47	Travel	UPI	0
8578	2/21/2023 21:55	131	117.18	Fuel	Credit Card	0
8579	2/21/2023 21:57	268	14.83	Restaurants	Credit Card	1
8580	2/21/2023 21:58	65	13.74	Fashion	UPI	0
8581	2/22/2023 9:00	387	18.76	Medical	UPI	0
8582	2/22/2023 9:02	154	129.59	Electronics	UPI	0
8583	2/22/2023 9:03	325	37.51	Grocery	NetBanking	0
8584	2/22/2023 9:04	116	23.7	Medical	UPI	0
8585	2/22/2023 9:10	369	56.12	Utility Bills	Debit Card	0
8586	2/22/2023 9:14	144	59.05	Restaurants	UPI	0
8587	2/22/2023 9:17	98	40.02	Utility Bills	Credit Card	0
8588	2/22/2023 9:25	379	39.26	Restaurants	UPI	0
8589	2/22/2023 9:27	458	194.45	Restaurants	Credit Card	0
8590	2/22/2023 9:42	362	116.42	Grocery	UPI	0
8591	2/22/2023 9:45	37	23.41	Travel	NetBanking	0
8592	2/22/2023 9:46	70	86.43	Fashion	UPI	0
8593	2/22/2023 9:55	167	12.44	Utility Bills	UPI	0
8594	2/22/2023 9:58	38	36.76	Grocery	UPI	0
8595	2/22/2023 10:20	424	52.52	Electronics	NetBanking	0
8596	2/22/2023 10:21	403	366.95	Fashion	UPI	0
8597	2/22/2023 10:32	258	32.6	Medical	NetBanking	0
8598	2/22/2023 10:33	430	20.64	Travel	NetBanking	0
8599	2/22/2023 10:39	366	177.75	Medical	Debit Card	0
8600	2/22/2023 11:06	145	64.79	Utility Bills	UPI	0
8601	2/22/2023 11:07	395	162.53	Fashion	Debit Card	0
8602	2/22/2023 11:09	268	12.55	Electronics	Credit Card	0
8603	2/22/2023 11:10	289	11.22	Medical	Credit Card	0
8604	2/22/2023 11:12	366	17.78	Grocery	Debit Card	0
8605	2/22/2023 11:15	230	18.54	Electronics	UPI	0
8606	2/22/2023 11:16	416	124.58	Fuel	Debit Card	0
8607	2/22/2023 11:17	101	36.82	Restaurants	Debit Card	0
8608	2/22/2023 11:36	35	17.68	Grocery	Credit Card	0
8609	2/22/2023 11:41	470	34.07	Grocery	UPI	0
8610	2/22/2023 11:51	220	10.77	Medical	NetBanking	0
8611	2/22/2023 11:53	51	87.26	Fashion	Debit Card	1
8612	2/22/2023 12:03	307	13.36	Electronics	Debit Card	0
8613	2/22/2023 12:18	72	19.95	Grocery	Debit Card	0
8614	2/22/2023 12:29	108	28.07	Fashion	Credit Card	0
8615	2/22/2023 12:34	111	25.19	Grocery	Debit Card	0
8616	2/22/2023 12:42	186	52.46	Grocery	UPI	0
8617	2/22/2023 12:43	445	142.57	Travel	UPI	0
8618	2/22/2023 12:47	379	16.69	Grocery	UPI	0
8619	2/22/2023 12:48	365	19.22	Restaurants	Debit Card	0
8620	2/22/2023 12:59	181	31.08	Utility Bills	UPI	0
8621	2/22/2023 13:02	349	14.66	Grocery	UPI	0
8622	2/22/2023 13:05	440	50.21	Electronics	UPI	0
8623	2/22/2023 13:06	483	97.11	Restaurants	UPI	0
8624	2/22/2023 13:08	132	100.84	Utility Bills	UPI	0
8625	2/22/2023 13:11	325	64.07	Travel	UPI	0
8626	2/22/2023 13:31	246	24.34	Fuel	NetBanking	0
8627	2/22/2023 13:34	256	14.45	Medical	Debit Card	0
8628	2/22/2023 13:38	477	19.68	Fuel	UPI	0
8629	2/22/2023 13:42	148	28.91	Electronics	Credit Card	0
8630	2/22/2023 13:50	310	72.91	Utility Bills	UPI	0
8631	2/22/2023 14:06	126	37.06	Fashion	Credit Card	0
8632	2/22/2023 14:09	109	54.51	Grocery	Debit Card	0
8633	2/22/2023 14:16	182	13.63	Restaurants	UPI	0
8634	2/22/2023 14:19	73	12.59	Utility Bills	Credit Card	0
8635	2/22/2023 14:20	380	64.14	Grocery	Credit Card	0
8636	2/22/2023 14:31	102	121.59	Utility Bills	UPI	0
8637	2/22/2023 14:32	116	64.36	Travel	UPI	0
8638	2/22/2023 14:41	378	32.63	Fuel	UPI	0
8639	2/22/2023 14:56	285	124.16	Electronics	Debit Card	0
8640	2/22/2023 14:59	139	54.61	Grocery	UPI	0
8641	2/22/2023 14:59	208	15.2	Fashion	UPI	0
8642	2/22/2023 15:00	215	11.23	Utility Bills	UPI	0
8643	2/22/2023 15:08	122	61.89	Fashion	NetBanking	0
8644	2/22/2023 15:14	81	32.3	Medical	UPI	0
8645	2/22/2023 15:18	150	41.15	Electronics	UPI	0
8646	2/22/2023 15:24	409	186.98	Grocery	Credit Card	0
8647	2/22/2023 15:27	49	12.13	Restaurants	Debit Card	0
8648	2/22/2023 15:33	396	83.37	Medical	Debit Card	0
8649	2/22/2023 15:35	215	10.21	Fuel	UPI	0
8650	2/22/2023 15:35	170	100.58	Fashion	UPI	0
8651	2/22/2023 15:46	12	29.48	Utility Bills	Debit Card	0
8652	2/22/2023 15:46	46	39.44	Grocery	Credit Card	0
8653	2/22/2023 15:55	147	27.49	Fuel	UPI	0
8654	2/22/2023 16:05	351	18.17	Grocery	NetBanking	0
8655	2/22/2023 16:14	42	31.85	Medical	UPI	0
8656	2/22/2023 16:18	91	52.82	Medical	UPI	0
8657	2/22/2023 16:19	54	29.96	Utility Bills	UPI	0
8658	2/22/2023 16:24	362	34.94	Fashion	UPI	0
8659	2/22/2023 16:26	306	74.6	Restaurants	Debit Card	0
8660	2/22/2023 16:38	299	16.13	Restaurants	UPI	0
8661	2/22/2023 16:41	233	34.16	Travel	UPI	0
8662	2/22/2023 16:45	235	156.93	Fuel	Debit Card	0
8663	2/22/2023 16:59	432	18.31	Electronics	UPI	0
8664	2/22/2023 17:05	255	47.53	Fashion	NetBanking	1
8665	2/22/2023 17:07	369	36.35	Grocery	UPI	0
8666	2/22/2023 17:16	15	34.36	Electronics	UPI	0
8667	2/22/2023 17:25	416	12.87	Fashion	UPI	0
8668	2/22/2023 17:25	315	11.84	Grocery	Credit Card	0
8669	2/22/2023 17:25	460	23.93	Medical	UPI	0
8670	2/22/2023 17:28	99	32.87	Utility Bills	Debit Card	0
8671	2/22/2023 17:30	184	23.5	Restaurants	Credit Card	0
8672	2/22/2023 17:33	189	25.46	Fashion	NetBanking	0
8673	2/22/2023 17:38	312	51.1	Fuel	NetBanking	0
8674	2/22/2023 17:41	147	44.09	Electronics	UPI	0
8675	2/22/2023 17:41	298	53.36	Travel	UPI	0
8676	2/22/2023 17:46	248	82.29	Grocery	NetBanking	0
8677	2/22/2023 17:56	432	11.02	Fuel	NetBanking	0
8678	2/22/2023 17:56	131	38.32	Fashion	Credit Card	0
8679	1/4/2023 21:44	71	43.71	Fuel	Debit Card	0
8680	2/22/2023 18:01	115	11.45	Electronics	UPI	0
8681	2/22/2023 18:03	421	33.19	Electronics	Credit Card	0
8682	2/22/2023 18:03	220	44.94	Grocery	UPI	0
8683	2/22/2023 18:03	231	87.61	Grocery	UPI	0
8684	2/22/2023 18:07	298	59.64	Fashion	UPI	0
8685	2/22/2023 18:11	281	18.77	Restaurants	UPI	0
8686	2/22/2023 18:16	349	22.45	Fashion	UPI	0
8687	2/22/2023 18:17	51	30.63	Utility Bills	Debit Card	1
8688	2/22/2023 18:21	119	28.22	Fashion	Debit Card	0
8689	2/22/2023 18:23	404	205.57	Fashion	UPI	0
8690	2/22/2023 18:24	315	41.77	Grocery	UPI	0
8691	2/22/2023 18:32	153	20.45	Utility Bills	Credit Card	0
8692	2/22/2023 18:35	293	108.84	Restaurants	UPI	0
8693	2/22/2023 18:40	362	90.37	Electronics	UPI	0
8694	2/22/2023 18:42	215	25.02	Electronics	NetBanking	0
8695	2/22/2023 18:47	238	28.19	Utility Bills	UPI	0
8696	2/22/2023 18:47	26	11.64	Grocery	Credit Card	0
8697	2/22/2023 18:55	499	31.24	Restaurants	UPI	0
8698	2/22/2023 18:57	22	81.56	Fashion	Debit Card	0
8699	2/22/2023 19:00	174	89.09	Grocery	Credit Card	0
8700	2/22/2023 19:02	245	29.21	Grocery	Debit Card	0
8701	2/22/2023 19:05	93	26.88	Grocery	UPI	0
8702	2/22/2023 19:12	164	47.31	Travel	UPI	0
8703	2/22/2023 19:21	169	49.75	Electronics	UPI	0
8704	2/22/2023 19:24	72	49	Electronics	NetBanking	0
8705	2/22/2023 19:26	296	67.16	Grocery	Debit Card	0
8706	2/22/2023 19:31	417	21.92	Utility Bills	UPI	0
8707	2/22/2023 19:34	6	19.38	Fashion	Debit Card	0
8708	2/22/2023 19:50	453	44.71	Travel	Debit Card	0
8709	2/22/2023 19:51	68	12.18	Fashion	UPI	0
8710	2/22/2023 19:55	126	49.83	Restaurants	UPI	0
8711	2/22/2023 19:55	187	33.82	Electronics	UPI	0
8712	2/22/2023 19:55	284	23.97	Fuel	Credit Card	0
8713	2/22/2023 20:06	175	22.24	Utility Bills	UPI	0
8714	2/22/2023 20:14	217	10.52	Grocery	UPI	0
8715	2/22/2023 20:19	20	57.02	Fashion	UPI	0
8716	2/22/2023 20:27	72	18.68	Fuel	Credit Card	0
8717	2/22/2023 20:29	78	12.71	Grocery	UPI	0
8718	2/22/2023 20:37	116	89.01	Medical	UPI	0
8719	2/22/2023 20:40	158	31.37	Travel	Debit Card	0
8720	2/22/2023 20:43	477	28.76	Grocery	Credit Card	0
8721	2/22/2023 20:47	349	15.83	Medical	Debit Card	0
8722	2/22/2023 20:50	376	32.81	Fashion	UPI	0
8723	2/22/2023 20:55	260	50.57	Restaurants	Credit Card	0
8724	2/22/2023 20:58	445	39.51	Travel	Credit Card	0
8725	2/22/2023 21:01	94	37.15	Medical	Debit Card	0
8726	2/22/2023 21:04	231	10	Utility Bills	NetBanking	0
8727	2/22/2023 21:15	298	56.69	Fashion	UPI	0
8728	2/22/2023 21:24	72	80.41	Electronics	UPI	0
8729	2/22/2023 21:28	343	74.75	Medical	Credit Card	0
8730	2/22/2023 21:37	147	14	Medical	UPI	0
8731	2/22/2023 21:41	71	24.52	Fuel	UPI	0
8732	2/22/2023 21:51	214	14.36	Fuel	Debit Card	0
8733	2/22/2023 21:38	490	26.51	Fuel	Credit Card	0
8734	2/22/2023 21:53	25	72.78	Fashion	Credit Card	0
8735	2/22/2023 21:56	13	46.31	Fuel	UPI	0
8736	2/23/2023 9:03	301	21.32	Grocery	UPI	0
8737	2/23/2023 9:03	322	23.87	Medical	UPI	0
8738	2/23/2023 9:05	234	81.34	Grocery	UPI	0
8739	2/23/2023 9:07	268	27.47	Medical	UPI	0
8740	2/23/2023 9:09	166	90.55	Medical	UPI	0
8741	2/23/2023 9:10	247	256.57	Medical	UPI	0
8742	2/23/2023 9:46	347	43.29	Restaurants	Credit Card	0
8743	2/23/2023 9:48	475	14.62	Medical	Credit Card	0
8744	2/23/2023 9:53	277	66.72	Utility Bills	UPI	0
8745	2/23/2023 10:05	89	58.62	Grocery	Credit Card	0
8746	2/23/2023 10:05	491	69.41	Electronics	UPI	0
8747	2/23/2023 10:19	137	71.46	Medical	Debit Card	0
8748	2/23/2023 10:21	158	41.2	Fashion	Debit Card	0
8749	2/23/2023 10:23	313	14.48	Electronics	Debit Card	0
8750	2/23/2023 10:24	48	14.28	Electronics	UPI	0
8751	2/23/2023 10:25	461	48.06	Medical	UPI	0
8752	2/23/2023 10:25	295	193.12	Fashion	Credit Card	0
8753	2/23/2023 10:32	417	25.23	Electronics	Debit Card	0
8754	2/23/2023 10:33	78	61.83	Fashion	UPI	0
8755	2/23/2023 10:33	243	44.14	Fashion	UPI	0
8756	2/23/2023 10:33	4	124.28	Fuel	UPI	0
8757	2/23/2023 10:36	449	62.38	Fashion	UPI	0
8758	2/23/2023 10:42	461	24.86	Medical	Debit Card	0
8759	2/23/2023 11:16	85	24.08	Grocery	Debit Card	0
8760	2/23/2023 11:24	208	77.28	Utility Bills	UPI	0
8761	2/23/2023 11:24	209	40.51	Restaurants	NetBanking	0
8762	2/23/2023 11:26	477	43.15	Fuel	UPI	0
8763	2/23/2023 11:27	282	36.63	Electronics	Debit Card	0
8764	2/23/2023 11:39	75	55.18	Travel	Debit Card	0
8765	2/23/2023 11:43	265	29.9	Grocery	UPI	0
8766	2/23/2023 11:48	347	83.49	Electronics	NetBanking	0
8767	2/23/2023 11:50	33	66.07	Fashion	Credit Card	0
8768	2/23/2023 11:56	366	40.73	Grocery	Debit Card	0
8769	2/23/2023 12:04	404	35.78	Restaurants	Debit Card	0
8770	2/23/2023 12:12	327	10	Restaurants	UPI	0
8771	2/23/2023 12:13	135	21.63	Utility Bills	Debit Card	0
8772	2/23/2023 12:15	352	29.53	Medical	Debit Card	0
8773	2/23/2023 12:16	494	10	Fuel	UPI	0
8774	2/23/2023 12:18	430	11.48	Restaurants	Credit Card	0
8775	2/23/2023 12:22	46	30.5	Fashion	UPI	1
8776	2/23/2023 12:26	416	90.82	Restaurants	UPI	0
8777	2/23/2023 12:39	150	199.44	Fashion	Debit Card	0
8778	2/23/2023 12:47	240	117.32	Fashion	UPI	0
8779	2/23/2023 12:51	445	42.2	Fuel	UPI	0
8780	2/23/2023 12:55	296	21.67	Electronics	Credit Card	0
8781	2/23/2023 13:01	26	16.4	Grocery	UPI	0
8782	2/23/2023 13:04	81	202.34	Utility Bills	Credit Card	0
8783	2/23/2023 13:12	218	32.82	Grocery	UPI	0
8784	2/23/2023 13:14	130	27.97	Travel	UPI	0
8785	2/23/2023 13:14	232	99.96	Restaurants	Credit Card	0
8786	2/23/2023 13:30	224	24.21	Restaurants	Debit Card	0
8787	2/23/2023 13:30	491	10	Restaurants	NetBanking	0
8788	2/23/2023 13:35	287	26.43	Electronics	UPI	0
8789	2/23/2023 13:41	494	94.01	Utility Bills	Credit Card	0
8790	2/23/2023 13:42	81	60.28	Travel	NetBanking	0
8791	2/23/2023 13:43	91	11.66	Medical	NetBanking	0
8792	2/23/2023 13:47	450	22.53	Electronics	NetBanking	0
8793	2/23/2023 13:51	9	19.82	Restaurants	NetBanking	0
8794	2/23/2023 13:54	320	15.86	Utility Bills	Credit Card	0
8795	2/23/2023 14:11	295	88.99	Grocery	Credit Card	0
8796	2/23/2023 14:16	152	136.19	Travel	UPI	0
8797	2/23/2023 14:23	495	23.47	Medical	Credit Card	0
8798	2/23/2023 14:26	78	27.34	Fashion	Credit Card	0
8799	2/23/2023 14:30	489	37.96	Travel	UPI	0
8800	2/23/2023 14:30	248	25.35	Fuel	Credit Card	1
8801	2/23/2023 14:39	102	21.8	Grocery	Credit Card	0
8802	2/23/2023 14:54	208	35.08	Utility Bills	UPI	0
8803	2/23/2023 14:57	298	20.06	Grocery	Debit Card	0
8804	2/23/2023 15:01	72	18.04	Restaurants	UPI	0
8805	2/23/2023 15:14	187	59.29	Utility Bills	UPI	0
8806	2/23/2023 15:22	302	36.83	Travel	UPI	0
8807	2/23/2023 15:31	313	12.7	Electronics	UPI	0
8808	2/23/2023 15:36	158	111.24	Electronics	UPI	0
8809	2/23/2023 15:47	327	42.63	Travel	UPI	0
8810	2/23/2023 15:51	164	37.19	Grocery	UPI	0
8811	2/23/2023 15:53	85	102.24	Grocery	Debit Card	0
8812	2/23/2023 15:57	444	37.87	Restaurants	UPI	0
8813	2/23/2023 16:00	25	24.21	Electronics	UPI	0
8814	2/23/2023 16:00	337	29	Grocery	Credit Card	0
8815	2/23/2023 16:04	417	56.73	Medical	UPI	0
8816	2/23/2023 16:05	42	31.4	Medical	Debit Card	0
8817	2/23/2023 16:11	108	43.19	Travel	NetBanking	0
8818	2/23/2023 16:14	221	26.69	Electronics	UPI	0
8819	2/23/2023 16:14	147	54.72	Utility Bills	UPI	0
8820	2/23/2023 16:19	213	44.44	Medical	Credit Card	0
8821	2/10/2023 10:23	314	63.03	Grocery	UPI	0
8822	2/26/2023 9:23	247	34.45	Electronics	UPI	0
8823	2/23/2023 16:32	325	40.77	Restaurants	Credit Card	0
8824	2/23/2023 16:33	362	91.41	Grocery	UPI	0
8825	2/23/2023 16:34	472	63.61	Grocery	UPI	0
8826	2/23/2023 16:36	280	31.83	Grocery	UPI	0
8827	2/23/2023 16:42	362	25.12	Fashion	UPI	0
8828	2/23/2023 16:42	243	24.96	Fuel	NetBanking	0
8829	2/23/2023 16:44	133	25.77	Electronics	UPI	0
8830	2/23/2023 16:46	187	22.33	Travel	Credit Card	0
8831	2/23/2023 16:59	412	17.35	Medical	UPI	0
8832	2/23/2023 17:17	30	20.56	Fashion	UPI	0
8833	2/23/2023 17:21	93	62.21	Grocery	UPI	0
8834	2/23/2023 17:21	228	32.99	Fuel	UPI	0
8835	2/23/2023 17:26	392	82.25	Travel	NetBanking	0
8836	2/23/2023 17:31	203	38.77	Grocery	UPI	0
8837	2/23/2023 17:58	150	25.68	Travel	Debit Card	0
8838	2/23/2023 18:01	292	22.18	Fuel	UPI	0
8839	2/23/2023 18:07	261	179.68	Travel	UPI	0
8840	2/23/2023 18:15	193	57.31	Travel	NetBanking	0
8841	2/23/2023 18:15	287	77.47	Travel	Credit Card	0
8842	2/23/2023 18:19	491	206	Utility Bills	UPI	0
8843	2/23/2023 18:20	68	30.8	Fashion	UPI	0
8844	2/23/2023 18:21	208	10.81	Electronics	Credit Card	0
8845	2/23/2023 18:23	208	30.2	Electronics	UPI	0
8846	2/23/2023 18:29	158	182.32	Grocery	UPI	0
8847	2/23/2023 18:36	362	24.17	Utility Bills	Debit Card	0
8848	2/23/2023 18:43	173	24.46	Travel	UPI	0
8849	2/23/2023 18:44	460	20.76	Grocery	UPI	0
8850	2/23/2023 18:53	150	26.22	Grocery	UPI	0
8851	2/23/2023 18:54	492	21.05	Utility Bills	UPI	0
8852	2/23/2023 18:55	56	19.14	Grocery	UPI	0
8853	2/24/2023 17:14	331	35.5	Utility Bills	UPI	0
8854	2/23/2023 19:11	250	17.98	Utility Bills	UPI	0
8855	2/23/2023 19:12	379	25.42	Utility Bills	UPI	0
8856	2/23/2023 19:14	208	31.68	Grocery	Credit Card	0
8857	2/23/2023 19:19	432	27.42	Electronics	UPI	0
8858	2/23/2023 19:21	30	25.33	Medical	Credit Card	0
8859	2/23/2023 19:24	449	10	Grocery	Credit Card	0
8860	2/23/2023 19:25	243	115.28	Grocery	Debit Card	0
8861	2/23/2023 19:28	382	44.96	Restaurants	Credit Card	0
8862	2/23/2023 19:31	86	12.82	Electronics	Debit Card	0
8863	2/23/2023 19:39	9	31.89	Electronics	Credit Card	0
8864	2/23/2023 19:39	253	24.67	Grocery	UPI	0
8865	2/23/2023 19:40	231	62.08	Grocery	UPI	0
8866	2/23/2023 19:42	156	16.97	Fashion	Debit Card	0
8867	2/23/2023 19:43	432	104.6	Utility Bills	NetBanking	0
8868	2/23/2023 19:43	382	32.34	Electronics	Debit Card	0
8869	2/23/2023 19:46	26	24.57	Grocery	Debit Card	0
8870	2/23/2023 19:56	150	319.66	Grocery	UPI	0
8871	2/23/2023 20:11	468	10	Restaurants	UPI	0
8872	2/23/2023 20:12	456	44.75	Fashion	Debit Card	0
8873	2/23/2023 20:15	119	27.87	Grocery	NetBanking	0
8874	2/23/2023 20:21	320	81.93	Restaurants	Credit Card	0
8875	2/23/2023 20:37	248	21.02	Utility Bills	UPI	0
8876	2/23/2023 20:39	440	192.31	Fuel	Debit Card	0
8877	2/23/2023 20:45	46	28.54	Fashion	UPI	0
8878	2/23/2023 20:48	295	12.4	Fashion	UPI	0
8879	2/23/2023 20:49	231	17.28	Grocery	UPI	0
8880	2/23/2023 20:57	81	39.51	Grocery	Credit Card	0
8881	2/23/2023 21:01	417	134.97	Restaurants	NetBanking	0
8882	2/23/2023 21:01	157	73.88	Fuel	UPI	0
8883	2/23/2023 21:01	468	48.94	Restaurants	UPI	0
8884	2/23/2023 21:01	330	36.81	Fashion	Credit Card	0
8885	2/23/2023 21:13	327	38.66	Restaurants	Debit Card	0
8886	2/23/2023 21:19	85	22.67	Utility Bills	Debit Card	0
8887	2/23/2023 21:21	239	18.18	Electronics	NetBanking	0
8888	2/23/2023 21:38	243	24.8	Fuel	UPI	0
8889	2/23/2023 21:38	358	40.55	Utility Bills	Credit Card	0
8890	2/23/2023 21:43	486	44.5	Grocery	UPI	0
8891	2/23/2023 21:44	459	95.48	Utility Bills	Credit Card	0
8892	2/23/2023 21:49	256	26.7	Grocery	UPI	0
8893	2/23/2023 21:53	305	23.76	Utility Bills	UPI	0
8894	2/23/2023 21:53	148	10.98	Restaurants	UPI	0
8895	2/24/2023 9:05	330	10	Fuel	Credit Card	0
8896	2/24/2023 9:13	267	26.36	Restaurants	UPI	0
8897	2/24/2023 9:18	298	10.07	Grocery	UPI	0
8898	2/24/2023 9:33	138	61.67	Grocery	Credit Card	0
8899	2/24/2023 9:48	15	34.1	Grocery	UPI	0
8900	2/24/2023 9:55	157	68.53	Fuel	Credit Card	0
8901	2/24/2023 10:56	7	36.5	Electronics	NetBanking	0
8902	2/24/2023 11:07	295	34.27	Grocery	UPI	0
8903	2/24/2023 11:20	203	31.06	Travel	Debit Card	0
8904	2/24/2023 11:28	1	13.44	Fashion	UPI	0
8905	2/24/2023 11:34	254	22.07	Fashion	UPI	0
8906	2/24/2023 11:35	367	68.38	Restaurants	Credit Card	0
8907	2/24/2023 11:37	187	82.74	Utility Bills	NetBanking	0
8908	2/24/2023 11:54	77	121.17	Restaurants	NetBanking	0
8909	2/24/2023 12:04	340	22.63	Restaurants	NetBanking	0
8910	2/24/2023 12:05	432	19.82	Restaurants	Debit Card	0
8911	2/24/2023 12:16	463	80.57	Travel	Debit Card	0
8912	2/24/2023 12:24	9	19.29	Grocery	Debit Card	0
8913	2/24/2023 12:27	320	55.04	Restaurants	NetBanking	0
8914	2/24/2023 12:53	448	63.7	Travel	UPI	0
8915	2/24/2023 13:03	33	39.57	Medical	NetBanking	0
8916	2/24/2023 13:03	260	46.89	Electronics	Credit Card	0
8917	2/24/2023 13:05	12	10	Utility Bills	UPI	0
8918	2/24/2023 13:13	85	23.07	Fuel	Credit Card	0
8919	2/24/2023 13:18	257	33.98	Fashion	UPI	0
8920	2/24/2023 13:19	446	46.41	Fashion	Credit Card	0
8921	2/24/2023 13:23	111	78.54	Electronics	UPI	0
8922	2/24/2023 13:27	281	71.78	Fashion	UPI	0
8923	2/24/2023 13:33	191	17.15	Travel	Credit Card	0
8924	2/24/2023 13:37	285	56.63	Restaurants	UPI	0
8925	2/24/2023 13:41	231	26.5	Medical	UPI	0
8926	2/24/2023 13:42	499	41.86	Fashion	UPI	0
8927	2/24/2023 13:45	437	19.27	Electronics	UPI	0
8928	2/24/2023 13:48	280	13.53	Medical	UPI	0
8929	2/24/2023 13:59	150	44.09	Electronics	NetBanking	0
8930	2/24/2023 14:06	78	111.47	Restaurants	UPI	0
8931	2/24/2023 14:08	302	184.69	Travel	Debit Card	0
8932	2/24/2023 14:13	393	28.09	Restaurants	Credit Card	0
8933	2/24/2023 14:16	284	18.05	Utility Bills	Credit Card	0
8934	2/24/2023 14:35	311	117.07	Travel	Credit Card	0
8935	2/24/2023 14:45	398	47.35	Electronics	Debit Card	0
8936	2/24/2023 14:47	197	13.97	Medical	UPI	0
8937	2/24/2023 14:52	315	27.39	Fuel	UPI	0
8938	2/24/2023 14:56	96	31.09	Utility Bills	Credit Card	0
8939	2/24/2023 14:59	428	51.11	Restaurants	UPI	0
8940	2/24/2023 15:15	25	45.27	Fuel	UPI	0
8941	2/24/2023 15:17	482	61.3	Utility Bills	UPI	0
8942	2/24/2023 15:22	126	13.56	Electronics	UPI	0
8943	2/24/2023 15:22	247	26.26	Electronics	UPI	0
8944	2/24/2023 15:22	259	10	Restaurants	Credit Card	0
8945	2/24/2023 15:25	251	11.6	Medical	UPI	0
8946	2/24/2023 15:30	118	195.04	Travel	UPI	0
8947	2/24/2023 15:32	147	17.44	Fashion	Credit Card	0
8948	2/24/2023 15:40	457	237.42	Grocery	UPI	0
8949	2/24/2023 15:50	219	39.32	Electronics	Credit Card	0
8950	2/24/2023 15:51	168	24.44	Medical	UPI	0
8951	2/24/2023 15:55	338	25.68	Fuel	UPI	0
8952	2/24/2023 15:59	409	22.06	Grocery	UPI	0
8953	2/24/2023 16:00	262	35.29	Travel	UPI	0
8954	2/24/2023 16:05	138	35.19	Grocery	UPI	0
8955	2/24/2023 16:09	98	30.39	Fuel	UPI	0
8956	2/24/2023 16:15	150	20.64	Medical	UPI	0
8957	2/24/2023 16:20	327	57.77	Utility Bills	Debit Card	0
8958	2/24/2023 16:21	262	83.53	Medical	Credit Card	0
8959	2/24/2023 16:23	333	28.83	Electronics	UPI	0
8960	2/24/2023 16:36	99	116.26	Fashion	UPI	0
8961	2/24/2023 16:44	426	19.01	Electronics	UPI	0
8962	2/24/2023 16:46	298	65.17	Restaurants	UPI	0
8963	2/24/2023 16:46	359	186.19	Travel	Debit Card	0
8964	2/24/2023 17:03	276	75.98	Grocery	Credit Card	0
8965	2/24/2023 17:05	117	18.01	Fuel	Debit Card	0
8966	2/24/2023 17:11	85	22.09	Fuel	Credit Card	0
8967	2/24/2023 17:15	109	23.3	Restaurants	UPI	0
8968	2/24/2023 17:16	334	61.22	Fashion	Debit Card	0
8969	2/24/2023 17:19	96	10	Grocery	UPI	0
8970	2/24/2023 17:19	331	201.24	Fashion	UPI	0
8971	2/24/2023 17:24	89	24.77	Fuel	UPI	0
8972	2/2/2023 12:00	31	113.21	Electronics	NetBanking	0
8973	2/24/2023 17:56	233	114.67	Grocery	UPI	0
8974	2/24/2023 18:05	16	40.5	Fuel	Credit Card	0
8975	2/24/2023 18:17	399	12.23	Electronics	UPI	0
8976	2/24/2023 18:17	322	44.61	Restaurants	Credit Card	0
8977	2/24/2023 18:27	349	11.83	Medical	Debit Card	0
8978	2/24/2023 18:33	491	36.57	Grocery	Debit Card	0
8979	2/24/2023 18:37	313	13.84	Fuel	Credit Card	0
8980	2/24/2023 18:40	315	13.19	Fashion	Debit Card	0
8981	2/24/2023 18:50	481	22.18	Grocery	Debit Card	0
8982	2/24/2023 18:55	394	64.86	Medical	Credit Card	0
8983	2/24/2023 18:57	147	25.48	Restaurants	Debit Card	0
8984	2/24/2023 18:59	124	22.72	Utility Bills	UPI	0
8985	2/24/2023 19:11	265	99.65	Medical	Credit Card	0
8986	2/24/2023 19:15	231	13.43	Fashion	UPI	0
8987	2/24/2023 19:19	173	39.52	Grocery	Debit Card	0
8988	2/24/2023 19:19	126	38.45	Restaurants	Debit Card	0
8989	2/24/2023 19:26	400	36.88	Fashion	Debit Card	0
8990	2/24/2023 19:27	102	112.1	Fashion	Debit Card	0
8991	2/24/2023 19:27	461	52.15	Electronics	Credit Card	0
8992	2/24/2023 19:32	147	15.85	Fuel	Credit Card	0
8993	2/24/2023 19:42	80	374.06	Grocery	UPI	0
8994	2/24/2023 19:45	278	12.82	Travel	UPI	0
8995	2/24/2023 19:57	132	66.47	Restaurants	UPI	0
8996	2/24/2023 20:00	57	86	Electronics	Debit Card	0
8997	2/24/2023 20:04	123	31.32	Travel	Debit Card	0
8998	2/24/2023 20:05	144	49.54	Medical	NetBanking	0
8999	2/24/2023 20:12	358	13.55	Utility Bills	UPI	0
9000	2/24/2023 20:14	430	57.13	Fuel	Debit Card	0
9001	2/24/2023 20:14	353	21.01	Fuel	Credit Card	0
9002	2/24/2023 20:21	72	24.82	Grocery	UPI	0
9003	2/24/2023 20:30	30	123.14	Travel	Credit Card	0
9004	2/24/2023 20:32	81	47.47	Grocery	Credit Card	0
9005	2/24/2023 20:35	293	32.9	Travel	Debit Card	0
9006	2/24/2023 20:43	382	41.54	Travel	Credit Card	0
9007	2/24/2023 20:51	202	79.12	Medical	Credit Card	0
9008	2/24/2023 20:56	32	39.21	Restaurants	UPI	0
9009	2/24/2023 21:08	403	137.28	Restaurants	UPI	0
9010	2/24/2023 21:08	238	86.5	Restaurants	Credit Card	0
9011	2/24/2023 21:25	432	35.06	Grocery	Credit Card	0
9012	2/24/2023 21:34	369	18.4	Fuel	UPI	0
9013	2/24/2023 21:35	67	10	Grocery	UPI	0
9014	2/24/2023 21:36	158	12.68	Travel	Credit Card	0
9015	2/24/2023 21:39	404	30.94	Fashion	Credit Card	0
9016	2/24/2023 21:43	453	99.18	Grocery	UPI	0
9017	2/25/2023 9:02	349	22.89	Grocery	Debit Card	0
9018	2/25/2023 9:15	383	17.84	Fuel	NetBanking	0
9019	2/25/2023 9:27	429	17.55	Restaurants	Credit Card	0
9020	2/25/2023 9:41	191	48.73	Fashion	UPI	0
9021	2/25/2023 9:42	432	10.23	Fuel	Credit Card	0
9022	2/25/2023 9:44	428	25.15	Utility Bills	Debit Card	0
9023	2/25/2023 9:54	109	115.01	Electronics	Debit Card	0
9024	2/25/2023 10:01	371	29.19	Medical	Credit Card	0
9025	2/25/2023 10:06	183	50.98	Restaurants	NetBanking	0
9026	2/25/2023 10:09	153	26.11	Utility Bills	UPI	0
9027	2/25/2023 10:36	137	24.87	Medical	UPI	0
9028	2/25/2023 10:37	165	30.68	Fashion	UPI	0
9029	2/25/2023 10:39	256	11.49	Fuel	UPI	0
9030	2/25/2023 10:55	147	51.74	Restaurants	UPI	0
9031	2/25/2023 10:56	231	39.76	Grocery	UPI	0
9032	2/25/2023 11:02	111	12.04	Fashion	UPI	0
9033	2/25/2023 11:09	74	32.51	Grocery	UPI	0
9034	2/25/2023 11:11	150	29.62	Grocery	NetBanking	0
9035	2/25/2023 11:24	109	42.91	Utility Bills	UPI	0
9036	2/25/2023 11:26	292	60.39	Restaurants	UPI	0
9037	2/25/2023 11:28	78	31.25	Grocery	UPI	0
9038	2/25/2023 11:35	298	28.92	Electronics	Debit Card	0
9039	2/25/2023 11:37	178	30.52	Grocery	UPI	0
9040	2/25/2023 11:53	190	21.67	Utility Bills	Credit Card	0
9041	2/25/2023 11:59	7	26.64	Grocery	Debit Card	0
9042	2/25/2023 12:09	446	396.4	Travel	Debit Card	0
9043	2/25/2023 12:13	274	10	Grocery	UPI	0
9044	2/25/2023 12:19	108	31.55	Medical	UPI	0
9045	2/25/2023 12:27	364	83.1	Utility Bills	UPI	0
9046	2/24/2023 17:26	331	33.11	Fuel	Debit Card	0
9047	2/25/2023 12:53	335	52.49	Medical	UPI	0
9048	2/25/2023 12:54	245	15.75	Utility Bills	UPI	0
9049	2/25/2023 12:54	233	12.03	Fashion	UPI	0
9050	2/25/2023 12:57	150	25.04	Fashion	UPI	0
9051	2/25/2023 12:59	354	22.4	Fashion	UPI	0
9052	2/25/2023 13:01	48	49.12	Fuel	Debit Card	0
9053	2/25/2023 13:01	30	37.3	Grocery	NetBanking	0
9054	2/25/2023 13:03	482	60.33	Medical	Credit Card	0
9055	2/25/2023 13:13	237	17.42	Medical	UPI	0
9056	2/25/2023 13:25	81	100.69	Fashion	Debit Card	0
9057	2/25/2023 13:51	124	22.03	Fuel	Debit Card	0
9058	2/25/2023 13:55	208	122.6	Medical	UPI	0
9059	2/25/2023 14:09	285	27.45	Restaurants	NetBanking	0
9060	2/25/2023 14:13	95	13.35	Grocery	UPI	0
9061	2/25/2023 14:14	132	30.75	Utility Bills	Credit Card	0
9062	2/25/2023 14:18	494	39.57	Fashion	Debit Card	0
9063	2/25/2023 14:32	71	24.16	Fuel	Credit Card	0
9064	2/25/2023 14:35	1	38.9	Restaurants	UPI	0
9065	2/25/2023 14:36	147	13.39	Fashion	UPI	0
9066	2/25/2023 14:37	396	33.05	Fashion	UPI	0
9067	2/25/2023 14:37	280	38.48	Fashion	UPI	0
9068	2/25/2023 14:38	190	96.53	Travel	UPI	0
9069	2/25/2023 14:59	340	50.21	Fashion	UPI	0
9070	2/25/2023 15:00	183	27.17	Grocery	Credit Card	0
9071	2/25/2023 15:03	147	61.33	Utility Bills	Credit Card	0
9072	2/25/2023 15:14	491	46.44	Grocery	NetBanking	0
9073	2/25/2023 15:14	105	28.52	Grocery	Debit Card	0
9074	2/25/2023 15:15	41	61.68	Electronics	UPI	0
9075	2/25/2023 15:18	404	122.36	Travel	Credit Card	0
9076	2/25/2023 15:22	300	72.84	Electronics	Debit Card	0
9077	2/25/2023 15:28	7	72.83	Restaurants	UPI	0
9078	2/25/2023 15:30	208	262.71	Utility Bills	UPI	0
9079	2/25/2023 15:31	277	21.26	Grocery	UPI	0
9080	2/25/2023 15:31	134	58.57	Travel	Credit Card	0
9081	2/25/2023 15:40	445	22.84	Travel	Credit Card	0
9082	2/25/2023 15:42	60	10.11	Utility Bills	Debit Card	0
9083	2/25/2023 15:42	408	12.43	Utility Bills	UPI	0
9084	2/25/2023 15:47	29	24.41	Utility Bills	UPI	0
9085	2/25/2023 15:59	286	22.31	Grocery	Credit Card	0
9086	2/25/2023 15:59	106	131.67	Fuel	UPI	0
9087	2/25/2023 16:02	492	25.84	Electronics	Credit Card	0
9088	2/25/2023 16:02	350	96.66	Electronics	Credit Card	0
9089	2/25/2023 16:09	347	18.76	Grocery	UPI	0
9090	2/25/2023 16:16	64	58.81	Fuel	UPI	0
9091	2/25/2023 16:17	218	10.48	Utility Bills	UPI	0
9092	2/25/2023 16:19	147	17.71	Restaurants	UPI	0
9093	2/25/2023 16:32	179	24.01	Fuel	UPI	0
9094	2/25/2023 16:34	150	24.82	Electronics	Credit Card	0
9095	2/25/2023 16:35	349	33.07	Travel	UPI	0
9096	2/25/2023 16:36	384	12.88	Fuel	NetBanking	0
9097	2/25/2023 16:50	424	80.01	Fashion	Debit Card	0
9098	2/25/2023 16:50	85	26.17	Fuel	UPI	0
9099	2/25/2023 17:00	124	116.77	Electronics	UPI	0
9100	2/25/2023 17:02	49	10	Fuel	UPI	0
9101	2/25/2023 17:04	301	73.02	Fashion	Credit Card	0
9102	2/25/2023 17:05	173	35.75	Restaurants	UPI	0
9103	2/25/2023 17:12	482	185.6	Electronics	Debit Card	0
9104	2/25/2023 17:22	333	57.19	Electronics	UPI	0
9105	2/25/2023 17:22	41	14.1	Medical	Credit Card	0
9106	2/25/2023 17:24	470	13.72	Medical	Debit Card	0
9107	2/25/2023 17:28	190	34.12	Grocery	UPI	0
9108	2/25/2023 17:34	295	37.41	Medical	NetBanking	0
9109	2/25/2023 17:34	359	77.06	Grocery	Debit Card	0
9110	2/25/2023 17:35	189	90.26	Medical	UPI	0
9111	2/25/2023 17:36	25	49.1	Restaurants	UPI	0
9112	2/25/2023 17:36	112	36.72	Grocery	Debit Card	0
9113	2/25/2023 17:39	183	37.73	Fuel	Debit Card	0
9114	2/25/2023 17:42	466	30.94	Fuel	Credit Card	0
9115	2/25/2023 17:44	9	38.11	Utility Bills	Credit Card	0
9116	2/25/2023 17:56	276	91.3	Utility Bills	UPI	0
9117	2/25/2023 17:59	228	18.56	Restaurants	NetBanking	0
9118	2/25/2023 18:11	72	55.88	Fuel	Debit Card	0
9119	2/25/2023 18:11	150	14.15	Travel	Credit Card	0
9120	2/25/2023 18:13	359	73.43	Grocery	UPI	0
9121	2/25/2023 18:19	449	51.95	Electronics	Debit Card	0
9122	2/25/2023 18:20	229	53.11	Fuel	UPI	0
9123	2/25/2023 18:24	150	26.76	Fashion	UPI	0
9124	2/25/2023 18:29	256	36.59	Restaurants	Debit Card	0
9125	2/25/2023 18:31	481	109.92	Fashion	Debit Card	0
9126	2/25/2023 18:32	42	57.98	Grocery	UPI	0
9127	2/25/2023 18:50	310	68.51	Restaurants	UPI	0
9128	2/25/2023 18:52	240	28.84	Fashion	Credit Card	0
9129	2/25/2023 18:52	187	119.69	Grocery	Debit Card	0
9130	2/25/2023 19:03	109	57.66	Medical	Credit Card	0
9131	2/25/2023 19:07	250	50.73	Grocery	Credit Card	0
9132	2/25/2023 19:13	428	14.99	Grocery	UPI	0
9133	2/25/2023 19:24	349	28.44	Travel	UPI	0
9134	2/25/2023 19:26	250	22.76	Restaurants	UPI	0
9135	2/25/2023 19:33	208	29	Restaurants	NetBanking	0
9136	2/25/2023 19:41	81	18.57	Medical	UPI	0
9137	2/25/2023 19:44	239	20.13	Utility Bills	Credit Card	0
9138	2/25/2023 19:44	305	35.08	Electronics	Credit Card	0
9139	2/25/2023 20:06	282	22.9	Fashion	Credit Card	0
9140	2/25/2023 20:07	77	107.99	Medical	Debit Card	0
9141	2/25/2023 20:09	153	28.47	Travel	Debit Card	0
9142	2/25/2023 20:19	231	55.02	Restaurants	UPI	0
9143	2/25/2023 20:27	85	20.52	Travel	Credit Card	0
9144	2/25/2023 20:30	150	10	Fuel	UPI	0
9145	2/25/2023 20:38	317	48.35	Fashion	Credit Card	1
9146	2/25/2023 20:39	165	34.85	Utility Bills	UPI	0
9147	2/25/2023 20:50	69	66.87	Travel	Debit Card	0
9148	2/25/2023 20:52	440	58.07	Fashion	UPI	0
9149	2/25/2023 20:54	417	128.01	Medical	Debit Card	0
9150	2/25/2023 20:57	92	10	Grocery	Debit Card	0
9151	2/25/2023 21:04	416	36.7	Fuel	Credit Card	0
9152	2/25/2023 21:14	85	23.1	Grocery	UPI	0
9153	2/25/2023 21:15	324	72.16	Travel	Credit Card	0
9154	2/25/2023 21:25	444	11.64	Fuel	Credit Card	0
9155	2/25/2023 21:29	333	59.99	Grocery	Credit Card	0
9156	2/25/2023 21:37	130	17.72	Fuel	UPI	0
9157	2/25/2023 21:44	287	11.51	Electronics	Debit Card	0
9158	2/25/2023 21:50	287	36.24	Travel	Credit Card	0
9159	2/26/2023 9:05	400	89.61	Electronics	Credit Card	0
9160	2/26/2023 9:08	313	168.6	Fashion	UPI	0
9161	2/26/2023 9:17	246	83.07	Grocery	Debit Card	0
9162	2/26/2023 9:28	314	60.73	Fuel	UPI	0
9163	2/26/2023 9:33	495	540.02	Grocery	UPI	1
9164	2/26/2023 9:34	247	53.37	Fashion	NetBanking	0
9165	2/26/2023 9:35	231	43.16	Fuel	Credit Card	0
9166	2/26/2023 9:40	314	64.26	Fuel	Debit Card	0
9167	2/26/2023 9:58	158	49.27	Medical	UPI	0
9168	2/26/2023 9:59	247	96.18	Electronics	Debit Card	0
9169	2/26/2023 10:07	486	10	Restaurants	UPI	0
9170	2/26/2023 10:13	187	17.06	Medical	UPI	0
9171	2/26/2023 10:20	456	44.17	Utility Bills	NetBanking	0
9172	2/26/2023 10:26	382	13.4	Electronics	UPI	0
9173	2/26/2023 10:43	130	71.55	Medical	Credit Card	0
9174	2/26/2023 10:48	64	10	Utility Bills	NetBanking	0
9175	2/26/2023 11:23	471	22.83	Grocery	Debit Card	0
9176	2/26/2023 11:40	57	37.94	Medical	UPI	0
9177	2/26/2023 11:47	102	19.6	Grocery	NetBanking	0
9178	2/26/2023 11:47	38	50.27	Grocery	NetBanking	0
9179	2/26/2023 11:53	262	29.07	Fashion	Credit Card	0
9180	2/26/2023 11:53	231	86.65	Utility Bills	NetBanking	0
9181	2/26/2023 12:13	250	40.23	Fashion	UPI	0
9182	2/26/2023 12:19	197	26.87	Utility Bills	UPI	0
9183	2/26/2023 12:27	101	43.28	Utility Bills	UPI	0
9184	2/26/2023 12:29	256	99.85	Travel	Credit Card	0
9185	2/26/2023 12:36	119	22.83	Grocery	Debit Card	0
9186	2/26/2023 12:39	72	109.88	Grocery	Debit Card	0
9187	2/26/2023 12:45	306	140.96	Electronics	Debit Card	0
9188	2/26/2023 12:51	211	12.93	Fashion	Debit Card	0
9189	2/26/2023 12:53	87	11.5	Grocery	UPI	0
9190	2/26/2023 12:56	435	55.8	Fashion	Credit Card	0
9191	2/26/2023 13:03	443	16.49	Fuel	Credit Card	0
9192	2/26/2023 13:07	262	32.05	Fashion	UPI	0
9193	2/26/2023 13:08	477	49.87	Restaurants	UPI	0
9194	2/26/2023 13:08	273	104.12	Electronics	Credit Card	0
9195	2/26/2023 13:13	437	75.74	Grocery	UPI	0
9196	2/26/2023 13:13	101	17.17	Utility Bills	Credit Card	0
9197	2/26/2023 13:21	127	30.98	Restaurants	NetBanking	0
9198	2/26/2023 13:24	445	70.31	Grocery	Debit Card	0
9199	2/26/2023 13:25	139	31.88	Fashion	NetBanking	0
9200	2/26/2023 13:31	215	32.58	Restaurants	NetBanking	0
9201	2/26/2023 13:32	91	177.1	Medical	Credit Card	0
9202	2/26/2023 13:37	34	20.81	Grocery	UPI	0
9203	2/26/2023 13:38	56	10.67	Fuel	NetBanking	0
9204	2/26/2023 13:42	139	112.59	Restaurants	Debit Card	0
9205	2/26/2023 13:49	437	21.12	Medical	NetBanking	0
9206	2/26/2023 13:58	174	59.21	Utility Bills	Credit Card	0
9207	2/26/2023 13:59	238	78.71	Medical	UPI	0
9208	2/26/2023 14:09	109	21.98	Utility Bills	UPI	0
9209	2/26/2023 14:21	42	11.29	Utility Bills	NetBanking	0
9210	2/26/2023 14:29	321	122.62	Grocery	UPI	0
9211	2/26/2023 14:34	67	14.34	Fashion	Debit Card	0
9212	2/26/2023 14:35	360	33.58	Travel	Credit Card	0
9213	2/26/2023 14:42	69	30.18	Grocery	Credit Card	0
9214	2/26/2023 14:58	41	12.81	Fashion	UPI	0
9215	2/26/2023 15:02	156	40.83	Medical	UPI	0
9216	2/26/2023 15:04	460	37.29	Medical	Debit Card	0
9217	2/26/2023 15:08	433	13.59	Utility Bills	Debit Card	0
9218	2/26/2023 15:09	72	80.78	Utility Bills	Debit Card	0
9219	2/26/2023 15:10	95	73.78	Travel	Debit Card	0
9220	2/26/2023 15:23	218	15.03	Restaurants	UPI	0
9221	2/26/2023 15:27	162	10	Fuel	UPI	0
9222	2/26/2023 15:46	98	30.88	Electronics	UPI	0
9223	2/26/2023 15:50	46	42.55	Travel	UPI	0
9224	2/26/2023 15:59	298	228.66	Travel	Credit Card	0
9225	2/26/2023 16:01	448	30.85	Utility Bills	UPI	0
9226	2/26/2023 16:06	136	10.87	Medical	UPI	0
9227	2/26/2023 16:09	387	111.83	Travel	Debit Card	0
9228	2/26/2023 16:09	315	36.95	Medical	UPI	0
9229	2/26/2023 16:15	285	70.92	Medical	UPI	0
9230	2/26/2023 16:29	54	10	Restaurants	UPI	0
9231	2/26/2023 16:35	292	49.12	Utility Bills	UPI	0
9232	2/26/2023 16:44	208	89.61	Fashion	Credit Card	0
9233	2/26/2023 16:46	326	70	Fashion	Debit Card	0
9234	2/26/2023 16:48	446	64.08	Travel	Debit Card	0
9235	2/26/2023 16:53	156	35.18	Fashion	Credit Card	0
9236	2/26/2023 16:53	453	23.6	Travel	Debit Card	0
9237	2/26/2023 17:04	387	90.84	Travel	NetBanking	0
9238	2/26/2023 17:04	30	24.27	Utility Bills	NetBanking	0
9239	2/26/2023 17:09	147	79.31	Medical	NetBanking	0
9240	2/26/2023 17:10	183	23.29	Fuel	Credit Card	1
9241	2/26/2023 17:16	78	10	Fuel	UPI	0
9242	2/26/2023 17:37	284	74.11	Utility Bills	Credit Card	0
9243	2/26/2023 17:49	219	334.59	Travel	UPI	0
9244	2/26/2023 17:51	9	74.99	Restaurants	Credit Card	0
9245	2/26/2023 18:02	341	22.11	Fashion	UPI	0
9246	2/26/2023 18:27	215	26.82	Travel	UPI	0
9247	2/26/2023 18:27	355	11.49	Fashion	UPI	0
9248	2/26/2023 18:33	371	40.53	Grocery	Credit Card	0
9249	2/26/2023 18:37	28	37.71	Fuel	UPI	0
9250	2/26/2023 18:48	270	13.39	Travel	Debit Card	0
9251	2/26/2023 18:48	479	25.33	Restaurants	Debit Card	0
9252	2/26/2023 18:51	197	23.66	Utility Bills	UPI	0
9253	2/26/2023 19:07	359	16.51	Grocery	UPI	0
9254	2/26/2023 19:11	492	21.67	Restaurants	UPI	0
9255	2/26/2023 19:23	455	26.94	Grocery	Credit Card	0
9256	2/26/2023 19:23	402	39.94	Fashion	Credit Card	0
9257	2/26/2023 19:24	192	48.55	Travel	UPI	0
9258	2/26/2023 19:31	49	15.05	Grocery	UPI	0
9259	2/26/2023 19:34	429	64.28	Grocery	UPI	0
9260	2/26/2023 19:40	135	66.18	Medical	Credit Card	0
9261	2/26/2023 19:41	81	59.46	Medical	UPI	0
9262	2/26/2023 19:44	333	84.47	Medical	Credit Card	0
9263	2/26/2023 19:46	477	22.25	Travel	Credit Card	0
9264	2/26/2023 19:50	58	14.1	Fashion	UPI	0
9265	2/26/2023 19:53	72	128.27	Grocery	UPI	0
9266	2/26/2023 19:53	285	102.25	Travel	Credit Card	0
9267	2/26/2023 19:54	231	19.65	Grocery	Credit Card	0
9268	2/26/2023 20:08	464	130.69	Fuel	UPI	0
9269	2/26/2023 20:11	23	43.65	Utility Bills	UPI	0
9270	2/26/2023 20:11	227	33.19	Grocery	Debit Card	0
9271	2/26/2023 20:16	322	16.24	Electronics	UPI	0
9272	2/26/2023 20:19	138	149.63	Fashion	UPI	0
9273	2/26/2023 20:21	70	18.18	Electronics	NetBanking	0
9274	2/26/2023 20:22	220	35.7	Restaurants	NetBanking	0
9275	2/26/2023 20:24	15	157.8	Electronics	Debit Card	0
9276	2/26/2023 20:33	387	27.34	Grocery	Credit Card	0
9277	2/26/2023 20:40	243	33.09	Fuel	Credit Card	0
9278	2/26/2023 20:43	347	10	Utility Bills	UPI	0
9279	2/26/2023 20:44	104	62.8	Restaurants	Credit Card	0
9280	2/26/2023 20:57	424	10	Fuel	UPI	0
9281	2/26/2023 21:03	148	62.92	Restaurants	Debit Card	0
9282	2/26/2023 21:09	458	28.32	Utility Bills	UPI	0
9283	2/26/2023 21:13	338	22.98	Travel	Credit Card	0
9284	2/26/2023 21:23	323	31.78	Medical	Credit Card	0
9285	2/26/2023 21:29	109	57.47	Fashion	UPI	0
9286	2/26/2023 21:29	179	17.66	Grocery	UPI	0
9287	2/26/2023 21:33	313	101.38	Restaurants	UPI	0
9288	2/26/2023 21:39	222	10	Restaurants	NetBanking	0
9289	2/26/2023 21:47	152	63.33	Utility Bills	UPI	0
9290	2/26/2023 21:48	147	103.33	Grocery	Credit Card	0
9291	2/26/2023 21:50	464	73.64	Fashion	UPI	0
9292	2/26/2023 21:52	348	62	Medical	UPI	0
9293	2/26/2023 21:55	7	71.3	Electronics	Debit Card	0
9294	2/27/2023 9:01	231	22.55	Utility Bills	UPI	0
9295	2/27/2023 9:03	302	337.51	Restaurants	UPI	0
9296	2/27/2023 9:12	51	40.68	Grocery	UPI	0
9297	2/27/2023 9:17	468	70.23	Restaurants	Debit Card	0
9298	2/27/2023 9:18	189	31.34	Electronics	Credit Card	0
9299	2/27/2023 9:25	100	248.63	Electronics	Credit Card	0
9300	2/27/2023 9:33	301	94.11	Electronics	UPI	0
9301	2/27/2023 9:35	470	112.18	Travel	UPI	0
9302	2/27/2023 9:38	96	31.51	Grocery	UPI	0
9303	2/27/2023 9:42	223	20.39	Travel	Debit Card	0
9304	2/27/2023 9:45	371	16.12	Restaurants	Debit Card	0
9305	2/27/2023 9:48	142	108.6	Grocery	UPI	0
9306	2/27/2023 9:56	9	53.41	Utility Bills	UPI	0
9307	2/27/2023 10:02	286	51.95	Fuel	UPI	0
9308	2/27/2023 10:06	17	58.7	Grocery	UPI	0
9309	2/27/2023 10:18	72	97.11	Fashion	Credit Card	0
9310	2/27/2023 10:28	299	26.22	Grocery	UPI	0
9311	2/27/2023 10:41	371	89.65	Fuel	UPI	0
9312	2/27/2023 10:47	449	64.66	Fashion	NetBanking	0
9313	2/27/2023 10:58	64	63.97	Fashion	Credit Card	0
9314	2/27/2023 11:01	274	68.43	Fuel	Credit Card	0
9315	2/27/2023 11:03	421	19.52	Utility Bills	Credit Card	0
9316	2/27/2023 11:07	23	14.1	Grocery	Debit Card	0
9317	2/27/2023 11:10	186	67.35	Travel	Debit Card	0
9318	2/27/2023 11:19	193	21.75	Utility Bills	Debit Card	0
9319	2/27/2023 11:52	127	27.2	Fuel	UPI	0
9320	2/27/2023 12:05	338	34.49	Fuel	UPI	0
9321	2/27/2023 12:07	231	65.59	Utility Bills	UPI	0
9322	2/27/2023 12:19	26	54.27	Electronics	UPI	0
9323	2/27/2023 12:21	165	211.46	Restaurants	UPI	0
9324	2/27/2023 12:24	296	70.4	Grocery	Credit Card	0
9325	2/27/2023 12:25	373	18.16	Fashion	Debit Card	0
9326	2/27/2023 12:49	249	62.07	Fuel	UPI	0
9327	2/27/2023 12:49	166	102.03	Restaurants	UPI	0
9328	2/27/2023 12:51	208	10	Utility Bills	UPI	0
9329	2/27/2023 13:06	313	23.72	Fashion	UPI	0
9330	2/27/2023 13:14	460	12.13	Medical	UPI	0
9331	2/27/2023 13:15	428	52.73	Grocery	Credit Card	0
9332	2/27/2023 13:20	189	13.67	Electronics	UPI	0
9333	2/27/2023 13:21	500	82.68	Fashion	Credit Card	0
9334	2/27/2023 13:23	109	20.61	Grocery	Credit Card	0
9335	2/27/2023 13:23	347	66.66	Fashion	Debit Card	0
9336	2/27/2023 13:29	124	14.53	Medical	NetBanking	0
9337	2/27/2023 13:32	243	29.06	Medical	NetBanking	0
9338	2/27/2023 13:33	455	49.88	Fashion	Debit Card	0
9339	2/27/2023 13:45	84	33.67	Fashion	Debit Card	0
9340	2/27/2023 13:53	359	50.15	Utility Bills	Credit Card	0
9341	2/27/2023 14:01	132	16.86	Utility Bills	NetBanking	0
9342	2/27/2023 14:10	445	63.78	Medical	Credit Card	0
9343	2/27/2023 14:12	467	12.01	Fashion	UPI	0
9344	2/27/2023 14:18	489	39.16	Restaurants	Debit Card	0
9345	2/27/2023 14:26	77	47.7	Utility Bills	UPI	0
9346	2/27/2023 14:32	72	26.77	Medical	Credit Card	0
9347	2/27/2023 14:35	340	106.35	Medical	Debit Card	0
9348	2/27/2023 14:36	361	11.9	Restaurants	Credit Card	0
9349	2/27/2023 14:40	448	92.79	Grocery	Credit Card	0
9350	2/27/2023 14:47	381	18.56	Utility Bills	Debit Card	0
9351	2/27/2023 14:52	60	18.24	Grocery	NetBanking	0
9352	2/27/2023 14:56	443	27.73	Fuel	Credit Card	0
9353	2/27/2023 15:01	51	26.08	Restaurants	UPI	0
9354	2/27/2023 15:04	96	68.29	Grocery	Credit Card	0
9355	2/27/2023 15:04	30	32.59	Utility Bills	UPI	0
9356	2/27/2023 15:08	262	43.91	Electronics	NetBanking	1
9357	2/27/2023 15:13	15	47.65	Fashion	UPI	0
9358	2/27/2023 15:24	387	26.82	Fuel	Debit Card	0
9359	2/27/2023 15:37	435	13.28	Fuel	UPI	0
9360	2/27/2023 15:38	320	47.17	Fashion	UPI	0
9361	2/27/2023 15:43	349	65.14	Utility Bills	UPI	0
9362	2/27/2023 15:45	75	46.04	Utility Bills	UPI	0
9363	2/10/2023 9:14	438	49.74	Electronics	NetBanking	0
9364	2/27/2023 15:52	172	55.07	Grocery	UPI	0
9365	2/27/2023 15:53	471	34.02	Medical	UPI	0
9366	2/27/2023 16:01	230	32.54	Grocery	Debit Card	0
9367	2/27/2023 16:02	392	40.99	Fuel	Credit Card	0
9368	2/27/2023 16:06	494	10	Fuel	Debit Card	0
9369	2/27/2023 16:08	428	10.88	Electronics	Debit Card	0
9370	2/27/2023 16:15	117	31.51	Fashion	NetBanking	0
9371	2/27/2023 16:27	15	92.82	Grocery	UPI	0
9372	2/27/2023 16:34	491	109.32	Grocery	UPI	0
9373	2/27/2023 16:45	371	87.04	Electronics	Credit Card	0
9374	2/27/2023 16:47	464	61.83	Grocery	Debit Card	0
9375	2/27/2023 16:51	354	11.74	Grocery	NetBanking	0
9376	2/27/2023 17:08	493	12.7	Restaurants	UPI	0
9377	2/27/2023 17:12	453	77	Utility Bills	Debit Card	0
9378	2/27/2023 17:13	439	110.59	Restaurants	UPI	0
9379	2/27/2023 17:13	208	18.95	Grocery	UPI	0
9380	2/27/2023 17:15	109	17.42	Restaurants	Debit Card	1
9381	2/27/2023 17:19	165	40.54	Utility Bills	Debit Card	0
9382	2/27/2023 17:26	308	36.99	Fashion	UPI	0
9383	2/27/2023 17:29	460	13.9	Grocery	UPI	0
9384	2/27/2023 17:30	72	77.37	Utility Bills	Debit Card	0
9385	2/27/2023 17:32	76	75.59	Electronics	Debit Card	0
9386	2/27/2023 17:33	295	16.3	Grocery	UPI	0
9387	2/27/2023 17:35	335	76.06	Grocery	UPI	0
9388	2/27/2023 17:36	201	47.91	Fashion	UPI	0
9389	2/27/2023 17:47	477	21.15	Fashion	UPI	0
9390	2/27/2023 17:51	145	146.43	Fuel	UPI	0
9391	2/27/2023 17:51	69	39.34	Medical	Debit Card	0
9392	2/27/2023 17:55	203	24.71	Fashion	UPI	0
9393	2/27/2023 17:56	251	35.81	Electronics	UPI	0
9394	2/27/2023 17:56	284	37.01	Medical	Debit Card	0
9395	2/27/2023 18:33	165	19.67	Electronics	UPI	0
9396	2/27/2023 18:34	73	37.84	Utility Bills	UPI	0
9397	2/27/2023 18:39	348	96.71	Medical	UPI	0
9398	2/27/2023 18:39	449	69.52	Fashion	UPI	0
9399	2/27/2023 18:48	298	28.3	Restaurants	UPI	0
9400	2/27/2023 18:48	231	22.33	Electronics	Credit Card	0
9401	2/27/2023 18:51	111	88.08	Grocery	UPI	0
9402	2/27/2023 19:01	322	10.11	Fuel	NetBanking	0
9403	2/27/2023 19:23	333	25.52	Fuel	UPI	0
9404	2/27/2023 19:25	241	37.6	Grocery	Debit Card	1
9405	2/27/2023 19:30	262	43.58	Utility Bills	Credit Card	0
9406	2/27/2023 19:42	349	18.63	Utility Bills	UPI	0
9407	2/27/2023 19:43	445	63.23	Utility Bills	UPI	0
9408	2/27/2023 19:44	187	28.22	Restaurants	Credit Card	0
9409	2/27/2023 19:49	45	10	Utility Bills	Debit Card	0
9410	2/27/2023 19:52	68	10	Grocery	NetBanking	0
9411	2/27/2023 19:53	400	49.01	Electronics	UPI	0
9412	2/27/2023 19:56	267	30.39	Electronics	UPI	0
9413	2/27/2023 20:12	279	17.3	Restaurants	Credit Card	0
9414	2/27/2023 20:22	81	30.86	Fuel	NetBanking	0
9415	2/27/2023 20:23	85	38.92	Travel	UPI	0
9416	2/27/2023 20:32	231	44.59	Utility Bills	UPI	0
9417	2/27/2023 20:37	130	76.5	Utility Bills	Debit Card	0
9418	2/27/2023 20:41	328	18.26	Electronics	Credit Card	0
9419	2/27/2023 20:46	488	77.44	Electronics	Credit Card	0
9420	2/27/2023 20:47	313	40.45	Grocery	Credit Card	0
9421	2/27/2023 20:48	41	87.69	Fashion	Debit Card	0
9422	2/27/2023 20:55	461	29.5	Grocery	UPI	0
9423	2/27/2023 20:58	403	34.48	Travel	Debit Card	0
9424	2/27/2023 20:58	494	52.26	Medical	UPI	0
9425	2/27/2023 20:59	94	37.91	Travel	Debit Card	0
9426	2/27/2023 21:02	402	28.7	Restaurants	UPI	0
9427	2/27/2023 21:04	9	39.39	Electronics	Debit Card	0
9428	2/27/2023 21:06	178	68.93	Fashion	UPI	0
9429	2/27/2023 21:08	9	40.61	Restaurants	Credit Card	0
9430	2/27/2023 21:12	332	39.67	Travel	UPI	0
9431	2/27/2023 21:17	67	372.28	Medical	UPI	0
9432	2/27/2023 21:25	471	47.97	Grocery	Credit Card	0
9433	2/27/2023 21:29	108	65.78	Grocery	UPI	0
9434	2/27/2023 21:30	471	47.67	Electronics	Debit Card	0
9435	2/27/2023 21:36	443	59.04	Utility Bills	Credit Card	0
9436	2/27/2023 21:37	52	47.29	Fuel	Debit Card	0
9437	2/27/2023 21:47	156	20.23	Grocery	UPI	0
9438	2/27/2023 21:50	15	59.31	Grocery	Debit Card	0
9439	2/27/2023 21:51	256	89.29	Medical	Credit Card	0
9440	2/28/2023 9:00	433	27.7	Medical	UPI	0
9441	2/28/2023 9:00	138	42.33	Utility Bills	UPI	0
9442	2/28/2023 9:01	403	58.46	Travel	Credit Card	0
9443	2/28/2023 9:02	366	101.9	Utility Bills	UPI	0
9444	2/28/2023 9:04	401	36.78	Fuel	NetBanking	0
9445	2/28/2023 9:19	298	30.92	Fashion	Debit Card	0
9446	2/28/2023 9:20	365	29.8	Fuel	UPI	0
9447	2/28/2023 9:23	133	31.08	Fashion	Debit Card	0
9448	2/28/2023 9:42	219	21.62	Grocery	Credit Card	0
9449	1/10/2023 14:28	110	68.97	Utility Bills	Debit Card	0
9450	2/28/2023 9:46	27	24.03	Medical	Credit Card	0
9451	2/28/2023 9:46	160	11.43	Utility Bills	UPI	0
9452	2/28/2023 9:52	96	26.16	Grocery	Debit Card	0
9453	2/28/2023 10:07	70	38.02	Medical	UPI	0
9454	2/28/2023 10:15	250	82.03	Travel	UPI	0
9455	2/28/2023 10:27	42	17.64	Restaurants	Credit Card	0
9456	2/28/2023 10:37	486	32.45	Medical	Credit Card	0
9457	2/28/2023 10:44	207	275.53	Restaurants	Debit Card	0
9458	2/14/2023 13:24	211	25.89	Grocery	Credit Card	0
9459	2/28/2023 10:45	173	76.1	Restaurants	UPI	0
9460	2/28/2023 10:52	173	12.71	Travel	Credit Card	0
9461	2/28/2023 10:55	131	20.57	Medical	Credit Card	0
9462	2/28/2023 11:01	313	143.85	Travel	Debit Card	0
9463	2/28/2023 11:07	2	41.28	Utility Bills	UPI	0
9464	2/28/2023 11:11	71	55.5	Restaurants	Credit Card	0
9465	2/28/2023 11:11	78	23.49	Medical	Credit Card	0
9466	2/28/2023 11:13	23	52.91	Fashion	UPI	0
9467	2/28/2023 11:15	250	51.4	Medical	UPI	0
9468	2/28/2023 11:16	193	35.55	Electronics	UPI	0
9469	2/28/2023 11:19	341	56.72	Electronics	Debit Card	0
9470	2/28/2023 11:31	147	104.7	Grocery	Credit Card	0
9471	2/28/2023 11:32	228	27.81	Restaurants	Credit Card	0
9472	2/28/2023 11:38	250	35.23	Electronics	Credit Card	0
9473	2/28/2023 11:42	126	34.66	Fashion	Credit Card	0
9474	2/28/2023 11:43	298	45.54	Grocery	Credit Card	0
9475	2/28/2023 11:44	456	34.33	Travel	Credit Card	0
9476	2/28/2023 11:48	26	22.9	Medical	Credit Card	0
9477	2/28/2023 12:06	213	12.65	Electronics	UPI	0
9478	2/28/2023 12:10	332	27.72	Grocery	Debit Card	0
9479	2/28/2023 12:17	437	31.64	Fuel	UPI	0
9480	2/28/2023 12:29	305	88.43	Electronics	UPI	0
9481	2/28/2023 12:35	298	62.04	Grocery	NetBanking	0
9482	1/14/2023 12:22	212	106.8	Utility Bills	Credit Card	0
9483	2/28/2023 12:53	435	29.44	Travel	Credit Card	1
9484	2/28/2023 12:58	49	54.21	Fuel	UPI	0
9485	2/28/2023 12:59	369	10	Grocery	UPI	0
9486	2/28/2023 13:02	470	111.29	Fashion	Credit Card	0
9487	2/28/2023 13:10	267	82.61	Travel	UPI	0
9488	2/28/2023 13:18	41	60.12	Fuel	UPI	0
9489	2/1/2023 11:46	63	54.04	Travel	Credit Card	0
9490	2/28/2023 13:30	491	46.43	Electronics	UPI	0
9491	2/28/2023 13:35	455	16.43	Utility Bills	Credit Card	0
9492	2/28/2023 13:38	306	72.07	Grocery	UPI	0
9493	2/28/2023 13:39	25	27.4	Utility Bills	Credit Card	0
9494	2/28/2023 13:41	208	44.15	Fashion	Debit Card	0
9495	2/28/2023 13:42	77	33.5	Medical	NetBanking	1
9496	2/28/2023 13:50	178	60.8	Grocery	UPI	0
9497	2/28/2023 14:11	242	19.28	Fuel	UPI	0
9498	2/28/2023 14:17	194	23.99	Utility Bills	NetBanking	0
9499	2/28/2023 14:22	410	34.76	Medical	Credit Card	0
9500	2/28/2023 14:31	459	58.86	Fashion	Debit Card	0
9501	2/28/2023 14:32	105	36.43	Fuel	UPI	0
9502	2/28/2023 14:34	262	54.75	Travel	Credit Card	0
9503	2/28/2023 14:41	334	79.64	Electronics	Debit Card	0
9504	2/28/2023 14:43	218	180.22	Grocery	UPI	0
9505	2/28/2023 14:45	277	53.24	Fashion	Credit Card	0
9506	2/28/2023 14:50	124	152.79	Fashion	Debit Card	0
9507	2/28/2023 14:52	327	75.95	Utility Bills	Debit Card	0
9508	2/28/2023 14:55	231	33.06	Utility Bills	Credit Card	0
9509	2/28/2023 14:56	48	50.56	Electronics	Credit Card	0
9510	2/28/2023 15:04	166	18.77	Fuel	UPI	0
9511	2/28/2023 15:04	37	144.8	Utility Bills	Debit Card	0
9512	2/28/2023 15:04	489	77.67	Medical	Credit Card	0
9513	2/28/2023 15:14	166	18.1	Restaurants	Credit Card	0
9514	2/28/2023 15:19	108	26.07	Restaurants	UPI	0
9515	2/28/2023 15:22	7	96.75	Fuel	Credit Card	0
9516	2/28/2023 15:26	319	78.2	Grocery	UPI	0
9517	2/28/2023 15:26	95	80.89	Utility Bills	Credit Card	0
9518	1/4/2023 21:40	71	46.57	Utility Bills	Debit Card	0
9519	2/28/2023 15:28	22	67.39	Utility Bills	UPI	0
9520	2/28/2023 15:31	359	29.75	Utility Bills	UPI	0
9521	2/28/2023 15:35	123	52.65	Fashion	Debit Card	0
9522	2/28/2023 15:38	366	46.91	Utility Bills	UPI	0
9523	2/28/2023 15:39	379	11.15	Fuel	UPI	0
9524	2/28/2023 15:45	488	30.67	Fashion	UPI	0
9525	2/28/2023 15:48	80	102.88	Electronics	UPI	0
9526	2/28/2023 15:50	208	47.2	Restaurants	Credit Card	0
9527	2/28/2023 15:54	14	38.2	Electronics	Credit Card	0
9528	2/28/2023 15:58	373	12.74	Fashion	UPI	0
9529	2/28/2023 16:24	30	161.05	Utility Bills	UPI	0
9530	2/28/2023 16:26	483	30.92	Utility Bills	Credit Card	0
9531	2/28/2023 16:26	68	12.99	Medical	NetBanking	0
9532	2/28/2023 16:33	233	18.34	Grocery	UPI	0
9533	2/28/2023 16:36	60	28.95	Restaurants	NetBanking	0
9534	2/28/2023 16:38	151	13.07	Medical	Debit Card	0
9535	2/28/2023 16:43	202	82.97	Grocery	UPI	0
9536	2/28/2023 16:44	284	93.3	Medical	Credit Card	0
9537	2/28/2023 16:47	423	12.87	Grocery	UPI	0
9538	2/28/2023 16:49	231	59.94	Medical	UPI	0
9539	2/28/2023 16:53	471	72.1	Grocery	Debit Card	0
9540	2/28/2023 17:01	178	39.78	Fashion	Debit Card	0
9541	2/28/2023 17:01	208	30.02	Fuel	Debit Card	0
9542	2/28/2023 17:02	332	35.04	Restaurants	NetBanking	0
9543	2/28/2023 17:08	108	41.25	Travel	Debit Card	0
9544	2/28/2023 17:08	494	73.64	Fuel	Credit Card	0
9545	2/28/2023 17:09	273	46.36	Utility Bills	UPI	0
9546	2/28/2023 17:09	395	24.17	Grocery	Credit Card	0
9547	2/28/2023 17:12	439	100.97	Restaurants	UPI	0
9548	2/28/2023 17:15	362	47.62	Utility Bills	Credit Card	0
9549	2/28/2023 17:16	9	48.51	Grocery	UPI	0
9550	2/28/2023 17:22	158	24.37	Travel	Debit Card	0
9551	2/28/2023 17:22	95	54.04	Fashion	UPI	0
9552	2/28/2023 17:26	7	56.99	Electronics	Credit Card	0
9553	2/28/2023 17:28	16	15.54	Fashion	Debit Card	0
9554	2/28/2023 17:32	387	80.4	Utility Bills	Debit Card	0
9555	2/28/2023 17:41	349	14.11	Medical	Debit Card	0
9556	2/28/2023 17:47	379	12.89	Electronics	NetBanking	0
9557	2/28/2023 17:49	380	22.46	Medical	UPI	0
9558	2/28/2023 17:52	161	41.31	Utility Bills	NetBanking	0
9559	2/28/2023 17:56	479	77.31	Utility Bills	NetBanking	0
9560	2/28/2023 17:57	208	66.4	Fashion	Credit Card	0
9561	2/28/2023 18:02	180	12.08	Travel	UPI	0
9562	2/28/2023 18:03	366	38.34	Fashion	UPI	0
9563	2/28/2023 18:03	72	67.71	Utility Bills	NetBanking	0
9564	2/28/2023 18:05	25	231.66	Travel	UPI	0
9565	2/28/2023 18:09	201	73.95	Restaurants	Debit Card	0
9566	2/28/2023 18:11	144	50.31	Grocery	UPI	0
9567	2/28/2023 18:15	145	37	Utility Bills	Debit Card	0
9568	2/28/2023 18:15	54	85.77	Grocery	UPI	0
9569	2/28/2023 18:21	190	14.17	Fuel	UPI	0
9570	2/28/2023 18:23	83	59.67	Travel	Credit Card	0
9571	2/28/2023 18:31	457	13.27	Electronics	Debit Card	0
9572	2/28/2023 18:42	289	46.58	Restaurants	UPI	0
9573	2/28/2023 18:51	494	40.44	Fuel	Credit Card	0
9574	2/28/2023 18:59	373	43.5	Grocery	UPI	0
9575	2/28/2023 19:02	320	23.2	Fashion	Credit Card	0
9576	2/28/2023 19:06	432	39.23	Grocery	Credit Card	0
9577	2/28/2023 19:09	139	11.15	Fuel	UPI	0
9578	2/28/2023 19:12	349	203.8	Travel	Debit Card	0
9579	2/28/2023 19:13	275	112.73	Restaurants	NetBanking	0
9580	2/28/2023 19:26	314	169.06	Grocery	Credit Card	0
9581	2/28/2023 19:36	243	60.16	Grocery	Credit Card	0
9582	2/28/2023 19:48	369	20.07	Utility Bills	Credit Card	0
9583	2/28/2023 19:49	290	33.03	Medical	UPI	0
9584	2/28/2023 19:52	205	10.53	Grocery	UPI	0
9585	2/28/2023 19:54	231	10	Fuel	Credit Card	0
9586	2/28/2023 19:54	432	120.09	Electronics	UPI	0
9587	2/28/2023 19:55	224	34.21	Grocery	Credit Card	0
9588	2/28/2023 19:57	165	23.24	Fashion	Credit Card	0
9589	2/28/2023 20:09	69	57.97	Electronics	UPI	0
9590	2/28/2023 20:14	420	111.41	Grocery	UPI	0
9591	2/28/2023 20:16	439	35.97	Travel	UPI	0
9592	2/28/2023 20:17	494	81.29	Fuel	UPI	0
9593	2/28/2023 20:17	32	92.43	Medical	UPI	0
9594	2/28/2023 20:20	181	19.48	Medical	Credit Card	0
9595	2/28/2023 20:22	327	27.4	Fuel	Credit Card	0
9596	2/28/2023 20:24	42	10	Restaurants	Credit Card	0
9597	2/28/2023 20:30	145	34.6	Utility Bills	Debit Card	0
9598	2/28/2023 20:35	403	22.2	Medical	UPI	0
9599	2/28/2023 20:38	90	12.36	Medical	UPI	0
9600	2/28/2023 20:40	145	31.11	Utility Bills	UPI	0
9601	2/28/2023 20:45	431	17.24	Restaurants	NetBanking	0
9602	2/28/2023 20:46	256	56.28	Electronics	UPI	0
9603	2/28/2023 20:48	300	57.54	Utility Bills	Debit Card	0
9604	2/28/2023 20:51	202	20.67	Restaurants	Credit Card	0
9605	2/28/2023 20:51	262	38.62	Electronics	UPI	0
9606	2/28/2023 20:54	235	96.49	Travel	Debit Card	0
9607	2/28/2023 20:55	108	44.08	Medical	UPI	0
9608	2/28/2023 20:58	383	50.99	Grocery	UPI	0
9609	2/28/2023 20:59	166	20.55	Medical	Credit Card	0
9610	2/28/2023 21:01	145	54.12	Medical	UPI	0
9611	2/28/2023 21:03	273	28.55	Fashion	UPI	0
9612	2/28/2023 21:19	284	26.58	Utility Bills	Credit Card	0
9613	2/28/2023 21:22	111	137.28	Fuel	UPI	0
9614	2/28/2023 21:22	446	76.08	Utility Bills	Credit Card	0
9615	2/28/2023 21:27	145	43.38	Grocery	Credit Card	0
9616	2/28/2023 21:41	181	52.56	Utility Bills	Debit Card	0
9617	2/28/2023 21:44	178	90.75	Grocery	UPI	0
9618	2/28/2023 21:45	285	23.1	Restaurants	NetBanking	0
9619	2/28/2023 21:52	314	51.18	Grocery	UPI	0
9620	3/1/2023 9:00	282	87.6	Medical	UPI	0
9621	3/1/2023 9:02	467	170.84	Grocery	UPI	0
9622	3/1/2023 9:03	187	52.33	Electronics	Debit Card	0
9623	3/1/2023 9:04	184	47.94	Restaurants	UPI	0
9624	3/1/2023 9:13	454	214.14	Utility Bills	UPI	0
9625	3/1/2023 9:13	48	32.72	Medical	NetBanking	0
9626	3/1/2023 9:14	322	21.85	Electronics	Credit Card	0
9627	3/1/2023 9:15	284	52.52	Fuel	NetBanking	0
9628	3/1/2023 9:16	263	17.57	Electronics	Debit Card	0
9629	3/1/2023 9:16	174	45.18	Travel	UPI	0
9630	3/1/2023 9:16	452	11.44	Fuel	UPI	0
9631	3/1/2023 9:18	70	86.29	Grocery	Credit Card	0
9632	3/1/2023 9:20	386	35.5	Grocery	NetBanking	0
9633	3/1/2023 9:22	443	147.62	Travel	UPI	0
9634	3/1/2023 9:31	286	12.66	Fashion	UPI	0
9635	3/1/2023 9:31	304	106.15	Restaurants	Debit Card	0
9636	3/1/2023 9:32	210	37.85	Grocery	UPI	0
9637	3/1/2023 9:36	409	20.54	Fashion	UPI	0
9638	3/1/2023 9:38	323	18.13	Utility Bills	UPI	0
9639	3/1/2023 9:39	102	49	Fashion	Credit Card	0
9640	3/1/2023 9:39	165	55.18	Grocery	UPI	0
9641	3/1/2023 9:40	169	17.16	Utility Bills	UPI	0
9642	3/1/2023 9:44	89	79.72	Electronics	UPI	0
9643	3/1/2023 9:45	332	45.2	Restaurants	NetBanking	0
9644	3/1/2023 9:46	30	11.46	Fuel	UPI	0
9645	3/1/2023 9:46	124	14.69	Fuel	UPI	0
9646	3/1/2023 9:50	23	31.78	Fuel	UPI	0
9647	3/1/2023 9:54	304	39.05	Restaurants	UPI	0
9648	3/1/2023 9:56	399	15.7	Electronics	UPI	0
9649	3/1/2023 10:02	197	24.39	Fuel	NetBanking	0
9650	3/1/2023 10:07	148	13.28	Electronics	UPI	0
9651	3/1/2023 10:14	48	61.45	Fashion	UPI	0
9652	3/1/2023 10:15	162	52.45	Grocery	Credit Card	0
9653	3/1/2023 10:22	290	66.09	Medical	Credit Card	0
9654	3/1/2023 10:25	253	24.79	Medical	Debit Card	0
9655	3/1/2023 10:27	341	48.62	Electronics	Debit Card	0
9656	3/1/2023 10:29	335	21.97	Grocery	UPI	0
9657	3/1/2023 10:46	365	138.41	Fashion	NetBanking	0
9658	3/1/2023 10:48	432	40.53	Fuel	UPI	0
9659	3/1/2023 10:49	23	16	Grocery	Credit Card	0
9660	3/1/2023 10:49	269	46.02	Restaurants	Credit Card	0
9661	3/1/2023 10:55	96	11.33	Utility Bills	NetBanking	0
9662	3/1/2023 10:58	48	23.19	Fuel	UPI	0
9663	3/1/2023 10:59	482	12.68	Electronics	Debit Card	0
9664	3/1/2023 11:04	218	109.52	Fashion	UPI	0
9665	3/1/2023 11:05	292	13.3	Utility Bills	Debit Card	0
9666	3/1/2023 11:05	387	11.14	Electronics	NetBanking	0
9667	3/1/2023 11:05	361	66.45	Electronics	UPI	0
9668	3/1/2023 11:09	310	37.31	Fashion	UPI	0
9669	3/1/2023 11:10	373	38.43	Fuel	Debit Card	0
9670	3/1/2023 11:12	231	85.71	Grocery	Credit Card	0
9671	3/1/2023 11:12	402	33.38	Grocery	UPI	0
9672	3/1/2023 11:12	174	20.08	Electronics	UPI	0
9673	3/1/2023 11:13	349	19.8	Utility Bills	Debit Card	0
9674	3/1/2023 11:17	205	45.16	Grocery	UPI	0
9675	3/1/2023 11:20	30	23.34	Medical	Credit Card	1
9676	3/1/2023 11:20	147	41.88	Grocery	UPI	0
9677	3/1/2023 11:21	60	20.29	Fuel	Debit Card	0
9678	3/1/2023 11:21	278	22.06	Electronics	NetBanking	0
9679	3/1/2023 11:24	49	28.02	Medical	NetBanking	0
9680	3/1/2023 11:24	233	82.21	Fashion	Debit Card	0
9681	3/1/2023 11:25	302	10	Utility Bills	UPI	0
9682	3/1/2023 11:30	251	28.92	Restaurants	UPI	0
9683	3/1/2023 11:31	256	87.19	Restaurants	UPI	0
9684	3/1/2023 11:32	145	76.4	Utility Bills	Credit Card	0
9685	3/1/2023 11:33	137	46.92	Electronics	NetBanking	0
9686	3/1/2023 11:34	119	10.43	Utility Bills	Debit Card	0
9687	3/1/2023 11:34	312	12.78	Utility Bills	Debit Card	0
9688	3/1/2023 11:35	250	15.09	Grocery	Debit Card	0
9689	3/1/2023 11:40	285	10	Grocery	Credit Card	0
9690	3/1/2023 11:45	131	15.54	Electronics	UPI	0
9691	3/1/2023 11:53	263	105.35	Medical	Debit Card	0
9692	3/1/2023 11:53	81	169.83	Restaurants	Credit Card	0
9693	3/1/2023 11:57	287	59.89	Grocery	UPI	0
9694	3/1/2023 11:59	437	25.78	Medical	NetBanking	0
9695	3/1/2023 12:02	317	91.72	Fuel	UPI	0
9696	3/1/2023 12:02	148	124.58	Fashion	UPI	0
9697	3/1/2023 12:04	210	19.92	Fashion	Debit Card	0
9698	3/1/2023 12:06	88	10	Fuel	Credit Card	0
9699	3/1/2023 12:10	435	161.67	Grocery	UPI	0
9700	3/1/2023 12:12	147	46.07	Grocery	Debit Card	0
9701	3/1/2023 12:20	376	12.49	Electronics	UPI	0
9702	3/1/2023 12:23	133	17.17	Restaurants	UPI	0
9703	3/1/2023 12:25	437	69.42	Restaurants	Credit Card	0
9704	3/1/2023 12:29	142	31.27	Grocery	Credit Card	0
9705	3/1/2023 12:31	285	15.81	Medical	Credit Card	0
9706	3/1/2023 12:35	111	35.45	Grocery	Credit Card	0
9707	3/1/2023 12:38	81	159.02	Travel	Credit Card	0
9708	3/1/2023 12:39	367	14.11	Restaurants	Debit Card	0
9709	3/1/2023 12:41	98	35.4	Restaurants	Credit Card	0
9710	3/1/2023 12:45	332	95.31	Fashion	NetBanking	0
9711	3/1/2023 12:46	144	317.86	Grocery	Credit Card	0
9712	3/1/2023 12:50	458	43.13	Travel	UPI	0
9713	3/1/2023 12:55	273	32.71	Fashion	UPI	0
9714	3/1/2023 12:57	208	19.06	Travel	NetBanking	0
9715	3/1/2023 12:57	313	23.05	Fuel	Credit Card	0
9716	3/1/2023 12:59	491	13.98	Restaurants	UPI	0
9717	3/1/2023 13:06	15	30.08	Grocery	NetBanking	0
9718	3/1/2023 13:07	217	19.97	Utility Bills	Credit Card	0
9719	3/1/2023 13:07	96	14.73	Grocery	UPI	0
9720	3/1/2023 13:07	349	37.47	Medical	UPI	0
9721	3/1/2023 13:13	369	19.57	Utility Bills	Debit Card	0
9722	3/1/2023 13:14	409	68.89	Grocery	Debit Card	0
9723	3/1/2023 13:17	79	47.31	Grocery	Credit Card	0
9724	3/1/2023 13:20	134	22.36	Restaurants	NetBanking	0
9725	3/1/2023 13:20	298	13.06	Electronics	UPI	0
9726	3/1/2023 13:24	481	41.72	Electronics	NetBanking	0
9727	3/1/2023 13:24	432	64.84	Restaurants	Debit Card	0
9728	3/1/2023 13:27	484	20.4	Fashion	Debit Card	0
9729	3/1/2023 13:32	51	10.82	Fuel	NetBanking	0
9730	3/1/2023 13:32	258	17.19	Fuel	UPI	0
9731	3/1/2023 13:35	403	57.86	Restaurants	Credit Card	0
9732	3/1/2023 13:38	148	28.67	Restaurants	NetBanking	0
9733	3/1/2023 13:49	302	18.82	Medical	UPI	0
9734	3/1/2023 13:52	181	25.64	Travel	Credit Card	0
9735	2/1/2023 12:11	63	327.59	Fashion	Debit Card	0
9736	3/1/2023 13:55	13	26.29	Travel	Debit Card	1
9737	3/1/2023 14:07	231	63.35	Grocery	UPI	0
9738	3/1/2023 14:08	148	20.88	Restaurants	Debit Card	0
9739	3/1/2023 14:09	208	68.58	Fashion	Credit Card	0
9740	3/1/2023 14:11	17	10.65	Fuel	UPI	0
9741	3/1/2023 14:12	296	11.61	Restaurants	UPI	0
9742	3/1/2023 14:13	262	64.74	Utility Bills	NetBanking	0
9743	3/1/2023 14:15	25	138.68	Electronics	Debit Card	0
9744	3/1/2023 14:16	424	17.67	Medical	Credit Card	0
9745	3/1/2023 14:17	262	49.06	Restaurants	UPI	0
9746	3/1/2023 14:17	291	76.69	Grocery	UPI	0
9747	3/1/2023 14:18	160	10	Grocery	Debit Card	0
9748	3/1/2023 14:29	231	103.68	Fuel	UPI	0
9749	3/1/2023 14:31	484	42.74	Fashion	UPI	0
9750	3/1/2023 14:32	89	18.64	Electronics	UPI	0
9751	3/1/2023 14:33	285	24.55	Fuel	UPI	0
9752	3/1/2023 14:38	20	13.46	Grocery	Debit Card	0
9753	3/1/2023 14:39	387	27.86	Electronics	UPI	0
9754	3/1/2023 14:40	304	30.15	Grocery	Debit Card	0
9755	3/1/2023 14:42	426	48.91	Fashion	UPI	0
9756	3/1/2023 14:44	165	42.73	Fuel	UPI	0
9757	3/1/2023 14:45	247	40.04	Fashion	Credit Card	0
9758	3/1/2023 14:46	144	75.74	Grocery	UPI	0
9759	3/1/2023 14:51	437	12.32	Medical	UPI	0
9760	3/1/2023 14:54	9	58.8	Fuel	UPI	0
9761	3/1/2023 14:57	369	28.54	Grocery	UPI	0
9762	3/1/2023 15:00	275	64.79	Fashion	NetBanking	0
9763	3/1/2023 15:00	142	31.46	Grocery	Debit Card	0
9764	3/1/2023 15:01	197	16.76	Grocery	Debit Card	0
9765	3/1/2023 15:01	424	15.61	Fashion	UPI	0
9766	3/1/2023 15:01	63	71.53	Fuel	UPI	0
9767	3/1/2023 15:03	452	37.24	Restaurants	NetBanking	0
9768	3/1/2023 15:03	165	51.89	Restaurants	Debit Card	0
9769	3/1/2023 15:05	254	78.76	Fashion	UPI	0
9770	3/1/2023 15:11	85	18.37	Restaurants	Debit Card	0
9771	3/1/2023 15:12	7	90.96	Grocery	Credit Card	0
9772	3/1/2023 15:12	66	24.52	Electronics	UPI	0
9773	3/1/2023 15:12	276	37.3	Electronics	UPI	0
9774	3/1/2023 15:17	403	30.41	Utility Bills	NetBanking	0
9775	3/1/2023 15:24	373	80.97	Electronics	NetBanking	0
9776	3/1/2023 15:25	93	32.67	Fuel	UPI	0
9777	3/1/2023 15:28	183	30.1	Electronics	NetBanking	0
9778	3/1/2023 15:31	25	40.76	Grocery	UPI	0
9779	3/1/2023 15:31	148	55.67	Restaurants	UPI	0
9780	3/1/2023 15:32	90	31.56	Utility Bills	Credit Card	0
9781	2/8/2023 9:58	95	12.95	Utility Bills	Debit Card	0
9782	3/1/2023 15:37	28	109.92	Utility Bills	Credit Card	0
9783	3/1/2023 15:37	359	76.17	Medical	UPI	0
9784	3/1/2023 15:38	305	19.02	Grocery	UPI	0
9785	3/1/2023 15:41	231	59.9	Utility Bills	UPI	0
9786	3/1/2023 15:41	64	149.05	Travel	UPI	0
9787	3/1/2023 15:48	320	57.51	Restaurants	Debit Card	0
9788	3/1/2023 15:50	373	12.33	Restaurants	UPI	0
9789	3/1/2023 15:50	349	51.81	Travel	NetBanking	0
9790	3/1/2023 15:51	295	28.42	Travel	NetBanking	0
9791	3/1/2023 15:52	494	25.83	Restaurants	UPI	0
9792	3/1/2023 15:54	154	56.51	Utility Bills	Credit Card	0
9793	3/1/2023 15:59	406	28.03	Fashion	NetBanking	0
9794	3/1/2023 16:01	150	97.8	Fashion	UPI	0
9795	3/1/2023 16:01	337	36.17	Medical	Credit Card	0
9796	3/1/2023 16:03	142	64.18	Fuel	UPI	0
9797	1/4/2023 21:48	71	12.69	Utility Bills	UPI	0
9798	3/1/2023 16:10	71	90.08	Fashion	Debit Card	0
9799	3/1/2023 16:15	161	24.99	Restaurants	UPI	0
9800	3/1/2023 16:15	450	19.56	Fuel	Debit Card	0
9801	3/1/2023 16:18	87	23.78	Fashion	UPI	0
9802	3/1/2023 16:19	304	13.68	Grocery	UPI	0
9803	3/1/2023 16:20	108	55.16	Fuel	Debit Card	0
9804	3/1/2023 16:22	240	33.03	Medical	Credit Card	0
9805	3/1/2023 16:22	404	14.71	Electronics	Credit Card	0
9806	3/1/2023 16:23	189	68.62	Travel	UPI	0
9807	3/1/2023 16:29	180	70.57	Utility Bills	Credit Card	0
9808	1/5/2023 11:57	107	72.89	Medical	NetBanking	0
9809	3/1/2023 16:34	58	10.74	Fashion	Debit Card	0
9810	3/1/2023 16:35	96	10	Restaurants	UPI	0
9811	3/1/2023 16:35	87	42.22	Travel	NetBanking	0
9812	3/1/2023 16:36	261	41.19	Travel	Credit Card	0
9813	3/1/2023 16:36	12	28.27	Medical	Credit Card	0
9814	3/1/2023 16:37	58	27.1	Fashion	UPI	1
9815	3/1/2023 16:38	187	10.11	Fuel	Debit Card	0
9816	3/1/2023 16:39	203	60.78	Utility Bills	UPI	0
9817	3/1/2023 16:41	142	30.5	Electronics	UPI	0
9818	1/5/2023 11:58	107	26.35	Fashion	UPI	0
9819	3/1/2023 16:45	200	119.23	Fashion	UPI	0
9820	3/1/2023 16:48	372	168.03	Utility Bills	Debit Card	0
9821	3/1/2023 16:50	89	56.09	Grocery	NetBanking	0
9822	3/1/2023 16:52	224	28.55	Electronics	Credit Card	0
9823	3/1/2023 17:03	289	12.94	Electronics	NetBanking	0
9824	3/1/2023 17:04	78	36.82	Electronics	UPI	0
9825	3/1/2023 17:06	293	40.73	Medical	Credit Card	0
9826	3/1/2023 17:08	292	48.49	Grocery	Debit Card	0
9827	3/1/2023 17:10	169	609.04	Utility Bills	Credit Card	0
9828	3/1/2023 17:12	441	102.62	Utility Bills	UPI	0
9829	3/1/2023 17:16	205	12.35	Utility Bills	Credit Card	0
9830	3/1/2023 17:16	320	101.16	Fashion	Debit Card	0
9831	3/1/2023 17:17	486	80.46	Utility Bills	Credit Card	0
9832	3/1/2023 17:18	32	24.77	Restaurants	Credit Card	0
9833	3/1/2023 17:18	269	71.51	Medical	Debit Card	0
9834	3/1/2023 17:19	285	10.67	Grocery	Debit Card	0
9835	3/1/2023 17:20	277	10.98	Fuel	UPI	0
9836	3/1/2023 17:21	393	43.39	Fashion	UPI	0
9837	3/1/2023 17:22	233	54.05	Utility Bills	Credit Card	0
9838	3/1/2023 17:23	40	33.5	Utility Bills	Debit Card	0
9839	3/1/2023 17:24	187	68.37	Utility Bills	UPI	0
9840	3/1/2023 17:24	484	35.86	Fashion	Credit Card	0
9841	3/1/2023 17:25	462	38.66	Electronics	Debit Card	0
9842	3/1/2023 17:25	199	432.05	Travel	NetBanking	0
9843	3/1/2023 17:25	477	63.97	Grocery	UPI	0
9844	3/1/2023 17:26	362	22.03	Fashion	UPI	0
9845	3/1/2023 17:28	302	18.56	Restaurants	UPI	0
9846	3/1/2023 17:30	34	43.92	Electronics	Credit Card	0
9847	3/1/2023 17:31	138	24.98	Grocery	UPI	0
9848	3/1/2023 17:32	349	253.89	Fashion	Credit Card	0
9849	3/1/2023 17:37	106	108.83	Fuel	NetBanking	0
9850	3/1/2023 17:41	224	42.67	Travel	UPI	1
9851	3/1/2023 17:42	205	28.26	Fashion	NetBanking	0
9852	3/1/2023 17:44	108	12.04	Restaurants	Debit Card	0
9853	3/1/2023 17:45	37	61.78	Grocery	Credit Card	0
9854	3/1/2023 17:55	393	62.5	Utility Bills	Credit Card	0
9855	3/1/2023 18:00	282	117.27	Restaurants	Credit Card	0
9856	3/1/2023 18:00	238	23.03	Utility Bills	Debit Card	0
9857	3/1/2023 18:01	240	39.82	Restaurants	UPI	0
9858	3/1/2023 18:02	273	126.37	Fashion	UPI	0
9859	3/1/2023 18:03	72	41.51	Fuel	UPI	0
9860	3/1/2023 18:06	379	59.84	Fuel	UPI	0
9861	3/1/2023 18:07	247	94.83	Electronics	UPI	0
9862	3/1/2023 18:10	315	19.87	Electronics	Debit Card	0
9863	3/1/2023 18:11	39	122.76	Utility Bills	UPI	0
9864	3/1/2023 18:13	166	65.27	Fuel	Credit Card	0
9865	3/1/2023 18:13	492	48.69	Restaurants	UPI	0
9866	3/1/2023 18:13	484	42.87	Fashion	Debit Card	0
9867	3/1/2023 18:16	292	10.9	Restaurants	UPI	0
9868	3/1/2023 18:16	89	17.82	Restaurants	UPI	0
9869	3/1/2023 18:16	124	55.52	Grocery	Debit Card	0
9870	3/1/2023 18:17	96	98.33	Travel	Debit Card	0
9871	3/1/2023 18:18	85	84.71	Electronics	Debit Card	0
9872	3/1/2023 18:20	161	100.69	Fashion	Credit Card	0
9873	3/1/2023 18:25	240	41.45	Grocery	UPI	0
9874	3/1/2023 18:28	463	13.03	Restaurants	UPI	0
9875	3/1/2023 18:28	292	11.63	Electronics	Credit Card	0
9876	3/1/2023 18:29	81	45.16	Fuel	NetBanking	0
9877	3/1/2023 18:29	333	77.54	Electronics	UPI	0
9878	3/1/2023 18:30	147	20.74	Fashion	Debit Card	0
9879	3/1/2023 18:36	148	21.44	Utility Bills	Debit Card	0
9880	3/1/2023 18:41	107	23.7	Fuel	UPI	0
9881	3/1/2023 18:44	302	104.63	Medical	UPI	0
9882	3/1/2023 18:45	347	106.29	Travel	NetBanking	0
9883	3/1/2023 18:47	459	57.18	Fuel	NetBanking	0
9884	3/1/2023 18:48	220	11.46	Grocery	UPI	0
9885	3/1/2023 18:48	258	99.38	Fashion	UPI	0
9886	3/1/2023 18:49	213	55.03	Grocery	UPI	0
9887	3/1/2023 18:49	247	12.26	Fashion	Credit Card	0
9888	3/1/2023 18:50	262	44.3	Fuel	Debit Card	0
9889	3/1/2023 18:51	456	65.73	Electronics	Debit Card	0
9890	3/1/2023 18:52	274	98.81	Restaurants	Credit Card	0
9891	3/1/2023 18:54	208	30.32	Fashion	UPI	0
9892	3/1/2023 18:54	461	46.41	Restaurants	UPI	0
9893	3/1/2023 18:55	273	30.57	Electronics	UPI	0
9894	3/1/2023 18:58	260	13.17	Medical	Debit Card	0
9895	3/1/2023 19:01	109	14.96	Travel	UPI	0
9896	3/1/2023 19:02	115	67.8	Medical	Credit Card	0
9897	3/1/2023 19:05	429	69.37	Medical	NetBanking	0
9898	3/1/2023 19:07	250	15.32	Electronics	Debit Card	0
9899	3/1/2023 19:08	116	29.11	Grocery	Debit Card	0
9900	3/1/2023 19:09	231	14.91	Restaurants	NetBanking	0
9901	3/1/2023 19:13	382	135.57	Electronics	UPI	0
9902	3/1/2023 19:15	321	17.91	Electronics	Credit Card	0
9903	3/1/2023 19:18	98	21.42	Fuel	UPI	0
9904	3/1/2023 19:18	481	74.13	Grocery	UPI	0
9905	3/1/2023 19:21	430	20.08	Utility Bills	UPI	0
9906	3/1/2023 19:21	219	43.11	Fashion	Credit Card	0
9907	3/1/2023 19:23	130	21.9	Fuel	UPI	0
9908	3/1/2023 19:23	345	62.25	Medical	UPI	0
9909	3/1/2023 19:24	428	10	Utility Bills	UPI	0
9910	3/1/2023 19:24	139	43.34	Restaurants	Debit Card	0
9911	3/1/2023 19:25	444	19.11	Grocery	UPI	0
9912	3/1/2023 19:25	408	49.29	Utility Bills	UPI	0
9913	3/1/2023 19:27	124	12.88	Fashion	UPI	0
9914	3/1/2023 19:29	296	15.72	Fashion	NetBanking	0
9915	3/1/2023 19:29	153	54.56	Utility Bills	Credit Card	0
9916	3/1/2023 19:34	421	13.37	Fashion	UPI	0
9917	3/1/2023 19:41	85	12.84	Fuel	UPI	0
9918	3/1/2023 19:42	150	46.68	Fashion	Credit Card	0
9919	3/1/2023 19:42	147	117.5	Utility Bills	UPI	0
9920	3/1/2023 19:45	168	76.91	Fashion	Debit Card	0
9921	3/1/2023 19:46	145	35.18	Electronics	NetBanking	0
9922	3/1/2023 19:47	133	30.44	Fuel	UPI	0
9923	3/1/2023 19:48	240	81.58	Electronics	UPI	0
9924	3/1/2023 19:48	98	51.53	Utility Bills	Credit Card	0
9925	3/1/2023 19:51	482	48.08	Medical	UPI	0
9926	3/1/2023 19:52	305	32.99	Utility Bills	NetBanking	0
9927	3/1/2023 19:53	192	16.89	Fuel	UPI	0
9928	3/1/2023 19:54	72	24.11	Travel	UPI	0
9929	3/1/2023 19:54	108	11.66	Utility Bills	Credit Card	0
9930	3/1/2023 20:00	147	70.59	Fashion	UPI	0
9931	3/1/2023 20:00	467	50.88	Medical	UPI	0
9932	3/1/2023 20:02	341	17.47	Fashion	Debit Card	0
9933	3/1/2023 20:02	470	66.47	Restaurants	UPI	0
9934	3/1/2023 20:08	20	10	Grocery	Debit Card	0
9935	3/1/2023 20:08	203	24.06	Travel	UPI	0
9936	3/1/2023 20:10	296	33.31	Travel	UPI	0
9937	3/1/2023 20:10	327	277.64	Fashion	Debit Card	0
9938	3/1/2023 20:11	60	43.04	Fuel	Credit Card	0
9939	3/1/2023 20:11	404	28.05	Travel	Debit Card	0
9940	3/1/2023 20:14	107	66.18	Electronics	UPI	0
9941	1/5/2023 12:13	496	214.12	Electronics	UPI	1
9942	3/1/2023 20:16	51	80.77	Travel	Credit Card	0
9943	3/1/2023 20:16	261	126.24	Fuel	Credit Card	0
9944	3/1/2023 20:18	467	13.42	Medical	Credit Card	0
9945	3/1/2023 20:18	404	101.57	Utility Bills	Credit Card	0
9946	3/1/2023 20:22	187	15.14	Fashion	Credit Card	0
9947	3/1/2023 20:22	147	33.67	Medical	UPI	0
9948	3/1/2023 20:22	222	25.3	Fuel	UPI	0
9949	3/1/2023 20:25	102	39.23	Restaurants	UPI	0
9950	3/1/2023 20:32	417	41.23	Fuel	NetBanking	0
9951	3/1/2023 20:34	305	67.43	Fuel	UPI	0
9952	3/1/2023 20:35	369	10.19	Utility Bills	UPI	0
9953	3/1/2023 20:37	401	24.2	Fashion	UPI	0
9954	3/1/2023 20:39	30	57.56	Utility Bills	UPI	0
9955	3/1/2023 20:40	245	34.56	Fuel	Credit Card	0
9956	3/1/2023 20:46	492	21.56	Fashion	NetBanking	0
9957	3/1/2023 20:47	432	77.82	Travel	UPI	0
9958	3/1/2023 20:49	108	38.32	Grocery	UPI	0
9959	3/1/2023 20:52	358	59.82	Grocery	Debit Card	0
9960	3/1/2023 20:53	94	26.2	Grocery	UPI	0
9961	3/1/2023 20:56	5	17.18	Utility Bills	NetBanking	0
9962	3/1/2023 20:59	212	44	Fuel	Debit Card	0
9963	3/1/2023 21:01	58	71.85	Utility Bills	Credit Card	0
9964	3/1/2023 21:02	9	53.74	Grocery	Debit Card	0
9965	3/1/2023 21:03	351	101.74	Restaurants	Credit Card	0
9966	3/1/2023 21:04	302	71.61	Medical	UPI	0
9967	3/1/2023 21:05	292	10	Grocery	UPI	0
9968	3/1/2023 21:05	247	33.8	Utility Bills	NetBanking	0
9969	3/1/2023 21:05	108	61.19	Utility Bills	Debit Card	0
9970	3/1/2023 21:08	361	10	Fuel	UPI	0
9971	3/1/2023 21:09	372	57.36	Fashion	UPI	0
9972	2/28/2023 18:28	83	35.89	Grocery	Credit Card	0
9973	3/1/2023 21:12	213	21.55	Utility Bills	Credit Card	0
9974	3/1/2023 21:13	130	15.29	Utility Bills	Debit Card	0
9975	3/1/2023 21:13	20	24.54	Fashion	UPI	0
9976	3/1/2023 21:14	320	13.94	Medical	Credit Card	0
9977	3/1/2023 21:15	23	26.8	Restaurants	Credit Card	0
9978	3/1/2023 21:15	179	109.2	Fashion	UPI	0
9979	3/1/2023 21:17	405	20.94	Restaurants	NetBanking	0
9980	3/1/2023 21:19	9	129.91	Grocery	Debit Card	0
9981	3/1/2023 21:20	453	29.25	Grocery	UPI	0
9982	3/1/2023 21:22	240	13.97	Grocery	UPI	0
9983	3/1/2023 21:22	42	62.77	Fashion	Debit Card	0
9984	3/1/2023 21:23	139	42.66	Medical	Credit Card	0
9985	3/1/2023 21:24	330	24.69	Grocery	UPI	0
9986	3/1/2023 21:26	205	195.65	Medical	Debit Card	0
9987	3/1/2023 21:35	440	100.48	Travel	NetBanking	0
9988	3/1/2023 21:35	171	80.15	Restaurants	UPI	0
9989	3/1/2023 21:38	228	13.26	Restaurants	UPI	0
9990	2/14/2023 13:51	211	26.05	Fuel	Credit Card	0
9991	3/1/2023 21:43	107	19.99	Electronics	Debit Card	0
9992	3/1/2023 21:44	407	23.95	Fuel	Credit Card	0
9993	3/1/2023 21:49	491	144.57	Travel	Credit Card	0
9994	3/1/2023 21:50	446	112.6	Fashion	Debit Card	0
9995	3/1/2023 21:50	173	67.89	Grocery	Debit Card	0
9996	3/1/2023 21:51	210	38.17	Travel	UPI	0
9997	3/1/2023 21:51	151	18.68	Grocery	UPI	0
9998	3/1/2023 21:53	37	26.9	Fuel	Credit Card	0
9999	3/1/2023 21:55	250	10.91	Fashion	Debit Card	0
10000	3/1/2023 21:57	147	67.96	Utility Bills	Debit Card	0
